# serial capture start 2026-08-20 11:13:33.748
# port=/dev/cu.usbserial-14220 baud=74880 filter=factory-reset
2026-08-20 11:13:39.424 | ESP-ROM:esp32c2-eco4-20240515
2026-08-20 11:13:39.424 | Build:May 15 2024
2026-08-20 11:13:39.424 | rst:0x1 (POWERON),boot:0xc (SPI_FAST_FLASH_BOOT)
2026-08-20 11:13:39.424 | SPIWP:0xee
2026-08-20 11:13:39.424 | mode:DIO, clock div:1
2026-08-20 11:13:39.424 | load:0x3fcd5d00,len:0x1428
2026-08-20 11:13:39.424 | load:0x403acb70,len:0x8ec
2026-08-20 11:13:39.424 | load:0x403aeb70,len:0x31d8
2026-08-20 11:13:39.424 | entry 0x403acb70
2026-08-20 11:13:39.826 | zero_code_product: enter main: 376 ms
2026-08-20 11:13:39.826 | zero_code_product: Current Free Memory: 129680, Minimum Ever Free Size: 129680, Largest Free Block: 120832
2026-08-20 11:13:39.826 | zero_code_utils: Reboot count: 1, reset reason: 1
2026-08-20 11:13:39.827 | light_matter: restore done: 523 ms
2026-08-20 11:13:39.827 | zero_code_core: Current Free Memory: 94380, Minimum Ever Free Size: 94380, Largest Free Block: 83968
2026-08-20 11:13:39.827 | zero_code_utils: Chip: esp32c2
2026-08-20 11:13:39.827 | zero_code_utils: Software Version: 1.4.0
2026-08-20 11:13:39.963 | zero_code_utils: Software Version Number: 10040000
2026-08-20 11:13:39.963 | zero_code_utils: Software Version Suffix: 875
2026-08-20 11:13:39.963 | zero_code_utils: Firmware Type: Evaluation
2026-08-20 11:13:39.963 | zero_code_utils: MAC: 58:2a:bd:38:1f:f4
2026-08-20 11:13:39.963 | zero_code_utils: RainMaker Node ID: e99a1c09-7c0a-4572-90df-8c5d4f6582e1
2026-08-20 11:13:39.963 | zero_code_utils: Matter Serial Number: e99a1c097c0a457290df8c5d4f6582e1
2026-08-20 11:13:39.963 | zero_code_utils: Firmware partition offset: 0x10000
2026-08-20 11:13:40.436 | zero_code_utils: Product Config: {"config_version":3,"pre_driver":[{"type":"ezc.pre_driver.power_management","enable_light_sleep":true,"max_freq_mhz":160,"min_freq_mhz":10}],"driver":[{"id":1000,"type":"ezc.driver.led","name":"pwm","lighting_config":{"enable_gradient":true,"enable_memory":false,"enable_lowpower":false,"sync_change_brightness":true,"disable_auto_on":true,"beads_comb":3,"fades_ms":800},"pwm_config":{"pwm_hz":4000,"temperature_mode":0,"gpio_red":-1,"gpio_green":-1,"gpio_blue":-1,"gpio_cold_or_cct":5,"gpio_warm_or_brightness":4},"hardware_config":{"white_min":10,"white_max":100,"white_power_max":100,"rgb_min":10,"rgb_max":100,"rgb_power_max":300},"gamma_config":{"enable_gamma_adjust":true,"gamma_red":100,"gamma_green":100,"gamma_blue":100,"gamma_cold":100,"gamma_warm":100,"curve_coe":1}}],"product_common":[{"type":"ezc.product_common.indicator","subtype":0,"driver":{"output":1000},"events":[{"name":"setup_mode_start","mode":"breathe","speed":2000,"color_select":2,"cct":50,"min_brightness":20,"max_brightness":100,"total_ms":0,"interrupt_forbidden":true},{"name":"setup_started","mode":"breathe","speed":1000,"color_select":2,"cct":50,"min_brightness":20,"max_brightness":100,"total_ms":0},{"name":"setup_successful","mode":"restore"},{"name":"setup_failed","mode":"solid","color_select":2,"cct":10,"max_brightness":100},{"name":"identification_start","mode":"blink","speed":1000,"color_select":2,"cct":50,"min_brightness":20,"max_brightness":100,"total_ms":0},{"name":"identification_stop","mode":"restore"},{"name":"identification_blink","mode":"blink","speed":1000,"color_select":2,"cct":50,"min_brightness":20,"max_brightness":100,"total_ms":1000},{"name":"identification_breathe","mode":"breathe","speed":1000,"color_select":2,"cct":50,"min_brightness":20,"max_brightness":100,"total_ms":15000},{"name":"identification_okay","mode":"blink","speed":2000,"color_select":2,"cct":50,"min_brightness":20,"max_brightness":100,"total_ms":1000},{"name":"identification_channel_change","mode":"blink","speed":16000,"color_select":2,"cct":50,"min_brightness":20,"max_brightness":100,"total_ms":8000},{"name":"identification_finish_effect","mode":"restore"},{"name":"identification_stop_effect","mode":"restore"}]},{"type":"ezc.product_common.factory_reset","subtype":1,"count":3,"auto_trigger":true}],"product":[{"type":"ezc.product.light","subtype":3,"driver":{"output":1000},"data_model":{"power_default":1,"power_bootup":-1,"level_default":50,"level_bootup":-1,"color_mode_default":1,"color_mode_bootup":-1,"temperature_default":4000,"temperature_bootup":-1,"temperature_minimum_default":2200,"temperature_maximum_default":7000}}],"test_mode":[{"type":"ezc.test_mode.common","subtype":1},{"type":"ezc.test_mode.ble","subtype":1},{"type":"ezc.test_mode.light","subtype":1},{"type":"ezc.test_mode.light","subtype":2},{"type":"ezc.test_mode.light","subtype":3}]}
2026-08-20 11:13:40.437 | After freeing product config: Current Free Memory: 103620, Minimum Ever Free Size: 94296, Largest Free Block: 83968
2026-08-20 11:13:41.245 | matter_one_core: Current Free Memory: 31056, Minimum Ever Free Size: 29520, Largest Free Block: 22016
2026-08-20 11:13:41.246 | chan:1,max_power:80
2026-08-20 11:13:41.246 | chan:2,max_power:80
2026-08-20 11:13:41.246 | chan:3,max_power:80
2026-08-20 11:13:41.246 | chan:4,max_power:80
2026-08-20 11:13:41.246 | chan:5,max_power:80
2026-08-20 11:13:41.246 | chan:6,max_power:80
2026-08-20 11:13:41.246 | chan:7,max_power:80
2026-08-20 11:13:41.246 | chan:8,max_power:80
2026-08-20 11:13:41.246 | chan:9,max_power:80
2026-08-20 11:13:41.246 | chan:10,max_power:80
2026-08-20 11:13:41.246 | chan:11,max_power:80
2026-08-20 11:13:41.246 | chan:12,max_power:80
2026-08-20 11:13:41.246 | chan:13,max_power:80
2026-08-20 11:13:41.246 | chan:14,max_power:80
2026-08-20 11:13:42.052 | matter_one_core: Current Free Memory: 29036, Minimum Ever Free Size: 28964, Largest Free Block: 19968
2026-08-20 11:13:42.053 | matter_one_core: Current Free Memory: 29200, Minimum Ever Free Size: 28964, Largest Free Block: 19968
2026-08-20 11:13:42.053 | matter_one_core: Current Free Memory: 33760, Minimum Ever Free Size: 28964, Largest Free Block: 19968
2026-08-20 11:13:42.053 | After CORE TYPE START: Current Free Memory: 50532, Minimum Ever Free Size: 28964, Largest Free Block: 19968
2026-08-20 11:13:42.053 | zero_code_product: Current Free Memory: 50532, Minimum Ever Free Size: 28964, Largest Free Block: 19968
2026-08-20 11:13:43.269 | chan:1,max_power:80
2026-08-20 11:13:43.270 | chan:2,max_power:80
2026-08-20 11:13:43.270 | chan:3,max_power:80
2026-08-20 11:13:43.270 | chan:4,max_power:80
2026-08-20 11:13:43.270 | chan:5,max_power:80
2026-08-20 11:13:43.270 | chan:6,max_power:80
2026-08-20 11:13:43.270 | chan:7,max_power:80
2026-08-20 11:13:43.270 | chan:8,max_power:80
2026-08-20 11:13:43.270 | chan:9,max_power:80
2026-08-20 11:13:43.270 | chan:10,max_power:80
2026-08-20 11:13:43.270 | chan:11,max_power:80
2026-08-20 11:13:43.270 | chan:12,max_power:80
2026-08-20 11:13:43.270 | chan:13,max_power:80
2026-08-20 11:13:43.270 | chan:14,max_power:80
2026-08-20 11:13:43.474 | matter_one_core: Current Free Memory: 60028, Minimum Ever Free Size: 28964, Largest Free Block: 22016
2026-08-20 11:13:43.474 | chan:1,max_power:80
2026-08-20 11:13:43.474 | chan:2,max_power:80
2026-08-20 11:13:43.474 | chan:3,max_power:80
2026-08-20 11:13:43.474 | chan:4,max_power:80
2026-08-20 11:13:43.475 | chan:5,max_power:80
2026-08-20 11:13:43.475 | chan:6,max_power:80
2026-08-20 11:13:43.475 | chan:7,max_power:80
2026-08-20 11:13:43.475 | chan:8,max_power:80
2026-08-20 11:13:43.475 | chan:9,max_power:80
2026-08-20 11:13:43.475 | chan:10,max_power:80
2026-08-20 11:13:43.475 | chan:11,max_power:80
2026-08-20 11:13:43.475 | chan:12,max_power:80
2026-08-20 11:13:43.475 | chan:13,max_power:80
2026-08-20 11:13:43.475 | chan:14,max_power:80
2026-08-20 11:13:44.088 | matter_one_core: Current Free Memory: 69900, Minimum Ever Free Size: 38968, Largest Free Block: 22016
2026-08-20 11:13:44.905 | zero_code_utils: Resetting reboot count
2026-08-20 11:13:44.905 | zero_code_utils: Current Free Memory: 69908, Minimum Ever Free Size: 37272, Largest Free Block: 22016
2026-08-20 11:13:45.918 | chan:1,max_power:80
2026-08-20 11:13:45.919 | chan:2,max_power:80
2026-08-20 11:13:45.919 | chan:3,max_power:80
2026-08-20 11:13:45.919 | chan:4,max_power:80
2026-08-20 11:13:45.919 | chan:5,max_power:80
2026-08-20 11:13:45.919 | chan:6,max_power:80
2026-08-20 11:13:45.919 | chan:7,max_power:80
2026-08-20 11:13:45.919 | chan:8,max_power:80
2026-08-20 11:13:45.919 | chan:9,max_power:80
2026-08-20 11:13:45.919 | chan:10,max_power:80
2026-08-20 11:13:45.920 | chan:11,max_power:80
2026-08-20 11:13:45.920 | chan:12,max_power:80
2026-08-20 11:13:45.920 | chan:13,max_power:80
2026-08-20 11:13:45.920 | chan:14,max_power:80
2026-08-20 11:13:45.920 | matter_one_core: Current Free Memory: 70192, Minimum Ever Free Size: 37272, Largest Free Block: 22016
2026-08-20 11:13:45.920 | chan:1,max_power:80
2026-08-20 11:13:45.920 | chan:2,max_power:80
2026-08-20 11:13:45.920 | chan:3,max_power:80
2026-08-20 11:13:45.920 | chan:4,max_power:80
2026-08-20 11:13:46.124 | chan:5,max_power:80
2026-08-20 11:13:46.124 | chan:6,max_power:80
2026-08-20 11:13:46.125 | chan:7,max_power:80
2026-08-20 11:13:46.125 | chan:8,max_power:80
2026-08-20 11:13:46.125 | chan:9,max_power:80
2026-08-20 11:13:46.125 | chan:10,max_power:80
2026-08-20 11:13:46.125 | chan:11,max_power:80
2026-08-20 11:13:46.125 | chan:12,max_power:80
2026-08-20 11:13:46.125 | chan:13,max_power:80
2026-08-20 11:13:46.125 | chan:14,max_power:80
2026-08-20 11:13:47.142 | chan:1,max_power:80
2026-08-20 11:13:47.142 | chan:2,max_power:80
2026-08-20 11:13:47.142 | chan:3,max_power:80
2026-08-20 11:13:47.142 | chan:4,max_power:80
2026-08-20 11:13:47.142 | chan:5,max_power:80
2026-08-20 11:13:47.142 | chan:6,max_power:80
2026-08-20 11:13:47.142 | chan:7,max_power:80
2026-08-20 11:13:47.142 | chan:8,max_power:80
2026-08-20 11:13:47.142 | chan:9,max_power:80
2026-08-20 11:13:47.143 | chan:10,max_power:80
2026-08-20 11:13:47.143 | chan:11,max_power:80
2026-08-20 11:13:47.143 | chan:12,max_power:80
2026-08-20 11:13:47.143 | chan:13,max_power:80
2026-08-20 11:13:47.143 | chan:14,max_power:80
2026-08-20 11:13:47.143 | matter_one_core: Current Free Memory: 69280, Minimum Ever Free Size: 33928, Largest Free Block: 22016
2026-08-20 11:13:47.344 | matter_one_core: Current Free Memory: 69280, Minimum Ever Free Size: 33928, Largest Free Block: 22016
2026-08-20 11:13:48.360 | matter_one_core: Current Free Memory: 68876, Minimum Ever Free Size: 33928, Largest Free Block: 22016
2026-08-20 11:13:48.360 | matter_one_core: Current Free Memory: 68840, Minimum Ever Free Size: 33928, Largest Free Block: 22016
2026-08-20 11:13:48.360 | matter_one_core: Current Free Memory: 63804, Minimum Ever Free Size: 29308, Largest Free Block: 22016
2026-08-20 11:13:48.563 | matter_one_core: Current Free Memory: 64688, Minimum Ever Free Size: 29308, Largest Free Block: 22016
2026-08-20 11:13:51.819 | ESP-ROM:esp32c2-eco4-20240515
2026-08-20 11:13:51.819 | Build:May 15 2024
2026-08-20 11:13:51.819 | rst:0x1 (POWERON),boot:0xc (SPI_FAST_FLASH_BOOT)
2026-08-20 11:13:51.819 | SPIWP:0xee
2026-08-20 11:13:51.819 | mode:DIO, clock div:1
2026-08-20 11:13:51.819 | load:0x3fcd5d00,len:0x1428
2026-08-20 11:13:51.819 | load:0x403acb70,len:0x8ec
2026-08-20 11:13:51.819 | load:0x403aeb70,len:0x31d8
2026-08-20 11:13:51.819 | entry 0x403acb70
2026-08-20 11:13:52.228 | zero_code_product: enter main: 376 ms
2026-08-20 11:13:52.229 | zero_code_product: Current Free Memory: 129680, Minimum Ever Free Size: 129680, Largest Free Block: 120832
2026-08-20 11:13:52.229 | zero_code_utils: Reboot count: 1, reset reason: 1
2026-08-20 11:13:52.374 | light_matter: restore done: 523 ms
2026-08-20 11:13:52.375 | zero_code_core: Current Free Memory: 94380, Minimum Ever Free Size: 94380, Largest Free Block: 83968
2026-08-20 11:13:52.375 | zero_code_utils: Chip: esp32c2
2026-08-20 11:13:52.375 | zero_code_utils: Software Version: 1.4.0
2026-08-20 11:13:52.375 | zero_code_utils: Software Version Number: 10040000
2026-08-20 11:13:52.375 | zero_code_utils: Software Version Suffix: 875
2026-08-20 11:13:52.375 | zero_code_utils: Firmware Type: Evaluation
2026-08-20 11:13:52.375 | zero_code_utils: MAC: 58:2a:bd:38:1f:f4
2026-08-20 11:13:52.375 | zero_code_utils: RainMaker Node ID: e99a1c09-7c0a-4572-90df-8c5d4f6582e1
2026-08-20 11:13:52.375 | zero_code_utils: Matter Serial Number: e99a1c097c0a457290df8c5d4f6582e1
2026-08-20 11:13:52.376 | zero_code_utils: Firmware partition offset: 0x10000
2026-08-20 11:13:52.852 | zero_code_utils: Product Config: {"config_version":3,"pre_driver":[{"type":"ezc.pre_driver.power_management","enable_light_sleep":true,"max_freq_mhz":160,"min_freq_mhz":10}],"driver":[{"id":1000,"type":"ezc.driver.led","name":"pwm","lighting_config":{"enable_gradient":true,"enable_memory":false,"enable_lowpower":false,"sync_change_brightness":true,"disable_auto_on":true,"beads_comb":3,"fades_ms":800},"pwm_config":{"pwm_hz":4000,"temperature_mode":0,"gpio_red":-1,"gpio_green":-1,"gpio_blue":-1,"gpio_cold_or_cct":5,"gpio_warm_or_brightness":4},"hardware_config":{"white_min":10,"white_max":100,"white_power_max":100,"rgb_min":10,"rgb_max":100,"rgb_power_max":300},"gamma_config":{"enable_gamma_adjust":true,"gamma_red":100,"gamma_green":100,"gamma_blue":100,"gamma_cold":100,"gamma_warm":100,"curve_coe":1}}],"product_common":[{"type":"ezc.product_common.indicator","subtype":0,"driver":{"output":1000},"events":[{"name":"setup_mode_start","mode":"breathe","speed":2000,"color_select":2,"cct":50,"min_brightness":20,"max_brightness":100,"total_ms":0,"interrupt_forbidden":true},{"name":"setup_started","mode":"breathe","speed":1000,"color_select":2,"cct":50,"min_brightness":20,"max_brightness":100,"total_ms":0},{"name":"setup_successful","mode":"restore"},{"name":"setup_failed","mode":"solid","color_select":2,"cct":10,"max_brightness":100},{"name":"identification_start","mode":"blink","speed":1000,"color_select":2,"cct":50,"min_brightness":20,"max_brightness":100,"total_ms":0},{"name":"identification_stop","mode":"restore"},{"name":"identification_blink","mode":"blink","speed":1000,"color_select":2,"cct":50,"min_brightness":20,"max_brightness":100,"total_ms":1000},{"name":"identification_breathe","mode":"breathe","speed":1000,"color_select":2,"cct":50,"min_brightness":20,"max_brightness":100,"total_ms":15000},{"name":"identification_okay","mode":"blink","speed":2000,"color_select":2,"cct":50,"min_brightness":20,"max_brightness":100,"total_ms":1000},{"name":"identification_channel_change","mode":"blink","speed":16000,"color_select":2,"cct":50,"min_brightness":20,"max_brightness":100,"total_ms":8000},{"name":"identification_finish_effect","mode":"restore"},{"name":"identification_stop_effect","mode":"restore"}]},{"type":"ezc.product_common.factory_reset","subtype":1,"count":3,"auto_trigger":true}],"product":[{"type":"ezc.product.light","subtype":3,"driver":{"output":1000},"data_model":{"power_default":1,"power_bootup":-1,"level_default":50,"level_bootup":-1,"color_mode_default":1,"color_mode_bootup":-1,"temperature_default":4000,"temperature_bootup":-1,"temperature_minimum_default":2200,"temperature_maximum_default":7000}}],"test_mode":[{"type":"ezc.test_mode.common","subtype":1},{"type":"ezc.test_mode.ble","subtype":1},{"type":"ezc.test_mode.light","subtype":1},{"type":"ezc.test_mode.light","subtype":2},{"type":"ezc.test_mode.light","subtype":3}]}
2026-08-20 11:13:52.853 | After freeing product config: Current Free Memory: 103620, Minimum Ever Free Size: 94296, Largest Free Block: 83968
2026-08-20 11:13:54.270 | matter_one_core: Current Free Memory: 29308, Minimum Ever Free Size: 27772, Largest Free Block: 20480
2026-08-20 11:13:54.270 | chan:1,max_power:80
2026-08-20 11:13:54.270 | chan:2,max_power:80
2026-08-20 11:13:54.270 | chan:3,max_power:80
2026-08-20 11:13:54.270 | chan:4,max_power:80
2026-08-20 11:13:54.473 | chan:5,max_power:80
2026-08-20 11:13:54.473 | chan:6,max_power:80
2026-08-20 11:13:54.473 | chan:7,max_power:80
2026-08-20 11:13:54.473 | chan:8,max_power:80
2026-08-20 11:13:54.473 | chan:9,max_power:80
2026-08-20 11:13:54.473 | chan:10,max_power:80
2026-08-20 11:13:54.473 | chan:11,max_power:80
2026-08-20 11:13:54.473 | chan:12,max_power:80
2026-08-20 11:13:54.474 | chan:13,max_power:80
2026-08-20 11:13:54.474 | chan:14,max_power:80
2026-08-20 11:13:54.474 | matter_one_core: Current Free Memory: 29308, Minimum Ever Free Size: 27772, Largest Free Block: 20480
2026-08-20 11:13:54.474 | matter_one_core: Current Free Memory: 29224, Minimum Ever Free Size: 27772, Largest Free Block: 20480
2026-08-20 11:13:54.474 | matter_one_core: Current Free Memory: 50644, Minimum Ever Free Size: 27772, Largest Free Block: 20480
2026-08-20 11:13:54.474 | After CORE TYPE START: Current Free Memory: 50556, Minimum Ever Free Size: 27772, Largest Free Block: 20480
2026-08-20 11:13:54.474 | zero_code_product: Current Free Memory: 50556, Minimum Ever Free Size: 27772, Largest Free Block: 20480
2026-08-20 11:13:57.320 | ESP-ROM:esp32c2-eco4-20240515
2026-08-20 11:13:57.320 | Build:May 15 2024
2026-08-20 11:13:57.320 | rst:0x1 (POWERON),boot:0xc (SPI_FAST_FLASH_BOOT)
2026-08-20 11:13:57.320 | SPIWP:0xee
2026-08-20 11:13:57.320 | mode:DIO, clock div:1
2026-08-20 11:13:57.320 | load:0x3fcd5d00,len:0x1428
2026-08-20 11:13:57.320 | load:0x403acb70,len:0x8ec
2026-08-20 11:13:57.320 | load:0x403aeb70,len:0x31d8
2026-08-20 11:13:57.321 | entry 0x403acb70
2026-08-20 11:13:57.728 | zero_code_product: enter main: 376 ms
2026-08-20 11:13:57.729 | zero_code_product: Current Free Memory: 129680, Minimum Ever Free Size: 129680, Largest Free Block: 120832
2026-08-20 11:13:57.729 | zero_code_utils: Reboot count: 2, reset reason: 1
2026-08-20 11:13:57.861 | light_matter: restore done: 523 ms
2026-08-20 11:13:57.861 | zero_code_core: Current Free Memory: 94380, Minimum Ever Free Size: 94380, Largest Free Block: 83968
2026-08-20 11:13:57.861 | zero_code_utils: Chip: esp32c2
2026-08-20 11:13:57.861 | zero_code_utils: Software Version: 1.4.0
2026-08-20 11:13:57.862 | zero_code_utils: Software Version Number: 10040000
2026-08-20 11:13:57.862 | zero_code_utils: Software Version Suffix: 875
2026-08-20 11:13:57.862 | zero_code_utils: Firmware Type: Evaluation
2026-08-20 11:13:57.862 | zero_code_utils: MAC: 58:2a:bd:38:1f:f4
2026-08-20 11:13:57.862 | zero_code_utils: RainMaker Node ID: e99a1c09-7c0a-4572-90df-8c5d4f6582e1
2026-08-20 11:13:57.862 | zero_code_utils: Matter Serial Number: e99a1c097c0a457290df8c5d4f6582e1
2026-08-20 11:13:57.862 | zero_code_utils: Firmware partition offset: 0x10000
2026-08-20 11:13:58.339 | zero_code_utils: Product Config: {"config_version":3,"pre_driver":[{"type":"ezc.pre_driver.power_management","enable_light_sleep":true,"max_freq_mhz":160,"min_freq_mhz":10}],"driver":[{"id":1000,"type":"ezc.driver.led","name":"pwm","lighting_config":{"enable_gradient":true,"enable_memory":false,"enable_lowpower":false,"sync_change_brightness":true,"disable_auto_on":true,"beads_comb":3,"fades_ms":800},"pwm_config":{"pwm_hz":4000,"temperature_mode":0,"gpio_red":-1,"gpio_green":-1,"gpio_blue":-1,"gpio_cold_or_cct":5,"gpio_warm_or_brightness":4},"hardware_config":{"white_min":10,"white_max":100,"white_power_max":100,"rgb_min":10,"rgb_max":100,"rgb_power_max":300},"gamma_config":{"enable_gamma_adjust":true,"gamma_red":100,"gamma_green":100,"gamma_blue":100,"gamma_cold":100,"gamma_warm":100,"curve_coe":1}}],"product_common":[{"type":"ezc.product_common.indicator","subtype":0,"driver":{"output":1000},"events":[{"name":"setup_mode_start","mode":"breathe","speed":2000,"color_select":2,"cct":50,"min_brightness":20,"max_brightness":100,"total_ms":0,"interrupt_forbidden":true},{"name":"setup_started","mode":"breathe","speed":1000,"color_select":2,"cct":50,"min_brightness":20,"max_brightness":100,"total_ms":0},{"name":"setup_successful","mode":"restore"},{"name":"setup_failed","mode":"solid","color_select":2,"cct":10,"max_brightness":100},{"name":"identification_start","mode":"blink","speed":1000,"color_select":2,"cct":50,"min_brightness":20,"max_brightness":100,"total_ms":0},{"name":"identification_stop","mode":"restore"},{"name":"identification_blink","mode":"blink","speed":1000,"color_select":2,"cct":50,"min_brightness":20,"max_brightness":100,"total_ms":1000},{"name":"identification_breathe","mode":"breathe","speed":1000,"color_select":2,"cct":50,"min_brightness":20,"max_brightness":100,"total_ms":15000},{"name":"identification_okay","mode":"blink","speed":2000,"color_select":2,"cct":50,"min_brightness":20,"max_brightness":100,"total_ms":1000},{"name":"identification_channel_change","mode":"blink","speed":16000,"color_select":2,"cct":50,"min_brightness":20,"max_brightness":100,"total_ms":8000},{"name":"identification_finish_effect","mode":"restore"},{"name":"identification_stop_effect","mode":"restore"}]},{"type":"ezc.product_common.factory_reset","subtype":1,"count":3,"auto_trigger":true}],"product":[{"type":"ezc.product.light","subtype":3,"driver":{"output":1000},"data_model":{"power_default":1,"power_bootup":-1,"level_default":50,"level_bootup":-1,"color_mode_default":1,"color_mode_bootup":-1,"temperature_default":4000,"temperature_bootup":-1,"temperature_minimum_default":2200,"temperature_maximum_default":7000}}],"test_mode":[{"type":"ezc.test_mode.common","subtype":1},{"type":"ezc.test_mode.ble","subtype":1},{"type":"ezc.test_mode.light","subtype":1},{"type":"ezc.test_mode.light","subtype":2},{"type":"ezc.test_mode.light","subtype":3}]}
2026-08-20 11:13:58.340 | After freeing product config: Current Free Memory: 103620, Minimum Ever Free Size: 94296, Largest Free Block: 83968
2026-08-20 11:13:59.152 | matter_one_core: Current Free Memory: 32052, Minimum Ever Free Size: 30516, Largest Free Block: 23040
2026-08-20 11:13:59.152 | chan:1,max_power:80
2026-08-20 11:13:59.152 | chan:2,max_power:80
2026-08-20 11:13:59.153 | chan:3,max_power:80
2026-08-20 11:13:59.153 | chan:4,max_power:80
2026-08-20 11:13:59.153 | chan:5,max_power:80
2026-08-20 11:13:59.153 | chan:6,max_power:80
2026-08-20 11:13:59.153 | chan:7,max_power:80
2026-08-20 11:13:59.153 | chan:8,max_power:80
2026-08-20 11:13:59.153 | chan:9,max_power:80
2026-08-20 11:13:59.153 | chan:10,max_power:80
2026-08-20 11:13:59.153 | chan:11,max_power:80
2026-08-20 11:13:59.153 | chan:12,max_power:80
2026-08-20 11:13:59.153 | chan:13,max_power:80
2026-08-20 11:13:59.153 | chan:14,max_power:80
2026-08-20 11:13:59.153 | matter_one_core: Current Free Memory: 32052, Minimum Ever Free Size: 30516, Largest Free Block: 23040
2026-08-20 11:13:59.153 | matter_one_core: Current Free Memory: 31968, Minimum Ever Free Size: 30516, Largest Free Block: 23040
2026-08-20 11:13:59.153 | matter_one_core: Current Free Memory: 53388, Minimum Ever Free Size: 30516, Largest Free Block: 23040
2026-08-20 11:13:59.153 | After CORE TYPE START: Current Free Memory: 53300, Minimum Ever Free Size: 30516, Largest Free Block: 23040
2026-08-20 11:13:59.153 | zero_code_product: Current Free Memory: 53300, Minimum Ever Free Size: 30516, Largest Free Block: 23040
2026-08-20 11:14:01.182 | matter_one_core: Current Free Memory: 70252, Minimum Ever Free Size: 40520, Largest Free Block: 23040
2026-08-20 11:14:01.383 | chan:1,max_power:80
2026-08-20 11:14:01.383 | chan:2,max_power:80
2026-08-20 11:14:01.384 | chan:3,max_power:80
2026-08-20 11:14:01.384 | chan:4,max_power:80
2026-08-20 11:14:01.384 | chan:5,max_power:80
2026-08-20 11:14:01.384 | chan:6,max_power:80
2026-08-20 11:14:01.384 | chan:7,max_power:80
2026-08-20 11:14:01.384 | chan:8,max_power:80
2026-08-20 11:14:01.384 | chan:9,max_power:80
2026-08-20 11:14:01.384 | chan:10,max_power:80
2026-08-20 11:14:01.384 | chan:11,max_power:80
2026-08-20 11:14:01.384 | chan:12,max_power:80
2026-08-20 11:14:01.384 | chan:13,max_power:80
2026-08-20 11:14:01.384 | chan:14,max_power:80
2026-08-20 11:14:01.384 | matter_one_core: Current Free Memory: 70312, Minimum Ever Free Size: 40376, Largest Free Block: 23040
2026-08-20 11:14:01.385 | chan:1,max_power:80
2026-08-20 11:14:01.385 | chan:2,max_power:80
2026-08-20 11:14:01.385 | chan:3,max_power:80
2026-08-20 11:14:01.385 | chan:4,max_power:80
2026-08-20 11:14:01.385 | chan:5,max_power:80
2026-08-20 11:14:01.385 | chan:6,max_power:80
2026-08-20 11:14:01.385 | chan:7,max_power:80
2026-08-20 11:14:01.385 | chan:8,max_power:80
2026-08-20 11:14:01.385 | chan:9,max_power:80
2026-08-20 11:14:01.385 | chan:10,max_power:80
2026-08-20 11:14:01.385 | chan:11,max_power:80
2026-08-20 11:14:01.385 | chan:12,max_power:80
2026-08-20 11:14:01.385 | chan:13,max_power:80
2026-08-20 11:14:01.385 | chan:14,max_power:80
2026-08-20 11:14:03.212 | ESP-ROM:esp32c2-eco4-20240515
2026-08-20 11:14:03.212 | Build:May 15 2024
2026-08-20 11:14:03.212 | rst:0x1 (POWERON),boot:0xc (SPI_FAST_FLASH_BOOT)
2026-08-20 11:14:03.213 | SPIWP:0xee
2026-08-20 11:14:03.213 | mode:DIO, clock div:1
2026-08-20 11:14:03.213 | load:0x3fcd5d00,len:0x1428
2026-08-20 11:14:03.213 | load:0x403acb70,len:0x8ec
2026-08-20 11:14:03.213 | load:0x403aeb70,len:0x31d8
2026-08-20 11:14:03.213 | entry 0x403acb70
2026-08-20 11:14:03.619 | zero_code_product: enter main: 376 ms
2026-08-20 11:14:03.619 | zero_code_product: Current Free Memory: 129680, Minimum Ever Free Size: 129680, Largest Free Block: 120832
2026-08-20 11:14:03.620 | zero_code_utils: Reboot count: 3, reset reason: 1
2026-08-20 11:14:03.754 | light_matter: restore done: 523 ms
2026-08-20 11:14:03.754 | zero_code_core: Current Free Memory: 94336, Minimum Ever Free Size: 94336, Largest Free Block: 83968
2026-08-20 11:14:03.754 | zero_code_utils: Chip: esp32c2
2026-08-20 11:14:03.755 | zero_code_utils: Software Version: 1.4.0
2026-08-20 11:14:03.755 | zero_code_utils: Software Version Number: 10040000
2026-08-20 11:14:03.755 | zero_code_utils: Software Version Suffix: 875
2026-08-20 11:14:03.755 | zero_code_utils: Firmware Type: Evaluation
2026-08-20 11:14:03.755 | zero_code_utils: MAC: 58:2a:bd:38:1f:f4
2026-08-20 11:14:03.755 | zero_code_utils: RainMaker Node ID: e99a1c09-7c0a-4572-90df-8c5d4f6582e1
2026-08-20 11:14:03.755 | zero_code_utils: Matter Serial Number: e99a1c097c0a457290df8c5d4f6582e1
2026-08-20 11:14:03.755 | zero_code_utils: Firmware partition offset: 0x10000
2026-08-20 11:14:04.232 | zero_code_utils: Product Config: {"config_version":3,"pre_driver":[{"type":"ezc.pre_driver.power_management","enable_light_sleep":true,"max_freq_mhz":160,"min_freq_mhz":10}],"driver":[{"id":1000,"type":"ezc.driver.led","name":"pwm","lighting_config":{"enable_gradient":true,"enable_memory":false,"enable_lowpower":false,"sync_change_brightness":true,"disable_auto_on":true,"beads_comb":3,"fades_ms":800},"pwm_config":{"pwm_hz":4000,"temperature_mode":0,"gpio_red":-1,"gpio_green":-1,"gpio_blue":-1,"gpio_cold_or_cct":5,"gpio_warm_or_brightness":4},"hardware_config":{"white_min":10,"white_max":100,"white_power_max":100,"rgb_min":10,"rgb_max":100,"rgb_power_max":300},"gamma_config":{"enable_gamma_adjust":true,"gamma_red":100,"gamma_green":100,"gamma_blue":100,"gamma_cold":100,"gamma_warm":100,"curve_coe":1}}],"product_common":[{"type":"ezc.product_common.indicator","subtype":0,"driver":{"output":1000},"events":[{"name":"setup_mode_start","mode":"breathe","speed":2000,"color_select":2,"cct":50,"min_brightness":20,"max_brightness":100,"total_ms":0,"interrupt_forbidden":true},{"name":"setup_started","mode":"breathe","speed":1000,"color_select":2,"cct":50,"min_brightness":20,"max_brightness":100,"total_ms":0},{"name":"setup_successful","mode":"restore"},{"name":"setup_failed","mode":"solid","color_select":2,"cct":10,"max_brightness":100},{"name":"identification_start","mode":"blink","speed":1000,"color_select":2,"cct":50,"min_brightness":20,"max_brightness":100,"total_ms":0},{"name":"identification_stop","mode":"restore"},{"name":"identification_blink","mode":"blink","speed":1000,"color_select":2,"cct":50,"min_brightness":20,"max_brightness":100,"total_ms":1000},{"name":"identification_breathe","mode":"breathe","speed":1000,"color_select":2,"cct":50,"min_brightness":20,"max_brightness":100,"total_ms":15000},{"name":"identification_okay","mode":"blink","speed":2000,"color_select":2,"cct":50,"min_brightness":20,"max_brightness":100,"total_ms":1000},{"name":"identification_channel_change","mode":"blink","speed":16000,"color_select":2,"cct":50,"min_brightness":20,"max_brightness":100,"total_ms":8000},{"name":"identification_finish_effect","mode":"restore"},{"name":"identification_stop_effect","mode":"restore"}]},{"type":"ezc.product_common.factory_reset","subtype":1,"count":3,"auto_trigger":true}],"product":[{"type":"ezc.product.light","subtype":3,"driver":{"output":1000},"data_model":{"power_default":1,"power_bootup":-1,"level_default":50,"level_bootup":-1,"color_mode_default":1,"color_mode_bootup":-1,"temperature_default":4000,"temperature_bootup":-1,"temperature_minimum_default":2200,"temperature_maximum_default":7000}}],"test_mode":[{"type":"ezc.test_mode.common","subtype":1},{"type":"ezc.test_mode.ble","subtype":1},{"type":"ezc.test_mode.light","subtype":1},{"type":"ezc.test_mode.light","subtype":2},{"type":"ezc.test_mode.light","subtype":3}]}
2026-08-20 11:14:04.233 | After freeing product config: Current Free Memory: 103576, Minimum Ever Free Size: 94252, Largest Free Block: 83968
2026-08-20 11:14:05.049 | matter_one_core: Current Free Memory: 30580, Minimum Ever Free Size: 29044, Largest Free Block: 21504
2026-08-20 11:14:05.049 | chan:1,max_power:80
2026-08-20 11:14:05.049 | chan:2,max_power:80
2026-08-20 11:14:05.049 | chan:3,max_power:80
2026-08-20 11:14:05.049 | chan:4,max_power:80
2026-08-20 11:14:05.049 | chan:5,max_power:80
2026-08-20 11:14:05.049 | chan:6,max_power:80
2026-08-20 11:14:05.049 | chan:7,max_power:80
2026-08-20 11:14:05.049 | chan:8,max_power:80
2026-08-20 11:14:05.049 | chan:9,max_power:80
2026-08-20 11:14:05.049 | chan:10,max_power:80
2026-08-20 11:14:05.050 | chan:11,max_power:80
2026-08-20 11:14:05.050 | chan:12,max_power:80
2026-08-20 11:14:05.050 | chan:13,max_power:80
2026-08-20 11:14:05.050 | chan:14,max_power:80
2026-08-20 11:14:05.862 | matter_one_core: Current Free Memory: 28960, Minimum Ever Free Size: 28888, Largest Free Block: 19456
2026-08-20 11:14:05.862 | matter_one_core: Current Free Memory: 28912, Minimum Ever Free Size: 28812, Largest Free Block: 19456
2026-08-20 11:14:05.862 | matter_one_core: Current Free Memory: 50556, Minimum Ever Free Size: 28812, Largest Free Block: 19968
2026-08-20 11:14:05.862 | After CORE TYPE START: Current Free Memory: 50468, Minimum Ever Free Size: 28812, Largest Free Block: 19968
2026-08-20 11:14:05.863 | zero_code_product: Current Free Memory: 50468, Minimum Ever Free Size: 28812, Largest Free Block: 19968
2026-08-20 11:14:06.064 | chan:1,max_power:80
2026-08-20 11:14:06.064 | chan:2,max_power:80
2026-08-20 11:14:06.064 | chan:3,max_power:80
2026-08-20 11:14:06.064 | chan:4,max_power:80
2026-08-20 11:14:06.064 | chan:5,max_power:80
2026-08-20 11:14:06.064 | chan:6,max_power:80
2026-08-20 11:14:06.064 | chan:7,max_power:80
2026-08-20 11:14:06.064 | chan:8,max_power:80
2026-08-20 11:14:06.064 | chan:9,max_power:80
2026-08-20 11:14:06.064 | chan:10,max_power:80
2026-08-20 11:14:06.064 | chan:11,max_power:80
2026-08-20 11:14:06.065 | chan:12,max_power:80
2026-08-20 11:14:06.065 | chan:13,max_power:80
2026-08-20 11:14:06.065 | chan:14,max_power:80
2026-08-20 11:14:06.065 | matter_one_core: Current Free Memory: 59188, Minimum Ever Free Size: 28812, Largest Free Block: 21504
2026-08-20 11:14:06.065 | matter_one_core: Current Free Memory: 59188, Minimum Ever Free Size: 28812, Largest Free Block: 21504
2026-08-20 11:14:07.281 | matter_one_core: Current Free Memory: 58776, Minimum Ever Free Size: 28812, Largest Free Block: 21504
2026-08-20 11:14:07.281 | matter_one_core: Current Free Memory: 58776, Minimum Ever Free Size: 28812, Largest Free Block: 21504
2026-08-20 11:14:07.281 | matter_one_core: Current Free Memory: 55464, Minimum Ever Free Size: 28812, Largest Free Block: 21504
2026-08-20 11:14:07.281 | matter_one_core: Current Free Memory: 55464, Minimum Ever Free Size: 28812, Largest Free Block: 21504
2026-08-20 11:14:07.685 | matter_one_core: Current Free Memory: 66252, Minimum Ever Free Size: 38816, Largest Free Block: 21504
2026-08-20 11:14:08.696 | zero_code_utils: Resetting reboot count
2026-08-20 11:14:08.697 | zero_code_utils: Current Free Memory: 66268, Minimum Ever Free Size: 35376, Largest Free Block: 21504
2026-08-20 11:14:08.697 | factory_reset: Current Free Memory: 66312, Minimum Ever Free Size: 35376, Largest Free Block: 21504
2026-08-20 11:14:10.318 | ESP-ROM:esp32c2-eco4-20240515
2026-08-20 11:14:10.319 | Build:May 15 2024
2026-08-20 11:14:10.319 | rst:0x1 (POWERON),boot:0xc (SPI_FAST_FLASH_BOOT)
2026-08-20 11:14:10.319 | SPIWP:0xee
2026-08-20 11:14:10.319 | mode:DIO, clock div:1
2026-08-20 11:14:10.320 | load:0x3fcd5d00,len:0x1428
2026-08-20 11:14:10.320 | load:0x403acb70,len:0x8ec
2026-08-20 11:14:10.320 | load:0x403aeb70,len:0x31d8
2026-08-20 11:14:10.320 | entry 0x403acb70
2026-08-20 11:14:10.728 | zero_code_product: enter main: 376 ms
2026-08-20 11:14:10.728 | zero_code_product: Current Free Memory: 129680, Minimum Ever Free Size: 129680, Largest Free Block: 120832
2026-08-20 11:14:10.728 | zero_code_utils: Reboot count: 1, reset reason: 1
2026-08-20 11:14:10.729 | light_matter: restore done: 492 ms
2026-08-20 11:14:13.774 | zero_code_core: Current Free Memory: 94676, Minimum Ever Free Size: 66860, Largest Free Block: 59392
2026-08-20 11:14:13.774 | zero_code_utils: Chip: esp32c2
2026-08-20 11:14:13.775 | zero_code_utils: Software Version: 1.4.0
2026-08-20 11:14:13.775 | zero_code_utils: Software Version Number: 10040000
2026-08-20 11:14:13.775 | zero_code_utils: Software Version Suffix: 875
2026-08-20 11:14:13.775 | zero_code_utils: Firmware Type: Evaluation
2026-08-20 11:14:13.775 | zero_code_utils: MAC: 58:2a:bd:38:1f:f4
2026-08-20 11:14:13.775 | zero_code_utils: RainMaker Node ID: e99a1c09-7c0a-4572-90df-8c5d4f6582e1
2026-08-20 11:14:13.775 | zero_code_utils: Matter Serial Number: e99a1c097c0a457290df8c5d4f6582e1
2026-08-20 11:14:13.775 | zero_code_utils: Firmware partition offset: 0x10000
2026-08-20 11:14:14.252 | zero_code_utils: Product Config: {"config_version":3,"pre_driver":[{"type":"ezc.pre_driver.power_management","enable_light_sleep":true,"max_freq_mhz":160,"min_freq_mhz":10}],"driver":[{"id":1000,"type":"ezc.driver.led","name":"pwm","lighting_config":{"enable_gradient":true,"enable_memory":false,"enable_lowpower":false,"sync_change_brightness":true,"disable_auto_on":true,"beads_comb":3,"fades_ms":800},"pwm_config":{"pwm_hz":4000,"temperature_mode":0,"gpio_red":-1,"gpio_green":-1,"gpio_blue":-1,"gpio_cold_or_cct":5,"gpio_warm_or_brightness":4},"hardware_config":{"white_min":10,"white_max":100,"white_power_max":100,"rgb_min":10,"rgb_max":100,"rgb_power_max":300},"gamma_config":{"enable_gamma_adjust":true,"gamma_red":100,"gamma_green":100,"gamma_blue":100,"gamma_cold":100,"gamma_warm":100,"curve_coe":1}}],"product_common":[{"type":"ezc.product_common.indicator","subtype":0,"driver":{"output":1000},"events":[{"name":"setup_mode_start","mode":"breathe","speed":2000,"color_select":2,"cct":50,"min_brightness":20,"max_brightness":100,"total_ms":0,"interrupt_forbidden":true},{"name":"setup_started","mode":"breathe","speed":1000,"color_select":2,"cct":50,"min_brightness":20,"max_brightness":100,"total_ms":0},{"name":"setup_successful","mode":"restore"},{"name":"setup_failed","mode":"solid","color_select":2,"cct":10,"max_brightness":100},{"name":"identification_start","mode":"blink","speed":1000,"color_select":2,"cct":50,"min_brightness":20,"max_brightness":100,"total_ms":0},{"name":"identification_stop","mode":"restore"},{"name":"identification_blink","mode":"blink","speed":1000,"color_select":2,"cct":50,"min_brightness":20,"max_brightness":100,"total_ms":1000},{"name":"identification_breathe","mode":"breathe","speed":1000,"color_select":2,"cct":50,"min_brightness":20,"max_brightness":100,"total_ms":15000},{"name":"identification_okay","mode":"blink","speed":2000,"color_select":2,"cct":50,"min_brightness":20,"max_brightness":100,"total_ms":1000},{"name":"identification_channel_change","mode":"blink","speed":16000,"color_select":2,"cct":50,"min_brightness":20,"max_brightness":100,"total_ms":8000},{"name":"identification_finish_effect","mode":"restore"},{"name":"identification_stop_effect","mode":"restore"}]},{"type":"ezc.product_common.factory_reset","subtype":1,"count":3,"auto_trigger":true}],"product":[{"type":"ezc.product.light","subtype":3,"driver":{"output":1000},"data_model":{"power_default":1,"power_bootup":-1,"level_default":50,"level_bootup":-1,"color_mode_default":1,"color_mode_bootup":-1,"temperature_default":4000,"temperature_bootup":-1,"temperature_minimum_default":2200,"temperature_maximum_default":7000}}],"test_mode":[{"type":"ezc.test_mode.common","subtype":1},{"type":"ezc.test_mode.ble","subtype":1},{"type":"ezc.test_mode.light","subtype":1},{"type":"ezc.test_mode.light","subtype":2},{"type":"ezc.test_mode.light","subtype":3}]}
2026-08-20 11:14:14.253 | After freeing product config: Current Free Memory: 103916, Minimum Ever Free Size: 66860, Largest Free Block: 59392
2026-08-20 11:14:14.654 | chan:1,max_power:80
2026-08-20 11:14:14.654 | chan:2,max_power:80
2026-08-20 11:14:14.654 | chan:3,max_power:80
2026-08-20 11:14:14.654 | chan:4,max_power:80
2026-08-20 11:14:14.654 | chan:5,max_power:80
2026-08-20 11:14:14.654 | chan:6,max_power:80
2026-08-20 11:14:14.844 | chan:7,max_power:80
2026-08-20 11:14:14.844 | chan:8,max_power:80
2026-08-20 11:14:14.844 | chan:9,max_power:80
2026-08-20 11:14:14.844 | chan:10,max_power:80
2026-08-20 11:14:14.844 | chan:11,max_power:80
2026-08-20 11:14:14.844 | chan:12,max_power:80
2026-08-20 11:14:14.844 | chan:13,max_power:80
2026-08-20 11:14:14.844 | chan:14,max_power:80
2026-08-20 11:14:14.845 | chan:1,max_power:80
2026-08-20 11:14:14.845 | chan:2,max_power:80
2026-08-20 11:14:14.845 | chan:3,max_power:80
2026-08-20 11:14:14.845 | chan:4,max_power:80
2026-08-20 11:14:14.845 | chan:5,max_power:80
2026-08-20 11:14:14.845 | chan:6,max_power:80
2026-08-20 11:14:14.845 | chan:7,max_power:80
2026-08-20 11:14:14.845 | chan:8,max_power:80
2026-08-20 11:14:14.845 | chan:9,max_power:80
2026-08-20 11:14:14.845 | chan:10,max_power:80
2026-08-20 11:14:14.845 | chan:11,max_power:80
2026-08-20 11:14:14.845 | chan:12,max_power:80
2026-08-20 11:14:14.845 | chan:13,max_power:80
2026-08-20 11:14:14.846 | chan:14,max_power:80
2026-08-20 11:14:14.846 | matter_one_core: Current Free Memory: 31888, Minimum Ever Free Size: 30352, Largest Free Block: 23040
2026-08-20 11:14:14.846 | matter_one_core: Current Free Memory: 31888, Minimum Ever Free Size: 30352, Largest Free Block: 23040
2026-08-20 11:14:14.846 | matter_one_core: Current Free Memory: 31888, Minimum Ever Free Size: 30352, Largest Free Block: 23040
2026-08-20 11:14:14.846 | matter_one_core: Current Free Memory: 31804, Minimum Ever Free Size: 30352, Largest Free Block: 23040
2026-08-20 11:14:14.846 | matter_one_core: Current Free Memory: 31804, Minimum Ever Free Size: 30352, Largest Free Block: 23040
2026-08-20 11:14:15.048 | After CORE TYPE START: Current Free Memory: 31716, Minimum Ever Free Size: 30352, Largest Free Block: 23040
2026-08-20 11:14:15.049 | zero_code_product: Current Free Memory: 31716, Minimum Ever Free Size: 30352, Largest Free Block: 23040
2026-08-20 11:14:17.080 | ESP-ROM:esp32c2-eco4-20240515
2026-08-20 11:14:17.080 | Build:May 15 2024
2026-08-20 11:14:17.080 | rst:0x1 (POWERON),boot:0xc (SPI_FAST_FLASH_BOOT)
2026-08-20 11:14:17.080 | SPIWP:0xee
2026-08-20 11:14:17.285 | mode:DIO, clock div:1
2026-08-20 11:14:17.285 | load:0x3fcd5d00,len:0x1428
2026-08-20 11:14:17.285 | load:0x403acb70,len:0x8ec
2026-08-20 11:14:17.285 | load:0x403aeb70,len:0x31d8
2026-08-20 11:14:17.285 | entry 0x403acb70
2026-08-20 11:14:17.487 | zero_code_product: enter main: 376 ms
2026-08-20 11:14:17.488 | zero_code_product: Current Free Memory: 129680, Minimum Ever Free Size: 129680, Largest Free Block: 120832
2026-08-20 11:14:17.690 | zero_code_utils: Reboot count: 2, reset reason: 1
2026-08-20 11:14:17.690 | light_matter: restore done: 499 ms
2026-08-20 11:14:22.711 | ESP-ROM:esp32c2-eco4-20240515
2026-08-20 11:14:22.711 | Build:May 15 2024
2026-08-20 11:14:22.711 | rst:0x1 (POWERON),boot:0xc (SPI_FAST_FLASH_BOOT)
2026-08-20 11:14:22.711 | SPIWP:0xee
2026-08-20 11:14:22.711 | mode:DIO, clock div:1
2026-08-20 11:14:22.711 | load:0x3fcd5d00,len:0x1428
2026-08-20 11:14:22.711 | load:0x403acb70,len:0x8ec
2026-08-20 11:14:22.711 | load:0x403aeb70,len:0x31d8
2026-08-20 11:14:22.712 | entry 0x403acb70
2026-08-20 11:14:23.115 | zero_code_product: enter main: 376 ms
2026-08-20 11:14:23.115 | zero_code_product: Current Free Memory: 129680, Minimum Ever Free Size: 129680, Largest Free Block: 120832
2026-08-20 11:14:23.116 | zero_code_utils: Reboot count: 3, reset reason: 1
2026-08-20 11:14:23.116 | light_matter: restore done: 500 ms
2026-08-20 11:14:27.797 | ESP-ROM:esp32c2-eco4-20240515
2026-08-20 11:14:27.797 | Build:May 15 2024
2026-08-20 11:14:27.797 | rst:0x1 (POWERON),boot:0xc (SPI_FAST_FLASH_BOOT)
2026-08-20 11:14:27.797 | SPIWP:0xee
2026-08-20 11:14:27.797 | mode:DIO, clock div:1
2026-08-20 11:14:27.797 | load:0x3fcd5d00,len:0x1428
2026-08-20 11:14:27.797 | load:0x403acb70,len:0x8ec
2026-08-20 11:14:27.797 | load:0x403aeb70,len:0x31d8
2026-08-20 11:14:27.798 | entry 0x403acb70
2026-08-20 11:14:28.202 | zero_code_product: enter main: 376 ms
2026-08-20 11:14:28.202 | zero_code_product: Current Free Memory: 129680, Minimum Ever Free Size: 129680, Largest Free Block: 120832
2026-08-20 11:14:28.202 | zero_code_utils: Reboot count: 4, reset reason: 1
2026-08-20 11:14:28.203 | light_matter: restore done: 499 ms
2026-08-20 11:14:33.078 | ESP-ROM:esp32c2-eco4-20240515
2026-08-20 11:14:33.078 | Build:May 15 2024
2026-08-20 11:14:33.078 | rst:0x1 (POWERON),boot:0xc (SPI_FAST_FLASH_BOOT)
2026-08-20 11:14:33.078 | SPIWP:0xee
2026-08-20 11:14:33.280 | mode:DIO, clock div:1
2026-08-20 11:14:33.281 | load:0x3fcd5d00,len:0x1428
2026-08-20 11:14:33.281 | load:0x403acb70,len:0x8ec
2026-08-20 11:14:33.281 | load:0x403aeb70,len:0x31d8
2026-08-20 11:14:33.281 | entry 0x403acb70
2026-08-20 11:14:33.481 | zero_code_product: enter main: 376 ms
2026-08-20 11:14:33.482 | zero_code_product: Current Free Memory: 129680, Minimum Ever Free Size: 129680, Largest Free Block: 120832
2026-08-20 11:14:33.686 | zero_code_utils: Reboot count: 5, reset reason: 1
2026-08-20 11:14:33.686 | light_matter: restore done: 499 ms
2026-08-20 11:14:38.563 | ESP-ROM:esp32c2-eco4-20240515
2026-08-20 11:14:38.563 | Build:May 15 2024
2026-08-20 11:14:38.564 | rst:0x1 (POWERON),boot:0xc (SPI_FAST_FLASH_BOOT)
2026-08-20 11:14:38.564 | SPIWP:0xee
2026-08-20 11:14:38.564 | mode:DIO, clock div:1
2026-08-20 11:14:38.564 | load:0x3fcd5d00,len:0x1428
2026-08-20 11:14:38.564 | load:0x403acb70,len:0x8ec
2026-08-20 11:14:38.564 | load:0x403aeb70,len:0x31d8
2026-08-20 11:14:38.564 | entry 0x403acb70
2026-08-20 11:14:38.971 | zero_code_product: enter main: 376 ms
2026-08-20 11:14:38.971 | zero_code_product: Current Free Memory: 129680, Minimum Ever Free Size: 129680, Largest Free Block: 120832
2026-08-20 11:14:38.971 | zero_code_utils: Reboot count: 6, reset reason: 1
2026-08-20 11:14:38.971 | light_matter: restore done: 499 ms
2026-08-20 11:14:42.015 | zero_code_core: Current Free Memory: 94424, Minimum Ever Free Size: 66424, Largest Free Block: 60416
2026-08-20 11:14:42.015 | zero_code_utils: Chip: esp32c2
2026-08-20 11:14:42.015 | zero_code_utils: Software Version: 1.4.0
2026-08-20 11:14:42.015 | zero_code_utils: Software Version Number: 10040000
2026-08-20 11:14:42.016 | zero_code_utils: Software Version Suffix: 875
2026-08-20 11:14:42.016 | zero_code_utils: Firmware Type: Evaluation
2026-08-20 11:14:42.016 | zero_code_utils: MAC: 58:2a:bd:38:1f:f4
2026-08-20 11:14:42.016 | zero_code_utils: RainMaker Node ID: e99a1c09-7c0a-4572-90df-8c5d4f6582e1
2026-08-20 11:14:42.016 | zero_code_utils: Matter Serial Number: e99a1c097c0a457290df8c5d4f6582e1
2026-08-20 11:14:42.016 | zero_code_utils: Firmware partition offset: 0x10000
2026-08-20 11:14:44.861 | zero_code_utils: Product Config: {"config_version":3,"pre_driver":[{"type":"ezc.pre_driver.power_management","enable_light_sleep":true,"max_freq_mhz":160,"min_freq_mhz":10}],"driver":[{"id":1000,"type":"ezc.driver.led","name":"pwm","lighting_config":{"enable_gradient":true,"enable_memory":false,"enable_lowpower":false,"sync_change_brightness":true,"disable_auto_on":true,"beads_comb":3,"fades_ms":800},"pwm_config":{"pwm_hz":4000,"temperature_mode":0,"gpio_red":-1,"gpio_green":-1,"gpio_blue":-1,"gpio_cold_or_cct":5,"gpio_warm_or_brightness":4},"hardware_config":{"white_min":10,"white_max":100,"white_power_max":100,"rgb_min":10,"rgb_max":100,"rgb_power_max":300},"gamma_config":{"enable_gamma_adjust":true,"gamma_red":100,"gamma_green":100,"gamma_blue":100,"gamma_cold":100,"gamma_warm":100,"curve_coe":1}}],"product_common":[{"type":"ezc.product_common.indicator","subtype":0,"driver":{"output":1000},"events":[{"name":"setup_mode_start","mode":"breathe","speed":2000,"color_select":2,"cct":50,"min_brightness":20,"max_brightness":100,"total_ms":0,"interrupt_forbidden":true},{"name":"setup_started","mode":"breathe","speed":1ESP-ROM:esp32c2-eco4-20240515
2026-08-20 11:14:44.862 | Build:May 15 2024
2026-08-20 11:14:44.862 | rst:0x1 (POWERON),boot:0xc (SPI_FAST_FLASH_BOOT)
2026-08-20 11:14:44.862 | SPIWP:0xee
2026-08-20 11:14:44.862 | mode:DIO, clock div:1
2026-08-20 11:14:44.863 | load:0x3fcd5d00,len:0x1428
2026-08-20 11:14:44.863 | load:0x403acb70,len:0x8ec
2026-08-20 11:14:44.863 | load:0x403aeb70,len:0x31d8
2026-08-20 11:14:44.863 | entry 0x403acb70
2026-08-20 11:14:45.270 | zero_code_product: enter main: 376 ms
2026-08-20 11:14:45.271 | zero_code_product: Current Free Memory: 129680, Minimum Ever Free Size: 129680, Largest Free Block: 120832
2026-08-20 11:14:45.271 | zero_code_utils: Reboot count: 7, reset reason: 1
2026-08-20 11:14:45.271 | light_matter: restore done: 499 ms
2026-08-20 11:14:48.311 | zero_code_core: Current Free Memory: 87936, Minimum Ever Free Size: 66332, Largest Free Block: 60416
2026-08-20 11:14:48.312 | zero_code_utils: Chip: esp32c2
2026-08-20 11:14:48.312 | zero_code_utils: Software Version: 1.4.0
2026-08-20 11:14:48.312 | zero_code_utils: Software Version Number: 10040000
2026-08-20 11:14:48.312 | zero_code_utils: Software Version Suffix: 875
2026-08-20 11:14:48.312 | zero_code_utils: Firmware Type: Evaluation
2026-08-20 11:14:48.312 | zero_code_utils: MAC: 58:2a:bd:38:1f:f4
2026-08-20 11:14:48.312 | zero_code_utils: RainMaker Node ID: e99a1c09-7c0a-4572-90df-8c5d4f6582e1
2026-08-20 11:14:48.312 | zero_code_utils: Matter Serial Number: e99a1c097c0a457290df8c5d4f6582e1
2026-08-20 11:14:48.312 | zero_code_utils: Firmware partition offset: 0x10000
2026-08-20 11:14:48.789 | zero_code_utils: Product Config: {"config_version":3,"pre_driver":[{"type":"ezc.pre_driver.power_management","enable_light_sleep":true,"max_freq_mhz":160,"min_freq_mhz":10}],"driver":[{"id":1000,"type":"ezc.driver.led","name":"pwm","lighting_config":{"enable_gradient":true,"enable_memory":false,"enable_lowpower":false,"sync_change_brightness":true,"disable_auto_on":true,"beads_comb":3,"fades_ms":800},"pwm_config":{"pwm_hz":4000,"temperature_mode":0,"gpio_red":-1,"gpio_green":-1,"gpio_blue":-1,"gpio_cold_or_cct":5,"gpio_warm_or_brightness":4},"hardware_config":{"white_min":10,"white_max":100,"white_power_max":100,"rgb_min":10,"rgb_max":100,"rgb_power_max":300},"gamma_config":{"enable_gamma_adjust":true,"gamma_red":100,"gamma_green":100,"gamma_blue":100,"gamma_cold":100,"gamma_warm":100,"curve_coe":1}}],"product_common":[{"type":"ezc.product_common.indicator","subtype":0,"driver":{"output":1000},"events":[{"name":"setup_mode_start","mode":"breathe","speed":2000,"color_select":2,"cct":50,"min_brightness":20,"max_brightness":100,"total_ms":0,"interrupt_forbidden":true},{"name":"setup_started","mode":"breathe","speed":1000,"color_select":2,"cct":50,"min_brightness":20,"max_brightness":100,"total_ms":0},{"name":"setup_successful","mode":"restore"},{"name":"setup_failed","mode":"solid","color_select":2,"cct":10,"max_brightness":100},{"name":"identification_start","mode":"blink","speed":1000,"color_select":2,"cct":50,"min_brightness":20,"max_brightness":100,"total_ms":0},{"name":"identification_stop","mode":"restore"},{"name":"identification_blink","mode":"blink","speed":1000,"color_select":2,"cct":50,"min_brightness":20,"max_brightness":100,"total_ms":1000},{"name":"identification_breathe","mode":"breathe","speed":1000,"color_select":2,"cct":50,"min_brightness":20,"max_brightness":100,"total_ms":15000},{"name":"identification_okay","mode":"blink","speed":2000,"color_select":2,"cct":50,"min_brightness":20,"max_brightness":100,"total_ms":1000},{"name":"identification_channel_change","mode":"blink","speed":16000,"color_select":2,"cct":50,"min_brightness":20,"max_brightness":100,"total_ms":8000},{"name":"identification_finish_effect","mode":"restore"},{"name":"identification_stop_effect","mode":"restore"}]},{"type":"ezc.product_common.factory_reset","subtype":1,"count":3,"auto_trigger":true}],"product":[{"type":"ezc.product.light","subtype":3,"driver":{"output":1000},"data_model":{"power_default":1,"power_bootup":-1,"level_default":50,"level_bootup":-1,"color_mode_default":1,"color_mode_bootup":-1,"temperature_default":4000,"temperature_bootup":-1,"temperature_minimum_default":2200,"temperature_maximum_default":7000}}],"test_mode":[{"type":"ezc.test_mode.common","subtype":1},{"type":"ezc.test_mode.ble","subtype":1},{"type":"ezc.test_mode.light","subtype":1},{"type":"ezc.test_mode.light","subtype":2},{"type":"ezc.test_mode.light","subtype":3}]}
2026-08-20 11:14:48.791 | After freeing product config: Current Free Memory: 97176, Minimum Ever Free Size: 66332, Largest Free Block: 60416
2026-08-20 11:14:49.194 | chan:1,max_power:80
2026-08-20 11:14:49.194 | chan:2,max_power:80
2026-08-20 11:14:49.194 | chan:3,max_power:80
2026-08-20 11:14:49.194 | chan:4,max_power:80
2026-08-20 11:14:49.194 | chan:5,max_power:80
2026-08-20 11:14:49.194 | chan:6,max_power:80
2026-08-20 11:14:49.194 | chan:7,max_power:80
2026-08-20 11:14:49.194 | chan:8,max_power:80
2026-08-20 11:14:49.194 | chan:9,max_power:80
2026-08-20 11:14:49.387 | chan:10,max_power:80
2026-08-20 11:14:49.388 | chan:11,max_power:80
2026-08-20 11:14:49.388 | chan:12,max_power:80
2026-08-20 11:14:49.388 | chan:13,max_power:80
2026-08-20 11:14:49.388 | chan:14,max_power:80
2026-08-20 11:14:49.388 | chan:1,max_power:80
2026-08-20 11:14:49.388 | chan:2,max_power:80
2026-08-20 11:14:49.388 | chan:3,max_power:80
2026-08-20 11:14:49.388 | chan:4,max_power:80
2026-08-20 11:14:49.388 | chan:5,max_power:80
2026-08-20 11:14:49.388 | chan:6,max_power:80
2026-08-20 11:14:49.388 | chan:7,max_power:80
2026-08-20 11:14:49.388 | chan:8,max_power:80
2026-08-20 11:14:49.388 | chan:9,max_power:80
2026-08-20 11:14:49.388 | chan:10,max_power:80
2026-08-20 11:14:49.388 | chan:11,max_power:80
2026-08-20 11:14:49.389 | chan:12,max_power:80
2026-08-20 11:14:49.389 | chan:13,max_power:80
2026-08-20 11:14:49.389 | chan:14,max_power:80
2026-08-20 11:14:49.389 | matter_one_core: Current Free Memory: 31912, Minimum Ever Free Size: 30376, Largest Free Block: 23040
2026-08-20 11:14:49.389 | matter_one_core: Current Free Memory: 31912, Minimum Ever Free Size: 30376, Largest Free Block: 23040
2026-08-20 11:14:49.389 | matter_one_core: Current Free Memory: 31912, Minimum Ever Free Size: 30376, Largest Free Block: 23040
2026-08-20 11:14:49.389 | matter_one_core: Current Free Memory: 31828, Minimum Ever Free Size: 30376, Largest Free Block: 23040
2026-08-20 11:14:49.389 | matter_one_core: Current Free Memory: 31828, Minimum Ever Free Size: 30376, Largest Free Block: 23040
2026-08-20 11:14:49.594 | After CORE TYPE START: Current Free Memory: 31740, Minimum Ever Free Size: 30376, Largest Free Block: 23040
2026-08-20 11:14:49.594 | zero_code_product: Current Free Memory: 31740, Minimum Ever Free Size: 30376, Largest Free Block: 23040
2026-08-20 11:14:50.204 | zero_code_utils: Resetting reboot count
2026-08-20 11:14:50.204 | zero_code_utils: Current Free Memory: 35296, Minimum Ever Free Size: 30376, Largest Free Block: 23040
2026-08-20 11:17:27.659 | matter_one_core: Current Free Memory: 35336, Minimum Ever Free Size: 30376, Largest Free Block: 23040
2026-08-20 11:17:28.479 | matter_one_core: Current Free Memory: 33800, Minimum Ever Free Size: 30376, Largest Free Block: 23040
2026-08-20 11:17:28.884 | matter_one_core: Current Free Memory: 33796, Minimum Ever Free Size: 30376, Largest Free Block: 23040
2026-08-20 11:17:28.884 | matter_one_core: Current Free Memory: 33796, Minimum Ever Free Size: 30376, Largest Free Block: 23040
2026-08-20 11:17:28.884 | matter_one_core: Current Free Memory: 33796, Minimum Ever Free Size: 30376, Largest Free Block: 23040
2026-08-20 11:17:29.288 | matter_one_core: Current Free Memory: 33796, Minimum Ever Free Size: 30376, Largest Free Block: 23040
2026-08-20 11:17:29.288 | matter_one_core: Current Free Memory: 33796, Minimum Ever Free Size: 30376, Largest Free Block: 23040
2026-08-20 11:17:29.897 | matter_one_core: Current Free Memory: 33780, Minimum Ever Free Size: 30376, Largest Free Block: 23040
2026-08-20 11:17:31.731 | matter_one_core: Current Free Memory: 31536, Minimum Ever Free Size: 28928, Largest Free Block: 21504
2026-08-20 11:17:31.732 | matter_one_core: Current Free Memory: 33072, Minimum Ever Free Size: 28928, Largest Free Block: 23040
# serial capture stop 2026-08-20 11:18:12.740
# serial capture start 2026-08-20 12:19:13.010
# port=/dev/cu.usbserial-14220 baud=74880 filter=factory-reset
2026-08-20 12:19:19.315 | ESP-ROM:esp32c2-eco4-20240515
2026-08-20 12:19:19.316 | Build:May 15 2024
2026-08-20 12:19:19.316 | rst:0x1 (POWERON),boot:0xc (SPI_FAST_FLASH_BOOT)
2026-08-20 12:19:19.316 | SPIWP:0xee
2026-08-20 12:19:19.316 | mode:DIO, clock div:1
2026-08-20 12:19:19.316 | load:0x3fcd5d00,len:0x1428
2026-08-20 12:19:19.316 | load:0x403acb70,len:0x8ec
2026-08-20 12:19:19.316 | load:0x403aeb70,len:0x31d8
2026-08-20 12:19:19.316 | entry 0x403acb70
2026-08-20 12:19:19.722 | zero_code_product: enter main: 394 ms
2026-08-20 12:19:19.722 | zero_code_product: Current Free Memory: 129680, Minimum Ever Free Size: 129680, Largest Free Block: 120832
2026-08-20 12:19:20.336 | ESP-ROM:esp32c2-eco4-20240515
2026-08-20 12:19:20.336 | Build:May 15 2024
2026-08-20 12:19:20.337 | rst:0x1 (POWERON),boot:0xc (SPI_FAST_FLASH_BOOT)
2026-08-20 12:19:20.337 | SPIWP:0xee
2026-08-20 12:19:20.337 | mode:DIO, clock div:1
2026-08-20 12:19:20.337 | load:0x3fcd5d00,len:0x1428
2026-08-20 12:19:20.337 | load:0x403acb70,len:0x8ec
2026-08-20 12:19:20.337 | load:0x403aeb70,len:0x31d8
2026-08-20 12:19:20.337 | entry 0x403acb70
2026-08-20 12:19:20.741 | zero_code_product: enter main: 376 ms
2026-08-20 12:19:20.742 | zero_code_product: Current Free Memory: 129680, Minimum Ever Free Size: 129680, Largest Free Block: 120832
2026-08-20 12:19:20.742 | zero_code_utils: Reboot count: 1, reset reason: 1
2026-08-20 12:19:20.742 | light_matter: restore done: 500 ms
2026-08-20 12:19:23.797 | zero_code_core: Current Free Memory: 88068, Minimum Ever Free Size: 67428, Largest Free Block: 60416
2026-08-20 12:19:23.797 | zero_code_utils: Chip: esp32c2
2026-08-20 12:19:23.797 | zero_code_utils: Software Version: 1.4.0
2026-08-20 12:19:23.797 | zero_code_utils: Software Version Number: 10040000
2026-08-20 12:19:23.797 | zero_code_utils: Software Version Suffix: 875
2026-08-20 12:19:23.798 | zero_code_utils: Firmware Type: Evaluation
2026-08-20 12:19:23.798 | zero_code_utils: MAC: 58:2a:bd:38:1f:f4
2026-08-20 12:19:23.798 | zero_code_utils: RainMaker Node ID: b1ed4290-1dc3-4ca8-93fa-c6b15346486f
2026-08-20 12:19:23.798 | zero_code_utils: Matter Serial Number: b1ed42901dc34ca893fac6b15346486f
2026-08-20 12:19:23.798 | zero_code_utils: Firmware partition offset: 0x10000
2026-08-20 12:19:27.721 | zero_code_utils: Product Config: {"config_version":3,"pre_driver":[{"type":"ezc.pre_driver.power_management","enable_light_sleep":true,"max_freq_mhz":160,"min_freq_mhz":10}],"driver":[{"id":1000,"type":"ezc.driver.led","name":"pwm","lighting_config":{"enable_gradient":true,"enable_memory":false,"enable_lowpower":false,"sync_change_brightness":true,"disable_auto_on":true,"beads_comb":3,"fades_ms":800},"pwm_config":{"pwm_hz":4000,"temperature_mode":1,"gpio_red":-1,"gpio_green":-1,"gpio_blue":-1,"gpio_cold_or_cct":5,"gpio_warm_or_brightness":4},"hardware_config":{"white_min":10,"white_max":100,"white_power_max":100,"rgb_min":10,"rgb_max":100,"rgb_power_max":300},"gamma_config":{"enable_gamma_adjust":true,"gamma_red":100,"gamma_green":100,"gamma_blue":100,"gamma_cold":100,"gamma_warm":100,"curve_coe":1}}],"product_common":[{"type":"ezc.product_common.indicator","subtype":0,"driver":{"output":1000},"events":[{"name":"setup_mode_start","mode":"breathe","speed":2000,"color_select":2,"cct":50,"min_brightness":20,"max_brightness":100,"total_ms":0,"interrupt_forbidden":true},{"name":"setup_started","mode":"breathe","speed":1000,"color_select":2,"cct":50,"min_brightness":20,"max_brightness":100,"total_ms":0},{"name":"setup_successful","mode":"restore"},{"name":"setup_failed","mode":"solid","color_select":2,"cct":10,"max_brightness":100},{"name":"identification_start","mode":"blink","speed":1000,"color_select":2,"cct":50,"min_brightness":20,"max_brightness":100,"total_ms":0},{"name":"identification_stop","mode":"restore"},{"name":"identification_blink","mode":"blink","speed":1000,"color_select":2,"cct":50,"min_brightness":20,"max_brightness":100,"total_ms":1000},{"name":"identification_breathe","mode":"breathe","speed":1000,"color_select":2,"cct":50,"min_brightness":20,"max_brightness":100,"total_ms":15000},{"name":"identification_okay","mode":"blink","speed":2000,"color_select":2,"cct":50,"min_brightness":20,"max_brightness":100,"total_ms":1000},{"name":"identification_channel_change","mode":"blink","speed":16000,"color_select":2,"cct":50,"min_brightness":20,"max_brightness":100,"total_ms":8000},{"name":"identification_finish_effect","mode":"restore"},{"name":"identification_stop_effect","mode":"restore"}]},{"type":"ezc.product_common.factory_reset","subtype":1,"count":3,"auto_trigger":true}],"product":[{"type":"ezc.product.light","subtype":3,"driver":{"output":1000},"data_model":{"power_default":1,"power_bootup":-1,"level_default":50,"level_bootup":-1,"color_mode_default":1,"color_mode_bootup":-1,"temperature_default":4000,"temp�ESP-ROM:esp32c2-eco4-20240515
2026-08-20 12:19:27.721 | Build:May 15 2024
2026-08-20 12:19:27.721 | rst:0x1 (POWERON),boot:0xc (SPI_FAST_FLASH_BOOT)
2026-08-20 12:19:27.721 | SPIWP:0xee
2026-08-20 12:19:27.721 | mode:DIO, clock div:1
2026-08-20 12:19:27.722 | load:0x3fcd5d00,len:0x1428
2026-08-20 12:19:27.722 | load:0x403acb70,len:0x8ec
2026-08-20 12:19:27.722 | load:0x403aeb70,len:0x31d8
2026-08-20 12:19:27.722 | entry 0x403acb70
2026-08-20 12:19:28.126 | zero_code_product: enter main: 376 ms
2026-08-20 12:19:28.127 | zero_code_product: Current Free Memory: 129680, Minimum Ever Free Size: 129680, Largest Free Block: 120832
2026-08-20 12:19:28.127 | zero_code_utils: Reboot count: 2, reset reason: 1
2026-08-20 12:19:28.330 | light_matter: restore done: 500 ms
2026-08-20 12:19:33.005 | ESP-ROM:esp32c2-eco4-20240515
2026-08-20 12:19:33.006 | Build:May 15 2024
2026-08-20 12:19:33.006 | rst:0x1 (POWERON),boot:0xc (SPI_FAST_FLASH_BOOT)
2026-08-20 12:19:33.006 | SPIWP:0xee
2026-08-20 12:19:33.006 | mode:DIO, clock div:1
2026-08-20 12:19:33.006 | load:0x3fcd5d00,len:0x1428
2026-08-20 12:19:33.006 | load:0x403acb70,len:0x8ec
2026-08-20 12:19:33.006 | load:0x403aeb70,len:0x31d8
2026-08-20 12:19:33.006 | entry 0x403acb70
2026-08-20 12:19:33.207 | ESP-ROM:esp32c2-eco4-20240515
2026-08-20 12:19:33.207 | Build:May 15 2024
2026-08-20 12:19:33.207 | rst:0x1 (POWERON),boot:0xc (SPI_FAST_FLASH_BOOT)
2026-08-20 12:19:33.207 | SPIWP:0xee
2026-08-20 12:19:33.412 | mode:DIO, clock div:1
2026-08-20 12:19:33.412 | load:0x3fcd5d00,len:0x1428
2026-08-20 12:19:33.412 | load:0x403acb70,len:0x8ec
2026-08-20 12:19:33.412 | load:0x403aeb70,len:0x31d8
2026-08-20 12:19:33.412 | entry 0x403acb70
2026-08-20 12:19:33.617 | zero_code_product: enter main: 376 ms
2026-08-20 12:19:33.617 | zero_code_product: Current Free Memory: 129680, Minimum Ever Free Size: 129680, Largest Free Block: 120832
2026-08-20 12:19:33.822 | zero_code_utils: Reboot count: 3, reset reason: 1
2026-08-20 12:19:33.822 | light_matter: restore done: 500 ms
2026-08-20 12:19:38.895 | ESP-ROM:esp32c2-eco4-20240515
2026-08-20 12:19:38.900 | Build:May 15 2024
2026-08-20 12:19:38.901 | rst:0x1 (POWERON),boot:0xc (SPI_FAST_FLASH_BOOT)
2026-08-20 12:19:38.901 | SPIWP:0xee
2026-08-20 12:19:38.901 | mode:DIO, clock div:1
2026-08-20 12:19:38.901 | load:0x3fcd5d00,len:0x1428
2026-08-20 12:19:38.901 | load:0x403acb70,len:0x8ec
2026-08-20 12:19:38.901 | load:0x403aeb70,len:0x31d8
2026-08-20 12:19:39.105 | entry 0x403acb70
2026-08-20 12:19:39.306 | zero_code_product: enter main: 376 ms
2026-08-20 12:19:39.308 | zero_code_product: Current Free Memory: 129680, Minimum Ever Free Size: 129680, Largest Free Block: 120832
2026-08-20 12:19:39.511 | zero_code_utils: Reboot count: 4, reset reason: 1
2026-08-20 12:19:39.511 | light_matter: restore done: 500 ms
2026-08-20 12:19:43.977 | ESP-ROM:esp32c2-eco4-20240515
2026-08-20 12:19:43.977 | Build:May 15 2024
2026-08-20 12:19:43.978 | rst:0x1 (POWERON),boot:0xc (SPI_FAST_FLASH_BOOT)
2026-08-20 12:19:43.978 | SPIWP:0xee
2026-08-20 12:19:43.978 | mode:DIO, clock div:1
2026-08-20 12:19:43.978 | load:0x3fcd5d00,len:0x1428
2026-08-20 12:19:43.978 | load:0x403acb70,len:0x8ec
2026-08-20 12:19:43.978 | load:0x403aeb70,len:0x31d8
2026-08-20 12:19:43.978 | entry 0x403acb70
2026-08-20 12:19:44.381 | zero_code_product: enter main: 376 ms
2026-08-20 12:19:44.382 | zero_code_product: Current Free Memory: 129680, Minimum Ever Free Size: 129680, Largest Free Block: 120832
2026-08-20 12:19:44.382 | zero_code_utils: Reboot count: 5, reset reason: 1
2026-08-20 12:19:44.587 | light_matter: restore done: 500 ms
2026-08-20 12:19:47.431 | zero_code_core: Current Free Memory: 88068, Minimum Ever Free Size: 66768, Largest Free Block: 60416
2026-08-20 12:19:47.431 | zero_code_utils: Chip: esp32c2
2026-08-20 12:19:47.432 | zero_code_utils: Software Version: 1.4.0
2026-08-20 12:19:47.432 | zero_code_utils: Software Version Number: 10040000
2026-08-20 12:19:47.432 | zero_code_utils: Software Version Suffix: 875
2026-08-20 12:19:47.432 | zero_code_utils: Firmware Type: Evaluation
2026-08-20 12:19:47.566 | zero_code_utils: MAC: 58:2a:bd:38:1f:f4
2026-08-20 12:19:47.567 | zero_code_utils: RainMaker Node ID: b1ed4290-1dc3-4ca8-93fa-c6b15346486f
2026-08-20 12:19:47.567 | zero_code_utils: Matter Serial Number: b1ed42901dc34ca893fac6b15346486f
2026-08-20 12:19:47.567 | zero_code_utils: Firmware partition offset: 0x10000
2026-08-20 12:19:50.952 | zero_code_utils: Product Config: {"config_version":3,"pre_driver":[{"type":"ezc.pre_driver.power_management","enable_light_sleep":true,"max_freq_mhz":160,"min_freq_mhz":10}],"driver":[{"id":1000,"type":"ezc.driver.led","name":"pwm","lighting_config":{"enable_gradient":true,"enable_memory":false,"enable_lowpower":false,"sync_change_brightness":true,"disable_auto_on":true,"beads_comb":3,"fades_ms":800},"pwm_config":{"pwm_hz":4000,"temperature_mode":1,"gpio_red":-1,"gpio_green":-1,"gpio_blue":-1,"gpio_cold_or_cct":5,"gpio_warm_or_brightness":4},"hardware_config":{"white_min":10,"white_max":100,"white_power_max":100,"rgb_min":10,"rgb_max":100,"rgb_power_max":300},"gamma_config":{"enable_gamma_adjust":true,"gamma_red":100,"gamma_green":100,"gamma_blue":100,"gamma_cold":100,"gamma_warm":100,"curve_coe":1}}],"product_common":[{"type":"ezc.product_common.indicator","subtype":0,"driver":{"output":1000},"events":[{"name":"setup_mode_start","mode":"breathe","speed":2000,"color_select":2,"cct":50,"min_brightness":20,"max_brightness":100,"total_ms":0,"interrupt_forbidden":true},{"name":"setup_started","mode":"breathe","speed":1000,"color_select":2,"cct":50,"min_brightness":20,"max_brightness":100,"total_ms":0},{"name":"setup_successful","mode":"restore"},{"name":"setup_failed","mode":"solid","color_select":2,"cct":10,"max_brightness":100},{"name":"identification_start","mode":"blink","speed":1000,"color_select":2,"cct":50,"min_brightness":20,"max_brightness":100,"total_ms":0},{"name":"identification_stop","mode":"restore"},{"name":"identification_blink","mode":"blink","speed":1000,"color_select":2,"cct":50,"min_brightness":20,"max_brightness":100,"total_ms":1000},{"name":"identification_breathe","mode":"breathe","speed":1000,"color_select":2,"cct":50,"min_brightness":20,"max_brightness":100,"total_ms":15000},{"name":"identification_okay","mode":"blink","speed":2000,"color_select":2,"cct":50,"min_brightness":20,"max_brightness":100,"total_ms":1000},{"name":"identification_channel_change","mode":"blink","speed":16000,"color_select":2,"cct":50,"min_brightness":20,"max_brightness":100,"total_ms":8000},{"name":"identification_finish_effect","mode":"restore"},{"name":"identification_stop_effect","mode":"restore"}]},{"type":"ezc.product_common.factory_reset","subtype":1,"count":3,"auto_trigger":true}],"product":[{"type":"ezc.product.light","subtype":3,"driver":{"output":1000},"data_model":{"power_default":1,"power_bootup":-1,"level_default":50,"level_bootup":-1,"color_mode_default":1,"color_m�ESP-ROM:esp32c2-eco4-20240515
2026-08-20 12:19:50.953 | Build:May 15 2024
2026-08-20 12:19:50.953 | rst:0x1 (POWERON),boot:0xc (SPI_FAST_FLASH_BOOT)
2026-08-20 12:19:50.953 | SPIWP:0xee
2026-08-20 12:19:50.953 | mode:DIO, clock div:1
2026-08-20 12:19:50.953 | load:0x3fcd5d00,len:0x1428
2026-08-20 12:19:50.953 | load:0x403acb70,len:0x8ec
2026-08-20 12:19:50.953 | load:0x403aeb70,len:0x31d8
2026-08-20 12:19:50.953 | entry 0x403acb70
2026-08-20 12:19:51.357 | zero_code_product: enter main: 376 ms
2026-08-20 12:19:51.358 | zero_code_product: Current Free Memory: 129680, Minimum Ever Free Size: 129680, Largest Free Block: 120832
2026-08-20 12:19:51.358 | zero_code_utils: Reboot count: 6, reset reason: 1
2026-08-20 12:19:51.358 | light_matter: restore done: 500 ms
2026-08-20 12:19:54.402 | zero_code_core: Current Free Memory: 88068, Minimum Ever Free Size: 66960, Largest Free Block: 60416
2026-08-20 12:19:54.402 | zero_code_utils: Chip: esp32c2
2026-08-20 12:19:54.402 | zero_code_utils: Software Version: 1.4.0
2026-08-20 12:19:54.402 | zero_code_utils: Software Version Number: 10040000
2026-08-20 12:19:54.402 | zero_code_utils: Software Version Suffix: 875
2026-08-20 12:19:54.402 | zero_code_utils: Firmware Type: Evaluation
2026-08-20 12:19:54.402 | zero_code_utils: MAC: 58:2a:bd:38:1f:f4
2026-08-20 12:19:54.402 | zero_code_utils: RainMaker Node ID: b1ed4290-1dc3-4ca8-93fa-c6b15346486f
2026-08-20 12:19:54.402 | zero_code_utils: Matter Serial Number: b1ed42901dc34ca893fac6b15346486f
2026-08-20 12:19:54.402 | zero_code_utils: Firmware partition offset: 0x10000
2026-08-20 12:19:54.877 | zero_code_utils: Product Config: {"config_version":3,"pre_driver":[{"type":"ezc.pre_driver.power_management","enable_light_sleep":true,"max_freq_mhz":160,"min_freq_mhz":10}],"driver":[{"id":1000,"type":"ezc.driver.led","name":"pwm","lighting_config":{"enable_gradient":true,"enable_memory":false,"enable_lowpower":false,"sync_change_brightness":true,"disable_auto_on":true,"beads_comb":3,"fades_ms":800},"pwm_config":{"pwm_hz":4000,"temperature_mode":1,"gpio_red":-1,"gpio_green":-1,"gpio_blue":-1,"gpio_cold_or_cct":5,"gpio_warm_or_brightness":4},"hardware_config":{"white_min":10,"white_max":100,"white_power_max":100,"rgb_min":10,"rgb_max":100,"rgb_power_max":300},"gamma_config":{"enable_gamma_adjust":true,"gamma_red":100,"gamma_green":100,"gamma_blue":100,"gamma_cold":100,"gamma_warm":100,"curve_coe":1}}],"product_common":[{"type":"ezc.product_common.indicator","subtype":0,"driver":{"output":1000},"events":[{"name":"setup_mode_start","mode":"breathe","speed":2000,"color_select":2,"cct":50,"min_brightness":20,"max_brightness":100,"total_ms":0,"interrupt_forbidden":true},{"name":"setup_started","mode":"breathe","speed":1000,"color_select":2,"cct":50,"min_brightness":20,"max_brightness":100,"total_ms":0},{"name":"setup_successful","mode":"restore"},{"name":"setup_failed","mode":"solid","color_select":2,"cct":10,"max_brightness":100},{"name":"identification_start","mode":"blink","speed":1000,"color_select":2,"cct":50,"min_brightness":20,"max_brightness":100,"total_ms":0},{"name":"identification_stop","mode":"restore"},{"name":"identification_blink","mode":"blink","speed":1000,"color_select":2,"cct":50,"min_brightness":20,"max_brightness":100,"total_ms":1000},{"name":"identification_breathe","mode":"breathe","speed":1000,"color_select":2,"cct":50,"min_brightness":20,"max_brightness":100,"total_ms":15000},{"name":"identification_okay","mode":"blink","speed":2000,"color_select":2,"cct":50,"min_brightness":20,"max_brightness":100,"total_ms":1000},{"name":"identification_channel_change","mode":"blink","speed":16000,"color_select":2,"cct":50,"min_brightness":20,"max_brightness":100,"total_ms":8000},{"name":"identification_finish_effect","mode":"restore"},{"name":"identification_stop_effect","mode":"restore"}]},{"type":"ezc.product_common.factory_reset","subtype":1,"count":3,"auto_trigger":true}],"product":[{"type":"ezc.product.light","subtype":3,"driver":{"output":1000},"data_model":{"power_default":1,"power_bootup":-1,"level_default":50,"level_bootup":-1,"color_mode_default":1,"color_mode_bootup":-1,"temperature_default":4000,"temperature_bootup":-1,"temperature_minimum_default":2200,"temperature_maximum_default":7000}}],"test_mode":[{"type":"ezc.test_mode.common","subtype":1},{"type":"ezc.test_mode.ble","subtype":1},{"type":"ezc.test_mode.light","subtype":1},{"type":"ezc.test_mode.light","subtype":2},{"type":"ezc.test_mode.light","subtype":3}]}
2026-08-20 12:19:54.877 | After freeing product config: Current Free Memory: 97308, Minimum Ever Free Size: 66960, Largest Free Block: 60416
2026-08-20 12:19:55.485 | chan:1,max_power:80
2026-08-20 12:19:55.485 | chan:2,max_power:80
2026-08-20 12:19:55.485 | chan:3,max_power:80
2026-08-20 12:19:55.485 | chan:4,max_power:80
2026-08-20 12:19:55.485 | chan:5,max_power:80
2026-08-20 12:19:55.485 | chan:6,max_power:80
2026-08-20 12:19:55.486 | chan:7,max_power:80
2026-08-20 12:19:55.486 | chan:8,max_power:80
2026-08-20 12:19:55.486 | chan:9,max_power:80
2026-08-20 12:19:55.486 | chan:10,max_power:80
2026-08-20 12:19:55.486 | chan:11,max_power:80
2026-08-20 12:19:55.486 | chan:12,max_power:80
2026-08-20 12:19:55.486 | chan:13,max_power:80
2026-08-20 12:19:55.486 | chan:14,max_power:80
2026-08-20 12:19:55.486 | chan:1,max_power:80
2026-08-20 12:19:55.486 | chan:2,max_power:80
2026-08-20 12:19:55.486 | chan:3,max_power:80
2026-08-20 12:19:55.486 | chan:4,max_power:80
2026-08-20 12:19:55.486 | chan:5,max_power:80
2026-08-20 12:19:55.486 | chan:6,max_power:80
2026-08-20 12:19:55.487 | chan:7,max_power:80
2026-08-20 12:19:55.487 | chan:8,max_power:80
2026-08-20 12:19:55.487 | chan:9,max_power:80
2026-08-20 12:19:55.487 | chan:10,max_power:80
2026-08-20 12:19:55.487 | chan:11,max_power:80
2026-08-20 12:19:55.487 | chan:12,max_power:80
2026-08-20 12:19:55.487 | chan:13,max_power:80
2026-08-20 12:19:55.487 | chan:14,max_power:80
2026-08-20 12:19:55.487 | matter_one_core: Current Free Memory: 32044, Minimum Ever Free Size: 30508, Largest Free Block: 23040
2026-08-20 12:19:55.487 | matter_one_core: Current Free Memory: 32044, Minimum Ever Free Size: 30508, Largest Free Block: 23040
2026-08-20 12:19:55.487 | matter_one_core: Current Free Memory: 32044, Minimum Ever Free Size: 30508, Largest Free Block: 23040
2026-08-20 12:19:55.690 | matter_one_core: Current Free Memory: 31960, Minimum Ever Free Size: 30508, Largest Free Block: 23040
2026-08-20 12:19:55.691 | matter_one_core: Current Free Memory: 31960, Minimum Ever Free Size: 30508, Largest Free Block: 23040
2026-08-20 12:19:55.691 | After CORE TYPE START: Current Free Memory: 31872, Minimum Ever Free Size: 30508, Largest Free Block: 23040
2026-08-20 12:19:55.691 | zero_code_product: Current Free Memory: 31872, Minimum Ever Free Size: 30508, Largest Free Block: 23040
2026-08-20 12:19:56.296 | zero_code_utils: Resetting reboot count
2026-08-20 12:19:56.500 | zero_code_utils: Current Free Memory: 35428, Minimum Ever Free Size: 30508, Largest Free Block: 23040
2026-08-20 12:20:07.072 | matter_one_core: Current Free Memory: 35468, Minimum Ever Free Size: 30508, Largest Free Block: 23040
2026-08-20 12:20:08.088 | matter_one_core: Current Free Memory: 33932, Minimum Ever Free Size: 30508, Largest Free Block: 23040
2026-08-20 12:20:08.298 | matter_one_core: Current Free Memory: 33928, Minimum Ever Free Size: 30508, Largest Free Block: 23040
2026-08-20 12:20:08.298 | matter_one_core: Current Free Memory: 33928, Minimum Ever Free Size: 30508, Largest Free Block: 23040
2026-08-20 12:20:08.299 | matter_one_core: Current Free Memory: 33928, Minimum Ever Free Size: 30508, Largest Free Block: 23040
2026-08-20 12:20:08.706 | matter_one_core: Current Free Memory: 33928, Minimum Ever Free Size: 30508, Largest Free Block: 23040
2026-08-20 12:20:08.706 | matter_one_core: Current Free Memory: 33928, Minimum Ever Free Size: 30508, Largest Free Block: 23040
2026-08-20 12:20:09.318 | matter_one_core: Current Free Memory: 33912, Minimum Ever Free Size: 30508, Largest Free Block: 23040
2026-08-20 12:20:11.552 | matter_one_core: Current Free Memory: 31668, Minimum Ever Free Size: 29084, Largest Free Block: 21504
2026-08-20 12:20:16.428 | matter_one_core: Current Free Memory: 32324, Minimum Ever Free Size: 29084, Largest Free Block: 22016
2026-08-20 12:20:16.429 | matter_one_core: Current Free Memory: 30788, Minimum Ever Free Size: 29084, Largest Free Block: 20480
2026-08-20 12:20:16.629 | matter_one_core: Current Free Memory: 30096, Minimum Ever Free Size: 29084, Largest Free Block: 18432
2026-08-20 12:20:16.832 | matter_one_core: Current Free Memory: 31632, Minimum Ever Free Size: 29084, Largest Free Block: 18432
2026-08-20 12:20:16.832 | chan:1,max_power:80
2026-08-20 12:20:16.832 | chan:2,max_power:80
2026-08-20 12:20:16.832 | chan:3,max_power:80
2026-08-20 12:20:16.832 | chan:4,max_power:80
2026-08-20 12:20:16.832 | chan:5,max_power:80
2026-08-20 12:20:16.832 | chan:6,max_power:80
2026-08-20 12:20:16.832 | chan:7,max_power:80
2026-08-20 12:20:16.832 | chan:8,max_power:80
2026-08-20 12:20:16.832 | chan:9,max_power:80
2026-08-20 12:20:16.832 | chan:10,max_power:80
2026-08-20 12:20:16.832 | chan:11,max_power:80
2026-08-20 12:20:16.832 | chan:12,max_power:80
2026-08-20 12:20:16.832 | chan:13,max_power:80
2026-08-20 12:20:16.832 | chan:14,max_power:80
2026-08-20 12:20:16.832 | chan:1,max_power:80
2026-08-20 12:20:16.833 | chan:2,max_power:80
2026-08-20 12:20:16.833 | chan:3,max_power:80
2026-08-20 12:20:17.643 | chan:4,max_power:80
2026-08-20 12:20:17.644 | chan:5,max_power:80
2026-08-20 12:20:17.644 | chan:6,max_power:80
2026-08-20 12:20:17.644 | chan:7,max_power:80
2026-08-20 12:20:17.644 | chan:8,max_power:80
2026-08-20 12:20:17.644 | chan:9,max_power:80
2026-08-20 12:20:17.644 | chan:10,max_power:80
2026-08-20 12:20:17.644 | chan:11,max_power:80
2026-08-20 12:20:17.644 | chan:12,max_power:80
2026-08-20 12:20:17.644 | chan:13,max_power:80
2026-08-20 12:20:17.644 | chan:14,max_power:80
2026-08-20 12:20:17.644 | chan:1,max_power:80
2026-08-20 12:20:17.644 | chan:2,max_power:80
2026-08-20 12:20:17.644 | chan:3,max_power:80
2026-08-20 12:20:17.644 | chan:4,max_power:80
2026-08-20 12:20:17.644 | chan:5,max_power:80
2026-08-20 12:20:17.645 | chan:6,max_power:80
2026-08-20 12:20:17.645 | chan:7,max_power:80
2026-08-20 12:20:17.645 | chan:8,max_power:80
2026-08-20 12:20:17.645 | chan:9,max_power:80
2026-08-20 12:20:17.645 | chan:10,max_power:80
2026-08-20 12:20:17.645 | chan:11,max_power:80
2026-08-20 12:20:17.645 | chan:12,max_power:80
2026-08-20 12:20:17.645 | chan:13,max_power:80
2026-08-20 12:20:17.645 | chan:14,max_power:80
2026-08-20 12:20:18.051 | chan:1,max_power:80
2026-08-20 12:20:18.051 | chan:2,max_power:80
2026-08-20 12:20:18.051 | chan:3,max_power:80
2026-08-20 12:20:18.051 | chan:4,max_power:80
2026-08-20 12:20:18.051 | chan:5,max_power:80
2026-08-20 12:20:18.051 | chan:6,max_power:80
2026-08-20 12:20:18.051 | chan:7,max_power:80
2026-08-20 12:20:18.051 | chan:8,max_power:80
2026-08-20 12:20:18.051 | chan:9,max_power:80
2026-08-20 12:20:18.051 | chan:10,max_power:80
2026-08-20 12:20:18.051 | chan:11,max_power:80
2026-08-20 12:20:18.051 | chan:12,max_power:80
2026-08-20 12:20:18.051 | chan:13,max_power:80
2026-08-20 12:20:18.051 | chan:14,max_power:80
2026-08-20 12:20:18.051 | matter_one_core: Current Free Memory: 30572, Minimum Ever Free Size: 28144, Largest Free Block: 20992
2026-08-20 12:20:18.052 | matter_one_core: Current Free Memory: 30572, Minimum Ever Free Size: 28144, Largest Free Block: 20992
2026-08-20 12:20:18.052 | matter_one_core: Current Free Memory: 30572, Minimum Ever Free Size: 28144, Largest Free Block: 20992
2026-08-20 12:20:18.052 | matter_one_core: Current Free Memory: 30572, Minimum Ever Free Size: 28144, Largest Free Block: 20992
2026-08-20 12:20:19.873 | matter_one_core: Current Free Memory: 31476, Minimum Ever Free Size: 28144, Largest Free Block: 22528
2026-08-20 12:20:19.874 | matter_one_core: Current Free Memory: 31476, Minimum Ever Free Size: 28144, Largest Free Block: 22528
2026-08-20 12:20:19.874 | matter_one_core: Current Free Memory: 29380, Minimum Ever Free Size: 26244, Largest Free Block: 16384
2026-08-20 12:20:19.874 | matter_one_core: Current Free Memory: 30028, Minimum Ever Free Size: 26244, Largest Free Block: 16384
2026-08-20 12:20:20.481 | matter_one_core: Current Free Memory: 29524, Minimum Ever Free Size: 24928, Largest Free Block: 18432
2026-08-20 12:20:21.295 | matter_one_core: Current Free Memory: 27608, Minimum Ever Free Size: 21780, Largest Free Block: 16896
2026-08-20 12:20:21.295 | matter_one_core: Current Free Memory: 30816, Minimum Ever Free Size: 21780, Largest Free Block: 15360
2026-08-20 12:20:21.295 | matter_one_core: Current Free Memory: 28480, Minimum Ever Free Size: 21780, Largest Free Block: 15360
2026-08-20 12:20:21.295 | matter_one_core: Current Free Memory: 28480, Minimum Ever Free Size: 21780, Largest Free Block: 15360
2026-08-20 12:20:21.295 | matter_one_core: Current Free Memory: 49648, Minimum Ever Free Size: 21780, Largest Free Block: 15360
2026-08-20 12:20:23.358 | matter_one_core: Current Free Memory: 65876, Minimum Ever Free Size: 31784, Largest Free Block: 16896
2026-08-20 12:20:24.578 | matter_one_core: Current Free Memory: 60304, Minimum Ever Free Size: 24024, Largest Free Block: 16896
2026-08-20 12:20:24.578 | matter_one_core: Current Free Memory: 60304, Minimum Ever Free Size: 24024, Largest Free Block: 16896
2026-08-20 12:20:24.578 | matter_one_core: Current Free Memory: 60480, Minimum Ever Free Size: 24024, Largest Free Block: 16896
2026-08-20 12:20:24.984 | matter_one_core: Current Free Memory: 57228, Minimum Ever Free Size: 21784, Largest Free Block: 22528
2026-08-20 12:20:26.610 | matter_one_core: Current Free Memory: 63668, Minimum Ever Free Size: 21784, Largest Free Block: 22528
2026-08-20 12:20:28.440 | matter_one_core: Current Free Memory: 64516, Minimum Ever Free Size: 21784, Largest Free Block: 22528
2026-08-20 12:20:28.441 | matter_one_core: Current Free Memory: 64516, Minimum Ever Free Size: 21784, Largest Free Block: 22528
2026-08-20 12:20:47.731 | matter_one_core: Current Free Memory: 64504, Minimum Ever Free Size: 21784, Largest Free Block: 22528
2026-08-20 12:20:47.731 | matter_one_core: Current Free Memory: 64768, Minimum Ever Free Size: 21784, Largest Free Block: 22528
2026-08-20 12:20:47.731 | matter_one_core: Current Free Memory: 64768, Minimum Ever Free Size: 21784, Largest Free Block: 22528
2026-08-20 12:20:51.393 | matter_one_core: Current Free Memory: 64724, Minimum Ever Free Size: 21784, Largest Free Block: 22528
2026-08-20 12:20:51.393 | matter_one_core: Current Free Memory: 64724, Minimum Ever Free Size: 21784, Largest Free Block: 22528
2026-08-20 12:20:51.393 | matter_one_core: Current Free Memory: 63232, Minimum Ever Free Size: 21784, Largest Free Block: 22528
2026-08-20 12:20:53.831 | matter_one_core: Current Free Memory: 64504, Minimum Ever Free Size: 21784, Largest Free Block: 22528
2026-08-20 12:20:53.831 | matter_one_core: Current Free Memory: 64504, Minimum Ever Free Size: 21784, Largest Free Block: 22528
2026-08-20 12:20:53.831 | matter_one_core: Current Free Memory: 64768, Minimum Ever Free Size: 21784, Largest Free Block: 22528
2026-08-20 12:20:56.269 | matter_one_core: Current Free Memory: 64712, Minimum Ever Free Size: 21784, Largest Free Block: 22528
2026-08-20 12:20:56.270 | matter_one_core: Current Free Memory: 64712, Minimum Ever Free Size: 21784, Largest Free Block: 22528
2026-08-20 12:20:56.270 | matter_one_core: Current Free Memory: 62956, Minimum Ever Free Size: 21784, Largest Free Block: 22528
2026-08-20 12:20:57.483 | matter_one_core: Current Free Memory: 64264, Minimum Ever Free Size: 21784, Largest Free Block: 22528
2026-08-20 12:20:57.484 | matter_one_core: Current Free Memory: 64264, Minimum Ever Free Size: 21784, Largest Free Block: 22528
2026-08-20 12:20:57.484 | matter_one_core: Current Free Memory: 64756, Minimum Ever Free Size: 21784, Largest Free Block: 22528
# serial capture start 2026-08-20 15:10:07.163
# port=/dev/cu.usbserial-14220 baud=74880 filter=factory-reset
2026-08-20 15:10:15.931 | ESP-ROM:esp32c2-eco4-20240515
2026-08-20 15:10:15.934 | Build:May 15 2024
2026-08-20 15:10:15.934 | rst:0x1 (POWERON),boot:0xc (SPI_FAST_FLASH_BOOT)
2026-08-20 15:10:15.934 | SPIWP:0xee
2026-08-20 15:10:16.136 | mode:DIO, clock div:1
2026-08-20 15:10:16.137 | load:0x3fcd5d00,len:0x1428
2026-08-20 15:10:16.137 | load:0x403acb70,len:0x8ec
2026-08-20 15:10:16.137 | load:0x403aeb70,len:0x31d8
2026-08-20 15:10:16.137 | entry 0x403acb70
2026-08-20 15:10:16.340 | zero_code_product: enter main: 376 ms
2026-08-20 15:10:16.342 | zero_code_product: Current Free Memory: 129680, Minimum Ever Free Size: 129680, Largest Free Block: 120832
2026-08-20 15:10:16.543 | zero_code_utils: Reboot count: 1, reset reason: 1
2026-08-20 15:10:16.543 | light_matter: restore done: 532 ms
2026-08-20 15:10:16.543 | zero_code_core: Current Free Memory: 94644, Minimum Ever Free Size: 94644, Largest Free Block: 83968
2026-08-20 15:10:16.543 | zero_code_utils: Chip: esp32c2
2026-08-20 15:10:16.543 | zero_code_utils: Software Version: 1.4.0
2026-08-20 15:10:16.543 | zero_code_utils: Software Version Number: 10040000
2026-08-20 15:10:16.543 | zero_code_utils: Software Version Suffix: 875
2026-08-20 15:10:16.543 | zero_code_utils: Firmware Type: Evaluation
2026-08-20 15:10:16.543 | zero_code_utils: MAC: 58:2a:bd:38:1f:f4
2026-08-20 15:10:16.543 | zero_code_utils: RainMaker Node ID: b1ed4290-1dc3-4ca8-93fa-c6b15346486f
2026-08-20 15:10:16.543 | zero_code_utils: Matter Serial Number: b1ed42901dc34ca893fac6b15346486f
2026-08-20 15:10:16.543 | zero_code_utils: Firmware partition offset: 0x10000
2026-08-20 15:10:17.019 | zero_code_utils: Product Config: {"config_version":3,"pre_driver":[{"type":"ezc.pre_driver.power_management","enable_light_sleep":true,"max_freq_mhz":160,"min_freq_mhz":10}],"driver":[{"id":1000,"type":"ezc.driver.led","name":"pwm","lighting_config":{"enable_gradient":true,"enable_memory":false,"enable_lowpower":false,"sync_change_brightness":true,"disable_auto_on":true,"beads_comb":3,"fades_ms":800},"pwm_config":{"pwm_hz":4000,"temperature_mode":1,"gpio_red":-1,"gpio_green":-1,"gpio_blue":-1,"gpio_cold_or_cct":5,"gpio_warm_or_brightness":4},"hardware_config":{"white_min":10,"white_max":100,"white_power_max":100,"rgb_min":10,"rgb_max":100,"rgb_power_max":300},"gamma_config":{"enable_gamma_adjust":true,"gamma_red":100,"gamma_green":100,"gamma_blue":100,"gamma_cold":100,"gamma_warm":100,"curve_coe":1}}],"product_common":[{"type":"ezc.product_common.indicator","subtype":0,"driver":{"output":1000},"events":[{"name":"setup_mode_start","mode":"breathe","speed":2000,"color_select":2,"cct":50,"min_brightness":20,"max_brightness":100,"total_ms":0,"interrupt_forbidden":true},{"name":"setup_started","mode":"breathe","speed":1000,"color_select":2,"cct":50,"min_brightness":20,"max_brightness":100,"total_ms":0},{"name":"setup_successful","mode":"restore"},{"name":"setup_failed","mode":"solid","color_select":2,"cct":10,"max_brightness":100},{"name":"identification_start","mode":"blink","speed":1000,"color_select":2,"cct":50,"min_brightness":20,"max_brightness":100,"total_ms":0},{"name":"identification_stop","mode":"restore"},{"name":"identification_blink","mode":"blink","speed":1000,"color_select":2,"cct":50,"min_brightness":20,"max_brightness":100,"total_ms":1000},{"name":"identification_breathe","mode":"breathe","speed":1000,"color_select":2,"cct":50,"min_brightness":20,"max_brightness":100,"total_ms":15000},{"name":"identification_okay","mode":"blink","speed":2000,"color_select":2,"cct":50,"min_brightness":20,"max_brightness":100,"total_ms":1000},{"name":"identification_channel_change","mode":"blink","speed":16000,"color_select":2,"cct":50,"min_brightness":20,"max_brightness":100,"total_ms":8000},{"name":"identification_finish_effect","mode":"restore"},{"name":"identification_stop_effect","mode":"restore"}]},{"type":"ezc.product_common.factory_reset","subtype":1,"count":3,"auto_trigger":true}],"product":[{"type":"ezc.product.light","subtype":3,"driver":{"output":1000},"data_model":{"power_default":1,"power_bootup":-1,"level_default":50,"level_bootup":-1,"color_mode_default":1,"color_mode_bootup":-1,"temperature_default":4000,"temperature_bootup":-1,"temperature_minimum_default":2200,"temperature_maximum_default":7000}}],"test_mode":[{"type":"ezc.test_mode.common","subtype":1},{"type":"ezc.test_mode.ble","subtype":1},{"type":"ezc.test_mode.light","subtype":1},{"type":"ezc.test_mode.light","subtype":2},{"type":"ezc.test_mode.light","subtype":3}]}
2026-08-20 15:10:17.019 | After freeing product config: Current Free Memory: 103884, Minimum Ever Free Size: 94560, Largest Free Block: 83968
2026-08-20 15:10:17.831 | matter_one_core: Current Free Memory: 30800, Minimum Ever Free Size: 29264, Largest Free Block: 22016
2026-08-20 15:10:17.832 | chan:1,max_power:80
2026-08-20 15:10:17.832 | chan:2,max_power:80
2026-08-20 15:10:17.832 | chan:3,max_power:80
2026-08-20 15:10:17.832 | chan:4,max_power:80
2026-08-20 15:10:18.037 | chan:5,max_power:80
2026-08-20 15:10:18.037 | chan:6,max_power:80
2026-08-20 15:10:18.037 | chan:7,max_power:80
2026-08-20 15:10:18.038 | chan:8,max_power:80
2026-08-20 15:10:18.038 | chan:9,max_power:80
2026-08-20 15:10:18.038 | chan:10,max_power:80
2026-08-20 15:10:18.038 | chan:11,max_power:80
2026-08-20 15:10:18.038 | chan:12,max_power:80
2026-08-20 15:10:18.038 | chan:13,max_power:80
2026-08-20 15:10:18.038 | chan:14,max_power:80
2026-08-20 15:10:18.652 | matter_one_core: Current Free Memory: 29184, Minimum Ever Free Size: 29112, Largest Free Block: 19968
2026-08-20 15:10:18.652 | matter_one_core: Current Free Memory: 29360, Minimum Ever Free Size: 29040, Largest Free Block: 19968
2026-08-20 15:10:18.652 | matter_one_core: Current Free Memory: 33920, Minimum Ever Free Size: 29040, Largest Free Block: 19968
2026-08-20 15:10:18.652 | After CORE TYPE START: Current Free Memory: 50692, Minimum Ever Free Size: 29040, Largest Free Block: 19968
2026-08-20 15:10:18.652 | zero_code_product: Current Free Memory: 50692, Minimum Ever Free Size: 29040, Largest Free Block: 19968
2026-08-20 15:10:19.061 | chan:1,max_power:80
2026-08-20 15:10:19.061 | chan:2,max_power:80
2026-08-20 15:10:19.061 | chan:3,max_power:80
2026-08-20 15:10:19.061 | chan:4,max_power:80
2026-08-20 15:10:19.061 | chan:5,max_power:80
2026-08-20 15:10:19.061 | chan:6,max_power:80
2026-08-20 15:10:19.061 | chan:7,max_power:80
2026-08-20 15:10:19.061 | chan:8,max_power:80
2026-08-20 15:10:19.062 | chan:9,max_power:80
2026-08-20 15:10:19.062 | chan:10,max_power:80
2026-08-20 15:10:19.062 | chan:11,max_power:80
2026-08-20 15:10:19.062 | chan:12,max_power:80
2026-08-20 15:10:19.062 | chan:13,max_power:80
2026-08-20 15:10:19.063 | chan:14,max_power:80
2026-08-20 15:10:19.063 | matter_one_core: Current Free Memory: 59360, Minimum Ever Free Size: 29040, Largest Free Block: 22016
2026-08-20 15:10:19.063 | matter_one_core: Current Free Memory: 59360, Minimum Ever Free Size: 29040, Largest Free Block: 22016
2026-08-20 15:10:20.083 | matter_one_core: Current Free Memory: 58960, Minimum Ever Free Size: 29040, Largest Free Block: 22016
2026-08-20 15:10:20.083 | matter_one_core: Current Free Memory: 59144, Minimum Ever Free Size: 29040, Largest Free Block: 22016
2026-08-20 15:10:20.084 | matter_one_core: Current Free Memory: 55616, Minimum Ever Free Size: 29040, Largest Free Block: 22016
2026-08-20 15:10:20.084 | matter_one_core: Current Free Memory: 56500, Minimum Ever Free Size: 29040, Largest Free Block: 22016
2026-08-20 15:10:20.697 | matter_one_core: Current Free Memory: 66380, Minimum Ever Free Size: 39044, Largest Free Block: 22016
2026-08-20 15:10:21.515 | zero_code_utils: Resetting reboot count
2026-08-20 15:10:21.515 | zero_code_utils: Current Free Memory: 66320, Minimum Ever Free Size: 35604, Largest Free Block: 22016
2026-08-20 15:10:21.920 | matter_one_core: Current Free Memory: 61768, Minimum Ever Free Size: 34260, Largest Free Block: 22016
2026-08-20 15:10:21.921 | matter_one_core: Current Free Memory: 61768, Minimum Ever Free Size: 34260, Largest Free Block: 22016
2026-08-20 15:10:21.921 | matter_one_core: Current Free Memory: 61944, Minimum Ever Free Size: 34260, Largest Free Block: 22016
2026-08-20 15:11:05.352 | ESP-ROM:esp32c2-eco4-20240515
2026-08-20 15:11:05.354 | Build:May 15 2024
2026-08-20 15:11:05.354 | rst:0x1 (POWERON),boot:0xc (SPI_FAST_FLASH_BOOT)
2026-08-20 15:11:05.354 | SPIWP:0xee
2026-08-20 15:11:05.354 | mode:DIO, clock div:1
2026-08-20 15:11:05.354 | load:0x3fcd5d00,len:0x1428
2026-08-20 15:11:05.355 | load:0x403acb70,len:0x8ec
2026-08-20 15:11:05.355 | load:0x403aeb70,len:0x31d8
2026-08-20 15:11:05.355 | entry 0x403acb70
2026-08-20 15:11:05.759 | zero_code_product: enter main: 376 ms
2026-08-20 15:11:05.761 | zero_code_product: Current Free Memory: 129680, Minimum Ever Free Size: 129680, Largest Free Block: 120832
2026-08-20 15:11:05.761 | zero_code_utils: Reboot count: 1, reset reason: 1
2026-08-20 15:11:05.762 | light_matter: restore done: 528 ms
2026-08-20 15:11:05.892 | zero_code_core: Current Free Memory: 94644, Minimum Ever Free Size: 94644, Largest Free Block: 83968
2026-08-20 15:11:05.892 | zero_code_utils: Chip: esp32c2
2026-08-20 15:11:05.892 | zero_code_utils: Software Version: 1.4.0
2026-08-20 15:11:05.892 | zero_code_utils: Software Version Number: 10040000
2026-08-20 15:11:05.892 | zero_code_utils: Software Version Suffix: 875
2026-08-20 15:11:05.892 | zero_code_utils: Firmware Type: Evaluation
2026-08-20 15:11:05.892 | zero_code_utils: MAC: 58:2a:bd:38:1f:f4
2026-08-20 15:11:05.893 | zero_code_utils: RainMaker Node ID: b1ed4290-1dc3-4ca8-93fa-c6b15346486f
2026-08-20 15:11:05.893 | zero_code_utils: Matter Serial Number: b1ed42901dc34ca893fac6b15346486f
2026-08-20 15:11:05.893 | zero_code_utils: Firmware partition offset: 0x10000
2026-08-20 15:11:06.370 | zero_code_utils: Product Config: {"config_version":3,"pre_driver":[{"type":"ezc.pre_driver.power_management","enable_light_sleep":true,"max_freq_mhz":160,"min_freq_mhz":10}],"driver":[{"id":1000,"type":"ezc.driver.led","name":"pwm","lighting_config":{"enable_gradient":true,"enable_memory":false,"enable_lowpower":false,"sync_change_brightness":true,"disable_auto_on":true,"beads_comb":3,"fades_ms":800},"pwm_config":{"pwm_hz":4000,"temperature_mode":1,"gpio_red":-1,"gpio_green":-1,"gpio_blue":-1,"gpio_cold_or_cct":5,"gpio_warm_or_brightness":4},"hardware_config":{"white_min":10,"white_max":100,"white_power_max":100,"rgb_min":10,"rgb_max":100,"rgb_power_max":300},"gamma_config":{"enable_gamma_adjust":true,"gamma_red":100,"gamma_green":100,"gamma_blue":100,"gamma_cold":100,"gamma_warm":100,"curve_coe":1}}],"product_common":[{"type":"ezc.product_common.indicator","subtype":0,"driver":{"output":1000},"events":[{"name":"setup_mode_start","mode":"breathe","speed":2000,"color_select":2,"cct":50,"min_brightness":20,"max_brightness":100,"total_ms":0,"interrupt_forbidden":true},{"name":"setup_started","mode":"breathe","speed":1000,"color_select":2,"cct":50,"min_brightness":20,"max_brightness":100,"total_ms":0},{"name":"setup_successful","mode":"restore"},{"name":"setup_failed","mode":"solid","color_select":2,"cct":10,"max_brightness":100},{"name":"identification_start","mode":"blink","speed":1000,"color_select":2,"cct":50,"min_brightness":20,"max_brightness":100,"total_ms":0},{"name":"identification_stop","mode":"restore"},{"name":"identification_blink","mode":"blink","speed":1000,"color_select":2,"cct":50,"min_brightness":20,"max_brightness":100,"total_ms":1000},{"name":"identification_breathe","mode":"breathe","speed":1000,"color_select":2,"cct":50,"min_brightness":20,"max_brightness":100,"total_ms":15000},{"name":"identification_okay","mode":"blink","speed":2000,"color_select":2,"cct":50,"min_brightness":20,"max_brightness":100,"total_ms":1000},{"name":"identification_channel_change","mode":"blink","speed":16000,"color_select":2,"cct":50,"min_brightness":20,"max_brightness":100,"total_ms":8000},{"name":"identification_finish_effect","mode":"restore"},{"name":"identification_stop_effect","mode":"restore"}]},{"type":"ezc.product_common.factory_reset","subtype":1,"count":3,"auto_trigger":true}],"product":[{"type":"ezc.product.light","subtype":3,"driver":{"output":1000},"data_model":{"power_default":1,"power_bootup":-1,"level_default":50,"level_bootup":-1,"color_mode_default":1,"color_mode_bootup":-1,"temperature_default":4000,"temperature_bootup":-1,"temperature_minimum_default":2200,"temperature_maximum_default":7000}}],"test_mode":[{"type":"ezc.test_mode.common","subtype":1},{"type":"ezc.test_mode.ble","subtype":1},{"type":"ezc.test_mode.light","subtype":1},{"type":"ezc.test_mode.light","subtype":2},{"type":"ezc.test_mode.light","subtype":3}]}
2026-08-20 15:11:06.370 | After freeing product config: Current Free Memory: 103884, Minimum Ever Free Size: 94560, Largest Free Block: 83968
2026-08-20 15:11:07.184 | matter_one_core: Current Free Memory: 30896, Minimum Ever Free Size: 29360, Largest Free Block: 22016
2026-08-20 15:11:07.185 | chan:1,max_power:80
2026-08-20 15:11:07.185 | chan:2,max_power:80
2026-08-20 15:11:07.185 | chan:3,max_power:80
2026-08-20 15:11:07.185 | chan:4,max_power:80
2026-08-20 15:11:07.185 | chan:5,max_power:80
2026-08-20 15:11:07.185 | chan:6,max_power:80
2026-08-20 15:11:07.186 | chan:7,max_power:80
2026-08-20 15:11:07.186 | chan:8,max_power:80
2026-08-20 15:11:07.186 | chan:9,max_power:80
2026-08-20 15:11:07.186 | chan:10,max_power:80
2026-08-20 15:11:07.186 | chan:11,max_power:80
2026-08-20 15:11:07.187 | chan:12,max_power:80
2026-08-20 15:11:07.187 | chan:13,max_power:80
2026-08-20 15:11:07.187 | chan:14,max_power:80
2026-08-20 15:11:07.796 | matter_one_core: Current Free Memory: 29264, Minimum Ever Free Size: 29192, Largest Free Block: 19968
2026-08-20 15:11:07.796 | matter_one_core: Current Free Memory: 29432, Minimum Ever Free Size: 29192, Largest Free Block: 20480
2026-08-20 15:11:08.001 | matter_one_core: Current Free Memory: 33992, Minimum Ever Free Size: 29192, Largest Free Block: 20480
2026-08-20 15:11:08.001 | After CORE TYPE START: Current Free Memory: 50764, Minimum Ever Free Size: 29192, Largest Free Block: 20480
2026-08-20 15:11:08.001 | zero_code_product: Current Free Memory: 50764, Minimum Ever Free Size: 29192, Largest Free Block: 20480
2026-08-20 15:11:10.046 | ESP-ROM:esp32c2-eco4-20240515
2026-08-20 15:11:10.046 | Build:May 15 2024
2026-08-20 15:11:10.046 | rst:0x1 (POWERON),boot:0xc (SPI_FAST_FLASH_BOOT)
2026-08-20 15:11:10.046 | SPIWP:0xee
2026-08-20 15:11:10.046 | mode:DIO, clock div:1
2026-08-20 15:11:10.046 | load:0x3fcd5d00,len:0x1428
2026-08-20 15:11:10.046 | load:0x403acb70,len:0x8ec
2026-08-20 15:11:10.047 | load:0x403aeb70,len:0x31d8
2026-08-20 15:11:10.047 | entry 0x403acb70
2026-08-20 15:11:10.452 | zero_code_product: enter main: 376 ms
2026-08-20 15:11:10.452 | zero_code_product: Current Free Memory: 129680, Minimum Ever Free Size: 129680, Largest Free Block: 120832
2026-08-20 15:11:10.452 | zero_code_utils: Reboot count: 2, reset reason: 1
2026-08-20 15:11:10.452 | light_matter: restore done: 528 ms
2026-08-20 15:11:10.452 | zero_code_core: Current Free Memory: 94644, Minimum Ever Free Size: 94644, Largest Free Block: 83968
2026-08-20 15:11:10.452 | zero_code_utils: Chip: esp32c2
2026-08-20 15:11:10.452 | zero_code_utils: Software Version: 1.4.0
2026-08-20 15:11:10.452 | zero_code_utils: Software Version Number: 10040000
2026-08-20 15:11:10.452 | zero_code_utils: Software Version Suffix: 875
2026-08-20 15:11:10.587 | zero_code_utils: Firmware Type: Evaluation
2026-08-20 15:11:10.587 | zero_code_utils: MAC: 58:2a:bd:38:1f:f4
2026-08-20 15:11:10.587 | zero_code_utils: RainMaker Node ID: b1ed4290-1dc3-4ca8-93fa-c6b15346486f
2026-08-20 15:11:10.587 | zero_code_utils: Matter Serial Number: b1ed42901dc34ca893fac6b15346486f
2026-08-20 15:11:10.587 | zero_code_utils: Firmware partition offset: 0x10000
2026-08-20 15:11:11.064 | zero_code_utils: Product Config: {"config_version":3,"pre_driver":[{"type":"ezc.pre_driver.power_management","enable_light_sleep":true,"max_freq_mhz":160,"min_freq_mhz":10}],"driver":[{"id":1000,"type":"ezc.driver.led","name":"pwm","lighting_config":{"enable_gradient":true,"enable_memory":false,"enable_lowpower":false,"sync_change_brightness":true,"disable_auto_on":true,"beads_comb":3,"fades_ms":800},"pwm_config":{"pwm_hz":4000,"temperature_mode":1,"gpio_red":-1,"gpio_green":-1,"gpio_blue":-1,"gpio_cold_or_cct":5,"gpio_warm_or_brightness":4},"hardware_config":{"white_min":10,"white_max":100,"white_power_max":100,"rgb_min":10,"rgb_max":100,"rgb_power_max":300},"gamma_config":{"enable_gamma_adjust":true,"gamma_red":100,"gamma_green":100,"gamma_blue":100,"gamma_cold":100,"gamma_warm":100,"curve_coe":1}}],"product_common":[{"type":"ezc.product_common.indicator","subtype":0,"driver":{"output":1000},"events":[{"name":"setup_mode_start","mode":"breathe","speed":2000,"color_select":2,"cct":50,"min_brightness":20,"max_brightness":100,"total_ms":0,"interrupt_forbidden":true},{"name":"setup_started","mode":"breathe","speed":1000,"color_select":2,"cct":50,"min_brightness":20,"max_brightness":100,"total_ms":0},{"name":"setup_successful","mode":"restore"},{"name":"setup_failed","mode":"solid","color_select":2,"cct":10,"max_brightness":100},{"name":"identification_start","mode":"blink","speed":1000,"color_select":2,"cct":50,"min_brightness":20,"max_brightness":100,"total_ms":0},{"name":"identification_stop","mode":"restore"},{"name":"identification_blink","mode":"blink","speed":1000,"color_select":2,"cct":50,"min_brightness":20,"max_brightness":100,"total_ms":1000},{"name":"identification_breathe","mode":"breathe","speed":1000,"color_select":2,"cct":50,"min_brightness":20,"max_brightness":100,"total_ms":15000},{"name":"identification_okay","mode":"blink","speed":2000,"color_select":2,"cct":50,"min_brightness":20,"max_brightness":100,"total_ms":1000},{"name":"identification_channel_change","mode":"blink","speed":16000,"color_select":2,"cct":50,"min_brightness":20,"max_brightness":100,"total_ms":8000},{"name":"identification_finish_effect","mode":"restore"},{"name":"identification_stop_effect","mode":"restore"}]},{"type":"ezc.product_common.factory_reset","subtype":1,"count":3,"auto_trigger":true}],"product":[{"type":"ezc.product.light","subtype":3,"driver":{"output":1000},"data_model":{"power_default":1,"power_bootup":-1,"level_default":50,"level_bootup":-1,"color_mode_default":1,"color_mode_bootup":-1,"temperature_default":4000,"temperature_bootup":-1,"temperature_minimum_default":2200,"temperature_maximum_default":7000}}],"test_mode":[{"type":"ezc.test_mode.common","subtype":1},{"type":"ezc.test_mode.ble","subtype":1},{"type":"ezc.test_mode.light","subtype":1},{"type":"ezc.test_mode.light","subtype":2},{"type":"ezc.test_mode.light","subtype":3}]}
2026-08-20 15:11:11.064 | After freeing product config: Current Free Memory: 103884, Minimum Ever Free Size: 94560, Largest Free Block: 83968
2026-08-20 15:11:11.878 | matter_one_core: Current Free Memory: 30896, Minimum Ever Free Size: 29360, Largest Free Block: 22016
2026-08-20 15:11:11.878 | chan:1,max_power:80
2026-08-20 15:11:11.878 | chan:2,max_power:80
2026-08-20 15:11:11.878 | chan:3,max_power:80
2026-08-20 15:11:11.878 | chan:4,max_power:80
2026-08-20 15:11:11.878 | chan:5,max_power:80
2026-08-20 15:11:11.878 | chan:6,max_power:80
2026-08-20 15:11:11.878 | chan:7,max_power:80
2026-08-20 15:11:11.878 | chan:8,max_power:80
2026-08-20 15:11:11.879 | chan:9,max_power:80
2026-08-20 15:11:11.879 | chan:10,max_power:80
2026-08-20 15:11:11.879 | chan:11,max_power:80
2026-08-20 15:11:11.879 | chan:12,max_power:80
2026-08-20 15:11:11.879 | chan:13,max_power:80
2026-08-20 15:11:11.879 | chan:14,max_power:80
2026-08-20 15:11:12.489 | matter_one_core: Current Free Memory: 29248, Minimum Ever Free Size: 29176, Largest Free Block: 19968
2026-08-20 15:11:12.490 | matter_one_core: Current Free Memory: 29192, Minimum Ever Free Size: 29104, Largest Free Block: 19968
2026-08-20 15:11:12.490 | matter_one_core: Current Free Memory: 50836, Minimum Ever Free Size: 29104, Largest Free Block: 19968
2026-08-20 15:11:12.694 | After CORE TYPE START: Current Free Memory: 50748, Minimum Ever Free Size: 29104, Largest Free Block: 19968
2026-08-20 15:11:12.694 | zero_code_product: Current Free Memory: 50748, Minimum Ever Free Size: 29104, Largest Free Block: 19968
2026-08-20 15:11:12.899 | chan:1,max_power:80
2026-08-20 15:11:12.899 | chan:2,max_power:80
2026-08-20 15:11:12.899 | chan:3,max_power:80
2026-08-20 15:11:12.899 | chan:4,max_power:80
2026-08-20 15:11:12.899 | chan:5,max_power:80
2026-08-20 15:11:12.899 | chan:6,max_power:80
2026-08-20 15:11:12.899 | chan:7,max_power:80
2026-08-20 15:11:12.899 | chan:8,max_power:80
2026-08-20 15:11:12.900 | chan:9,max_power:80
2026-08-20 15:11:12.900 | chan:10,max_power:80
2026-08-20 15:11:12.900 | chan:11,max_power:80
2026-08-20 15:11:12.900 | chan:12,max_power:80
2026-08-20 15:11:12.900 | chan:13,max_power:80
2026-08-20 15:11:12.900 | chan:14,max_power:80
2026-08-20 15:11:12.900 | matter_one_core: Current Free Memory: 59500, Minimum Ever Free Size: 29104, Largest Free Block: 22016
2026-08-20 15:11:12.900 | matter_one_core: Current Free Memory: 59500, Minimum Ever Free Size: 29104, Largest Free Block: 22016
2026-08-20 15:11:14.939 | ESP-ROM:esp32c2-eco4-20240515
2026-08-20 15:11:14.939 | Build:May 15 2024
2026-08-20 15:11:14.940 | rst:0x1 (POWERON),boot:0xc (SPI_FAST_FLASH_BOOT)
2026-08-20 15:11:14.940 | SPIWP:0xee
2026-08-20 15:11:14.940 | mode:DIO, clock div:1
2026-08-20 15:11:14.940 | load:0x3fcd5d00,len:0x1428
2026-08-20 15:11:14.940 | load:0x403acb70,len:0x8ec
2026-08-20 15:11:14.940 | load:0x403aeb70,len:0x31d8
2026-08-20 15:11:14.940 | entry 0x403acb70
2026-08-20 15:11:15.347 | zero_code_product: enter main: 376 ms
2026-08-20 15:11:15.348 | zero_code_product: Current Free Memory: 129680, Minimum Ever Free Size: 129680, Largest Free Block: 120832
2026-08-20 15:11:15.549 | zero_code_utils: Reboot count: 3, reset reason: 1
2026-08-20 15:11:15.549 | light_matter: restore done: 529 ms
2026-08-20 15:11:15.549 | zero_code_core: Current Free Memory: 94600, Minimum Ever Free Size: 94600, Largest Free Block: 83968
2026-08-20 15:11:15.549 | zero_code_utils: Chip: esp32c2
2026-08-20 15:11:15.549 | zero_code_utils: Software Version: 1.4.0
2026-08-20 15:11:15.549 | zero_code_utils: Software Version Number: 10040000
2026-08-20 15:11:15.549 | zero_code_utils: Software Version Suffix: 875
2026-08-20 15:11:15.549 | zero_code_utils: Firmware Type: Evaluation
2026-08-20 15:11:15.549 | zero_code_utils: MAC: 58:2a:bd:38:1f:f4
2026-08-20 15:11:15.549 | zero_code_utils: RainMaker Node ID: b1ed4290-1dc3-4ca8-93fa-c6b15346486f
2026-08-20 15:11:15.549 | zero_code_utils: Matter Serial Number: b1ed42901dc34ca893fac6b15346486f
2026-08-20 15:11:15.550 | zero_code_utils: Firmware partition offset: 0x10000
2026-08-20 15:11:16.021 | zero_code_utils: Product Config: {"config_version":3,"pre_driver":[{"type":"ezc.pre_driver.power_management","enable_light_sleep":true,"max_freq_mhz":160,"min_freq_mhz":10}],"driver":[{"id":1000,"type":"ezc.driver.led","name":"pwm","lighting_config":{"enable_gradient":true,"enable_memory":false,"enable_lowpower":false,"sync_change_brightness":true,"disable_auto_on":true,"beads_comb":3,"fades_ms":800},"pwm_config":{"pwm_hz":4000,"temperature_mode":1,"gpio_red":-1,"gpio_green":-1,"gpio_blue":-1,"gpio_cold_or_cct":5,"gpio_warm_or_brightness":4},"hardware_config":{"white_min":10,"white_max":100,"white_power_max":100,"rgb_min":10,"rgb_max":100,"rgb_power_max":300},"gamma_config":{"enable_gamma_adjust":true,"gamma_red":100,"gamma_green":100,"gamma_blue":100,"gamma_cold":100,"gamma_warm":100,"curve_coe":1}}],"product_common":[{"type":"ezc.product_common.indicator","subtype":0,"driver":{"output":1000},"events":[{"name":"setup_mode_start","mode":"breathe","speed":2000,"color_select":2,"cct":50,"min_brightness":20,"max_brightness":100,"total_ms":0,"interrupt_forbidden":true},{"name":"setup_started","mode":"breathe","speed":1000,"color_select":2,"cct":50,"min_brightness":20,"max_brightness":100,"total_ms":0},{"name":"setup_successful","mode":"restore"},{"name":"setup_failed","mode":"solid","color_select":2,"cct":10,"max_brightness":100},{"name":"identification_start","mode":"blink","speed":1000,"color_select":2,"cct":50,"min_brightness":20,"max_brightness":100,"total_ms":0},{"name":"identification_stop","mode":"restore"},{"name":"identification_blink","mode":"blink","speed":1000,"color_select":2,"cct":50,"min_brightness":20,"max_brightness":100,"total_ms":1000},{"name":"identification_breathe","mode":"breathe","speed":1000,"color_select":2,"cct":50,"min_brightness":20,"max_brightness":100,"total_ms":15000},{"name":"identification_okay","mode":"blink","speed":2000,"color_select":2,"cct":50,"min_brightness":20,"max_brightness":100,"total_ms":1000},{"name":"identification_channel_change","mode":"blink","speed":16000,"color_select":2,"cct":50,"min_brightness":20,"max_brightness":100,"total_ms":8000},{"name":"identification_finish_effect","mode":"restore"},{"name":"identification_stop_effect","mode":"restore"}]},{"type":"ezc.product_common.factory_reset","subtype":1,"count":3,"auto_trigger":true}],"product":[{"type":"ezc.product.light","subtype":3,"driver":{"output":1000},"data_model":{"power_default":1,"power_bootup":-1,"level_default":50,"level_bootup":-1,"color_mode_default":1,"color_mode_bootup":-1,"temperature_default":4000,"temperature_bootup":-1,"temperature_minimum_default":2200,"temperature_maximum_default":7000}}],"test_mode":[{"type":"ezc.test_mode.common","subtype":1},{"type":"ezc.test_mode.ble","subtype":1},{"type":"ezc.test_mode.light","subtype":1},{"type":"ezc.test_mode.light","subtype":2},{"type":"ezc.test_mode.light","subtype":3}]}
2026-08-20 15:11:16.021 | After freeing product config: Current Free Memory: 103840, Minimum Ever Free Size: 94516, Largest Free Block: 83968
2026-08-20 15:11:16.839 | matter_one_core: Current Free Memory: 30860, Minimum Ever Free Size: 29020, Largest Free Block: 22016
2026-08-20 15:11:16.839 | chan:1,max_power:80
2026-08-20 15:11:16.839 | chan:2,max_power:80
2026-08-20 15:11:16.839 | chan:3,max_power:80
2026-08-20 15:11:16.839 | chan:4,max_power:80
2026-08-20 15:11:16.839 | chan:5,max_power:80
2026-08-20 15:11:16.839 | chan:6,max_power:80
2026-08-20 15:11:16.839 | chan:7,max_power:80
2026-08-20 15:11:16.839 | chan:8,max_power:80
2026-08-20 15:11:16.839 | chan:9,max_power:80
2026-08-20 15:11:16.839 | chan:10,max_power:80
2026-08-20 15:11:16.839 | chan:11,max_power:80
2026-08-20 15:11:16.839 | chan:12,max_power:80
2026-08-20 15:11:16.839 | chan:13,max_power:80
2026-08-20 15:11:16.840 | chan:14,max_power:80
2026-08-20 15:11:17.651 | matter_one_core: Current Free Memory: 29252, Minimum Ever Free Size: 29020, Largest Free Block: 19968
2026-08-20 15:11:17.651 | matter_one_core: Current Free Memory: 29408, Minimum Ever Free Size: 29020, Largest Free Block: 19968
2026-08-20 15:11:17.651 | matter_one_core: Current Free Memory: 33968, Minimum Ever Free Size: 29020, Largest Free Block: 19968
2026-08-20 15:11:17.652 | After CORE TYPE START: Current Free Memory: 50740, Minimum Ever Free Size: 29020, Largest Free Block: 19968
2026-08-20 15:11:17.652 | zero_code_product: Current Free Memory: 50740, Minimum Ever Free Size: 29020, Largest Free Block: 19968
2026-08-20 15:11:19.893 | ESP-ROM:esp32c2-eco4-20240515
2026-08-20 15:11:19.893 | Build:May 15 2024
2026-08-20 15:11:19.893 | rst:0x1 (POWERON),boot:0xc (SPI_FAST_FLASH_BOOT)
2026-08-20 15:11:19.893 | SPIWP:0xee
2026-08-20 15:11:19.894 | mode:DIO, clock div:1
2026-08-20 15:11:19.894 | load:0x3fcd5d00,len:0x1428
2026-08-20 15:11:19.894 | load:0x403acb70,len:0x8ec
2026-08-20 15:11:19.894 | load:0x403aeb70,len:0x31d8
2026-08-20 15:11:19.894 | entry 0x403acb70
2026-08-20 15:11:20.299 | zero_code_product: enter main: 376 ms
2026-08-20 15:11:20.299 | zero_code_product: Current Free Memory: 129680, Minimum Ever Free Size: 129680, Largest Free Block: 120832
2026-08-20 15:11:20.299 | zero_code_utils: Reboot count: 4, reset reason: 1
2026-08-20 15:11:20.299 | light_matter: restore done: 529 ms
2026-08-20 15:11:20.300 | zero_code_core: Current Free Memory: 94644, Minimum Ever Free Size: 94644, Largest Free Block: 83968
2026-08-20 15:11:20.300 | zero_code_utils: Chip: esp32c2
2026-08-20 15:11:20.300 | zero_code_utils: Software Version: 1.4.0
2026-08-20 15:11:20.300 | zero_code_utils: Software Version Number: 10040000
2026-08-20 15:11:20.300 | zero_code_utils: Software Version Suffix: 875
2026-08-20 15:11:20.436 | zero_code_utils: Firmware Type: Evaluation
2026-08-20 15:11:20.436 | zero_code_utils: MAC: 58:2a:bd:38:1f:f4
2026-08-20 15:11:20.436 | zero_code_utils: RainMaker Node ID: b1ed4290-1dc3-4ca8-93fa-c6b15346486f
2026-08-20 15:11:20.437 | zero_code_utils: Matter Serial Number: b1ed42901dc34ca893fac6b15346486f
2026-08-20 15:11:20.437 | zero_code_utils: Firmware partition offset: 0x10000
2026-08-20 15:11:20.913 | zero_code_utils: Product Config: {"config_version":3,"pre_driver":[{"type":"ezc.pre_driver.power_management","enable_light_sleep":true,"max_freq_mhz":160,"min_freq_mhz":10}],"driver":[{"id":1000,"type":"ezc.driver.led","name":"pwm","lighting_config":{"enable_gradient":true,"enable_memory":false,"enable_lowpower":false,"sync_change_brightness":true,"disable_auto_on":true,"beads_comb":3,"fades_ms":800},"pwm_config":{"pwm_hz":4000,"temperature_mode":1,"gpio_red":-1,"gpio_green":-1,"gpio_blue":-1,"gpio_cold_or_cct":5,"gpio_warm_or_brightness":4},"hardware_config":{"white_min":10,"white_max":100,"white_power_max":100,"rgb_min":10,"rgb_max":100,"rgb_power_max":300},"gamma_config":{"enable_gamma_adjust":true,"gamma_red":100,"gamma_green":100,"gamma_blue":100,"gamma_cold":100,"gamma_warm":100,"curve_coe":1}}],"product_common":[{"type":"ezc.product_common.indicator","subtype":0,"driver":{"output":1000},"events":[{"name":"setup_mode_start","mode":"breathe","speed":2000,"color_select":2,"cct":50,"min_brightness":20,"max_brightness":100,"total_ms":0,"interrupt_forbidden":true},{"name":"setup_started","mode":"breathe","speed":1000,"color_select":2,"cct":50,"min_brightness":20,"max_brightness":100,"total_ms":0},{"name":"setup_successful","mode":"restore"},{"name":"setup_failed","mode":"solid","color_select":2,"cct":10,"max_brightness":100},{"name":"identification_start","mode":"blink","speed":1000,"color_select":2,"cct":50,"min_brightness":20,"max_brightness":100,"total_ms":0},{"name":"identification_stop","mode":"restore"},{"name":"identification_blink","mode":"blink","speed":1000,"color_select":2,"cct":50,"min_brightness":20,"max_brightness":100,"total_ms":1000},{"name":"identification_breathe","mode":"breathe","speed":1000,"color_select":2,"cct":50,"min_brightness":20,"max_brightness":100,"total_ms":15000},{"name":"identification_okay","mode":"blink","speed":2000,"color_select":2,"cct":50,"min_brightness":20,"max_brightness":100,"total_ms":1000},{"name":"identification_channel_change","mode":"blink","speed":16000,"color_select":2,"cct":50,"min_brightness":20,"max_brightness":100,"total_ms":8000},{"name":"identification_finish_effect","mode":"restore"},{"name":"identification_stop_effect","mode":"restore"}]},{"type":"ezc.product_common.factory_reset","subtype":1,"count":3,"auto_trigger":true}],"product":[{"type":"ezc.product.light","subtype":3,"driver":{"output":1000},"data_model":{"power_default":1,"power_bootup":-1,"level_default":50,"level_bootup":-1,"color_mode_default":1,"color_mode_bootup":-1,"temperature_default":4000,"temperature_bootup":-1,"temperature_minimum_default":2200,"temperature_maximum_default":7000}}],"test_mode":[{"type":"ezc.test_mode.common","subtype":1},{"type":"ezc.test_mode.ble","subtype":1},{"type":"ezc.test_mode.light","subtype":1},{"type":"ezc.test_mode.light","subtype":2},{"type":"ezc.test_mode.light","subtype":3}]}
2026-08-20 15:11:20.913 | After freeing product config: Current Free Memory: 103884, Minimum Ever Free Size: 94560, Largest Free Block: 83968
2026-08-20 15:11:21.732 | matter_one_core: Current Free Memory: 31292, Minimum Ever Free Size: 29348, Largest Free Block: 22016
2026-08-20 15:11:21.732 | chan:1,max_power:80
2026-08-20 15:11:21.732 | chan:2,max_power:80
2026-08-20 15:11:21.733 | chan:3,max_power:80
2026-08-20 15:11:21.733 | chan:4,max_power:80
2026-08-20 15:11:21.733 | chan:5,max_power:80
2026-08-20 15:11:21.733 | chan:6,max_power:80
2026-08-20 15:11:21.733 | chan:7,max_power:80
2026-08-20 15:11:21.733 | chan:8,max_power:80
2026-08-20 15:11:21.733 | chan:9,max_power:80
2026-08-20 15:11:21.733 | chan:10,max_power:80
2026-08-20 15:11:21.733 | chan:11,max_power:80
2026-08-20 15:11:21.733 | chan:12,max_power:80
2026-08-20 15:11:21.733 | chan:13,max_power:80
2026-08-20 15:11:21.733 | chan:14,max_power:80
2026-08-20 15:11:24.178 | ESP-ROM:esp32c2-eco4-20240515
2026-08-20 15:11:24.178 | Build:May 15 2024
2026-08-20 15:11:24.178 | rst:0x1 (POWERON),boot:0xc (SPI_FAST_FLASH_BOOT)
2026-08-20 15:11:24.178 | SPIWP:0xee
2026-08-20 15:11:24.178 | mode:DIO, clock div:1
2026-08-20 15:11:24.178 | load:0x3fcd5d00,len:0x1428
2026-08-20 15:11:24.178 | load:0x403acb70,len:0x8ec
2026-08-20 15:11:24.178 | load:0x403aeb70,len:0x31d8
2026-08-20 15:11:24.178 | entry 0x403acb70
2026-08-20 15:11:24.379 | zero_code_product: enter main: 376 ms
2026-08-20 15:11:24.580 | zero_code_product: Current Free Memory: 129680, Minimum Ever Free Size: 129680, Largest Free Block: 120832
2026-08-20 15:11:24.580 | zero_code_utils: Reboot count: 5, reset reason: 1
2026-08-20 15:11:24.581 | light_matter: restore done: 529 ms
2026-08-20 15:11:24.581 | zero_code_core: Current Free Memory: 94644, Minimum Ever Free Size: 94644, Largest Free Block: 83968
2026-08-20 15:11:24.581 | zero_code_utils: Chip: esp32c2
2026-08-20 15:11:24.581 | zero_code_utils: Software Version: 1.4.0
2026-08-20 15:11:24.581 | zero_code_utils: Software Version Number: 10040000
2026-08-20 15:11:24.581 | zero_code_utils: Software Version Suffix: 875
2026-08-20 15:11:24.581 | zero_code_utils: Firmware Type: Evaluation
2026-08-20 15:11:24.581 | zero_code_utils: MAC: 58:2a:bd:38:1f:f4
2026-08-20 15:11:24.581 | zero_code_utils: RainMaker Node ID: b1ed4290-1dc3-4ca8-93fa-c6b15346486f
2026-08-20 15:11:24.713 | zero_code_utils: Matter Serial Number: b1ed42901dc34ca893fac6b15346486f
2026-08-20 15:11:24.713 | zero_code_utils: Firmware partition offset: 0x10000
2026-08-20 15:11:24.986 | zero_code_utils: Product Config: {"config_version":3,"pre_driver":[{"type":"ezc.pre_driver.power_management","enable_light_sleep":true,"max_freq_mhz":160,"min_freq_mhz":10}],"driver":[{"id":1000,"type":"ezc.driver.led","name":"pwm","lighting_config":{"enable_gradient":true,"enable_memory":false,"enable_lowpower":false,"sync_change_brightness":true,"disable_auto_on":true,"beads_comb":3,"fades_ms":800},"pwm_config":{"pwm_hz":4000,"temperature_mode":1,"gpio_red":-1,"gpio_green":-1,"gpio_blue":-1,"gpio_cold_or_cct":5,"gpio_warm_or_brightness":4},"hardware_config":{"white_min":10,"white_max":100,"white_power_max":100,"rgb_min":10,"rgb_max":100,"rgb_power_max":300},"gamma_config":{"enable_gamma_adjust":true,"gamma_red":100,"gamma_green":100,"gamma_blue":100,"gamma_cold":100,"gamma_warm":100,"curve_coe":1}}],"product_common":[{"type":"ezc.product_common.indicator","subtype":0,"driver":{"output":1000},"events":[{"name":"setup_mode_start","mode":"breathe","speed":2000,"color_select":2,"cct":50,"min_brightness":20,"max_brightness":100,"total_ms":0,"interrupt_forbidden":true},{"name":"setup_started","mode":"breathe","speed":1000,"color_select":2,"cct":50,"min_brightness":20,"max_brightness":100,"total_ms":0},{"name":"setup_successful","mode":"restore"},{"name":"setup_failed","mode":"solid","color_select":2,"cct":10,"max_brightness":100},{"name":"identification_start","mode":"blink","speed":1000,"color_select":2,"cct":50,"min_brightness":20,"max_brightness":100,"total_ms":0},{"name":"identification_stop","mode":"restore"},{"name":"identification_blink","mode":"blink","speed":1000,"color_select":2,"cct":50,"min_brightness":20,"max_brightness":100,"total_ms":1000},{"name":"identification_breathe","mode":"breathe","speed":1000,"color_select":2,"cct":50,"min_brightness":20,"max_brightness":100,"total_ms":15000},{"name":"identification_okay","mode":"blink","speed":2000,"color_select":2,"cct":50,"min_brightness":20,"max_brightness":100,"total_ms":1000},{"name":"identification_channel_change","mode":"blink","speed":16000,"color_select":2,"cct":50,"min_brightness":20,"max_brightness":100,"total_ms":8000},{"name":"identification_finish_effect","mode":"restore"},{"name":"identification_stop_effect","mode":"restore"}]},{"type":"ezc.product_common.factory_reset","subtype":1,"count":3,"auto_trigger":true}],"product":[{"type":"ezc.product.light","subtype":3,"driver":{"output":1000},"data_model":{"power_default":1,"power_bootup":-1,"level_default":50,"level_bootup":-1,"color_mode_default":1,"color_mode_bootup":-1,"temperature_default":4000,"temperature_bootup":-1,"temperature_minimum_default":2200,"temperature_maximum_default":7000}}],"test_mode":[{"type":"ezc.test_mode.common","subtype":1},{"type":"ezc.test_mode.ble","subtype":1},{"type":"ezc.test_mode.light","subtype":1},{"type":"ezc.test_mode.light","subtype":2},{"type":"ezc.test_mode.light","subtype":3}]}
2026-08-20 15:11:25.187 | After freeing product config: Current Free Memory: 103884, Minimum Ever Free Size: 94560, Largest Free Block: 83968
2026-08-20 15:11:25.999 | matter_one_core: Current Free Memory: 30780, Minimum Ever Free Size: 29244, Largest Free Block: 22016
2026-08-20 15:11:26.000 | chan:1,max_power:80
2026-08-20 15:11:26.000 | chan:2,max_power:80
2026-08-20 15:11:26.000 | chan:3,max_power:80
2026-08-20 15:11:26.000 | chan:4,max_power:80
2026-08-20 15:11:26.000 | chan:5,max_power:80
2026-08-20 15:11:26.000 | chan:6,max_power:80
2026-08-20 15:11:26.000 | chan:7,max_power:80
2026-08-20 15:11:26.000 | chan:8,max_power:80
2026-08-20 15:11:26.000 | chan:9,max_power:80
2026-08-20 15:11:26.001 | chan:10,max_power:80
2026-08-20 15:11:26.001 | chan:11,max_power:80
2026-08-20 15:11:26.001 | chan:12,max_power:80
2026-08-20 15:11:26.001 | chan:13,max_power:80
2026-08-20 15:11:26.001 | chan:14,max_power:80
2026-08-20 15:11:29.255 | ESP-ROM:esp32c2-eco4-20240515
2026-08-20 15:11:29.460 | Build:May 15 2024
2026-08-20 15:11:29.460 | rst:0x1 (POWERON),boot:0xc (SPI_FAST_FLASH_BOOT)
2026-08-20 15:11:29.461 | SPIWP:0xee
2026-08-20 15:11:29.461 | mode:DIO, clock div:1
2026-08-20 15:11:29.461 | load:0x3fcd5d00,len:0x1428
2026-08-20 15:11:29.461 | load:0x403acb70,len:0x8ec
2026-08-20 15:11:29.461 | load:0x403aeb70,len:0x31d8
2026-08-20 15:11:29.461 | entry 0x403acb70
2026-08-20 15:11:29.663 | zero_code_product: enter main: 376 ms
2026-08-20 15:11:29.664 | zero_code_product: Current Free Memory: 129680, Minimum Ever Free Size: 129680, Largest Free Block: 120832
2026-08-20 15:11:29.864 | zero_code_utils: Reboot count: 6, reset reason: 1
2026-08-20 15:11:29.864 | light_matter: restore done: 527 ms
2026-08-20 15:11:29.864 | zero_code_core: Current Free Memory: 94512, Minimum Ever Free Size: 94512, Largest Free Block: 83968
2026-08-20 15:11:29.864 | zero_code_utils: Chip: esp32c2
2026-08-20 15:11:29.864 | zero_code_utils: Software Version: 1.4.0
2026-08-20 15:11:29.864 | zero_code_utils: Software Version Number: 10040000
2026-08-20 15:11:29.864 | zero_code_utils: Software Version Suffix: 875
2026-08-20 15:11:29.864 | zero_code_utils: Firmware Type: Evaluation
2026-08-20 15:11:29.865 | zero_code_utils: MAC: 58:2a:bd:38:1f:f4
2026-08-20 15:11:29.865 | zero_code_utils: RainMaker Node ID: b1ed4290-1dc3-4ca8-93fa-c6b15346486f
2026-08-20 15:11:29.865 | zero_code_utils: Matter Serial Number: b1ed42901dc34ca893fac6b15346486f
2026-08-20 15:11:29.865 | zero_code_utils: Firmware partition offset: 0x10000
2026-08-20 15:11:30.341 | zero_code_utils: Product Config: {"config_version":3,"pre_driver":[{"type":"ezc.pre_driver.power_management","enable_light_sleep":true,"max_freq_mhz":160,"min_freq_mhz":10}],"driver":[{"id":1000,"type":"ezc.driver.led","name":"pwm","lighting_config":{"enable_gradient":true,"enable_memory":false,"enable_lowpower":false,"sync_change_brightness":true,"disable_auto_on":true,"beads_comb":3,"fades_ms":800},"pwm_config":{"pwm_hz":4000,"temperature_mode":1,"gpio_red":-1,"gpio_green":-1,"gpio_blue":-1,"gpio_cold_or_cct":5,"gpio_warm_or_brightness":4},"hardware_config":{"white_min":10,"white_max":100,"white_power_max":100,"rgb_min":10,"rgb_max":100,"rgb_power_max":300},"gamma_config":{"enable_gamma_adjust":true,"gamma_red":100,"gamma_green":100,"gamma_blue":100,"gamma_cold":100,"gamma_warm":100,"curve_coe":1}}],"product_common":[{"type":"ezc.product_common.indicator","subtype":0,"driver":{"output":1000},"events":[{"name":"setup_mode_start","mode":"breathe","speed":2000,"color_select":2,"cct":50,"min_brightness":20,"max_brightness":100,"total_ms":0,"interrupt_forbidden":true},{"name":"setup_started","mode":"breathe","speed":1000,"color_select":2,"cct":50,"min_brightness":20,"max_brightness":100,"total_ms":0},{"name":"setup_successful","mode":"restore"},{"name":"setup_failed","mode":"solid","color_select":2,"cct":10,"max_brightness":100},{"name":"identification_start","mode":"blink","speed":1000,"color_select":2,"cct":50,"min_brightness":20,"max_brightness":100,"total_ms":0},{"name":"identification_stop","mode":"restore"},{"name":"identification_blink","mode":"blink","speed":1000,"color_select":2,"cct":50,"min_brightness":20,"max_brightness":100,"total_ms":1000},{"name":"identification_breathe","mode":"breathe","speed":1000,"color_select":2,"cct":50,"min_brightness":20,"max_brightness":100,"total_ms":15000},{"name":"identification_okay","mode":"blink","speed":2000,"color_select":2,"cct":50,"min_brightness":20,"max_brightness":100,"total_ms":1000},{"name":"identification_channel_change","mode":"blink","speed":16000,"color_select":2,"cct":50,"min_brightness":20,"max_brightness":100,"total_ms":8000},{"name":"identification_finish_effect","mode":"restore"},{"name":"identification_stop_effect","mode":"restore"}]},{"type":"ezc.product_common.factory_reset","subtype":1,"count":3,"auto_trigger":true}],"product":[{"type":"ezc.product.light","subtype":3,"driver":{"output":1000},"data_model":{"power_default":1,"power_bootup":-1,"level_default":50,"level_bootup":-1,"color_mode_default":1,"color_mode_bootup":-1,"temperature_default":4000,"temperature_bootup":-1,"temperature_minimum_default":2200,"temperature_maximum_default":7000}}],"test_mode":[{"type":"ezc.test_mode.common","subtype":1},{"type":"ezc.test_mode.ble","subtype":1},{"type":"ezc.test_mode.light","subtype":1},{"type":"ezc.test_mode.light","subtype":2},{"type":"ezc.test_mode.light","subtype":3}]}
2026-08-20 15:11:30.341 | After freeing product config: Current Free Memory: 103752, Minimum Ever Free Size: 94428, Largest Free Block: 83968
2026-08-20 15:11:31.967 | matter_one_core: Current Free Memory: 31760, Minimum Ever Free Size: 27764, Largest Free Block: 18944
2026-08-20 15:11:31.967 | chan:1,max_power:80
2026-08-20 15:11:31.967 | chan:2,max_power:80
2026-08-20 15:11:31.967 | chan:3,max_power:80
2026-08-20 15:11:31.967 | chan:4,max_power:80
2026-08-20 15:11:31.967 | chan:5,max_power:80
2026-08-20 15:11:31.968 | chan:6,max_power:80
2026-08-20 15:11:31.968 | chan:7,max_power:80
2026-08-20 15:11:31.968 | chan:8,max_power:80
2026-08-20 15:11:31.968 | chan:9,max_power:80
2026-08-20 15:11:31.968 | chan:10,max_power:80
2026-08-20 15:11:31.968 | chan:11,max_power:80
2026-08-20 15:11:31.968 | chan:12,max_power:80
2026-08-20 15:11:31.968 | chan:13,max_power:80
2026-08-20 15:11:31.968 | chan:14,max_power:80
2026-08-20 15:11:31.968 | matter_one_core: Current Free Memory: 31760, Minimum Ever Free Size: 27764, Largest Free Block: 18944
2026-08-20 15:11:31.968 | matter_one_core: Current Free Memory: 31784, Minimum Ever Free Size: 27764, Largest Free Block: 18944
2026-08-20 15:11:31.968 | matter_one_core: Current Free Memory: 53204, Minimum Ever Free Size: 27764, Largest Free Block: 18944
2026-08-20 15:11:31.968 | After CORE TYPE START: Current Free Memory: 53116, Minimum Ever Free Size: 27764, Largest Free Block: 18944
2026-08-20 15:11:31.968 | zero_code_product: Current Free Memory: 53116, Minimum Ever Free Size: 27764, Largest Free Block: 18944
2026-08-20 15:11:32.779 | chan:1,max_power:80
2026-08-20 15:11:32.779 | chan:2,max_power:80
2026-08-20 15:11:32.779 | chan:3,max_power:80
2026-08-20 15:11:32.981 | chan:4,max_power:80
2026-08-20 15:11:32.981 | chan:5,max_power:80
2026-08-20 15:11:32.981 | chan:6,max_power:80
2026-08-20 15:11:32.981 | chan:7,max_power:80
2026-08-20 15:11:32.981 | chan:8,max_power:80
2026-08-20 15:11:32.981 | chan:9,max_power:80
2026-08-20 15:11:32.981 | chan:10,max_power:80
2026-08-20 15:11:32.981 | chan:11,max_power:80
2026-08-20 15:11:32.981 | chan:12,max_power:80
2026-08-20 15:11:32.981 | chan:13,max_power:80
2026-08-20 15:11:32.981 | chan:14,max_power:80
2026-08-20 15:11:32.982 | matter_one_core: Current Free Memory: 60128, Minimum Ever Free Size: 27764, Largest Free Block: 18944
2026-08-20 15:11:32.982 | chan:1,max_power:80
2026-08-20 15:11:32.982 | chan:2,max_power:80
2026-08-20 15:11:32.982 | chan:3,max_power:80
2026-08-20 15:11:32.982 | chan:4,max_power:80
2026-08-20 15:11:32.982 | chan:5,max_power:80
2026-08-20 15:11:32.982 | chan:6,max_power:80
2026-08-20 15:11:32.982 | chan:7,max_power:80
2026-08-20 15:11:32.982 | chan:8,max_power:80
2026-08-20 15:11:32.982 | chan:9,max_power:80
2026-08-20 15:11:32.982 | chan:10,max_power:80
2026-08-20 15:11:32.982 | chan:11,max_power:80
2026-08-20 15:11:32.982 | chan:12,max_power:80
2026-08-20 15:11:32.982 | chan:13,max_power:80
2026-08-20 15:11:32.982 | chan:14,max_power:80
2026-08-20 15:11:34.005 | matter_one_core: Current Free Memory: 70012, Minimum Ever Free Size: 37768, Largest Free Block: 18944
2026-08-20 15:11:34.819 | zero_code_utils: Resetting reboot count
2026-08-20 15:11:34.819 | zero_code_utils: Current Free Memory: 70016, Minimum Ever Free Size: 37580, Largest Free Block: 18944
2026-08-20 15:11:35.434 | chan:1,max_power:80
2026-08-20 15:11:35.435 | chan:2,max_power:80
2026-08-20 15:11:35.435 | chan:3,max_power:80
2026-08-20 15:11:35.435 | chan:4,max_power:80
2026-08-20 15:11:35.435 | chan:5,max_power:80
2026-08-20 15:11:35.435 | chan:6,max_power:80
2026-08-20 15:11:35.435 | chan:7,max_power:80
2026-08-20 15:11:35.435 | chan:8,max_power:80
2026-08-20 15:11:35.435 | chan:9,max_power:80
2026-08-20 15:11:35.435 | chan:10,max_power:80
2026-08-20 15:11:35.435 | chan:11,max_power:80
2026-08-20 15:11:35.435 | chan:12,max_power:80
2026-08-20 15:11:35.435 | chan:13,max_power:80
2026-08-20 15:11:35.435 | chan:14,max_power:80
2026-08-20 15:11:35.435 | matter_one_core: Current Free Memory: 70300, Minimum Ever Free Size: 37524, Largest Free Block: 18944
2026-08-20 15:11:35.640 | chan:1,max_power:80
2026-08-20 15:11:35.640 | chan:2,max_power:80
2026-08-20 15:11:35.640 | chan:3,max_power:80
2026-08-20 15:11:35.641 | chan:4,max_power:80
2026-08-20 15:11:35.641 | chan:5,max_power:80
2026-08-20 15:11:35.641 | chan:6,max_power:80
2026-08-20 15:11:35.641 | chan:7,max_power:80
2026-08-20 15:11:35.641 | chan:8,max_power:80
2026-08-20 15:11:35.641 | chan:9,max_power:80
2026-08-20 15:11:35.641 | chan:10,max_power:80
2026-08-20 15:11:35.641 | chan:11,max_power:80
2026-08-20 15:11:35.641 | chan:12,max_power:80
2026-08-20 15:11:35.641 | chan:13,max_power:80
2026-08-20 15:11:35.641 | chan:14,max_power:80
2026-08-20 15:11:36.660 | chan:1,max_power:80
2026-08-20 15:11:36.660 | chan:2,max_power:80
2026-08-20 15:11:36.660 | chan:3,max_power:80
2026-08-20 15:11:36.660 | chan:4,max_power:80
2026-08-20 15:11:36.660 | chan:5,max_power:80
2026-08-20 15:11:36.660 | chan:6,max_power:80
2026-08-20 15:11:36.660 | chan:7,max_power:80
2026-08-20 15:11:36.660 | chan:8,max_power:80
2026-08-20 15:11:36.660 | chan:9,max_power:80
2026-08-20 15:11:36.660 | chan:10,max_power:80
2026-08-20 15:11:36.865 | chan:11,max_power:80
2026-08-20 15:11:36.866 | chan:12,max_power:80
2026-08-20 15:11:36.866 | chan:13,max_power:80
2026-08-20 15:11:36.866 | chan:14,max_power:80
2026-08-20 15:11:36.866 | matter_one_core: Current Free Memory: 69388, Minimum Ever Free Size: 32728, Largest Free Block: 18944
2026-08-20 15:11:36.866 | matter_one_core: Current Free Memory: 69388, Minimum Ever Free Size: 32728, Largest Free Block: 18944
2026-08-20 15:11:38.298 | matter_one_core: Current Free Memory: 68984, Minimum Ever Free Size: 32728, Largest Free Block: 18944
2026-08-20 15:11:38.298 | matter_one_core: Current Free Memory: 68948, Minimum Ever Free Size: 32728, Largest Free Block: 18944
2026-08-20 15:11:38.500 | matter_one_core: Current Free Memory: 61244, Minimum Ever Free Size: 27860, Largest Free Block: 18944
2026-08-20 15:11:38.500 | matter_one_core: Current Free Memory: 64784, Minimum Ever Free Size: 27860, Largest Free Block: 18944
2026-08-20 15:11:43.179 | matter_one_core: Current Free Memory: 61760, Minimum Ever Free Size: 27860, Largest Free Block: 18944
2026-08-20 15:11:43.179 | matter_one_core: Current Free Memory: 61760, Minimum Ever Free Size: 27860, Largest Free Block: 18944
2026-08-20 15:11:43.179 | matter_one_core: Current Free Memory: 61936, Minimum Ever Free Size: 27860, Largest Free Block: 18944
2026-08-20 15:11:46.376 | zero_code_product: enter main: 376 ms
2026-08-20 15:11:46.376 | zero_code_product: Current Free Memory: 129680, Minimum Ever Free Size: 129680, Largest Free Block: 120832
2026-08-20 15:11:46.376 | zero_code_utils: Reboot count: 1, reset reason: 1
2026-08-20 15:11:46.376 | light_matter: restore done: 528 ms
2026-08-20 15:11:46.376 | zero_code_core: Current Free Memory: 94512, Minimum Ever Free Size: 94512, Largest Free Block: 83968
2026-08-20 15:11:46.377 | zero_code_utils: Chip: esp32c2
2026-08-20 15:11:46.377 | zero_code_utils: Software Version: 1.4.0
2026-08-20 15:11:46.377 | zero_code_utils: Software Version Number: 10040000
2026-08-20 15:11:46.377 | zero_code_utils: Software Version Suffix: 875
2026-08-20 15:11:46.377 | zero_code_utils: Firmware Type: Evaluation
2026-08-20 15:11:46.512 | zero_code_utils: MAC: 58:2a:bd:38:1f:f4
2026-08-20 15:11:46.512 | zero_code_utils: RainMaker Node ID: b1ed4290-1dc3-4ca8-93fa-c6b15346486f
2026-08-20 15:11:46.512 | zero_code_utils: Matter Serial Number: b1ed42901dc34ca893fac6b15346486f
2026-08-20 15:11:46.512 | zero_code_utils: Firmware partition offset: 0x10000
2026-08-20 15:11:46.988 | zero_code_utils: Product Config: {"config_version":3,"pre_driver":[{"type":"ezc.pre_driver.power_management","enable_light_sleep":true,"max_freq_mhz":160,"min_freq_mhz":10}],"driver":[{"id":1000,"type":"ezc.driver.led","name":"pwm","lighting_config":{"enable_gradient":true,"enable_memory":false,"enable_lowpower":false,"sync_change_brightness":true,"disable_auto_on":true,"beads_comb":3,"fades_ms":800},"pwm_config":{"pwm_hz":4000,"temperature_mode":1,"gpio_red":-1,"gpio_green":-1,"gpio_blue":-1,"gpio_cold_or_cct":5,"gpio_warm_or_brightness":4},"hardware_config":{"white_min":10,"white_max":100,"white_power_max":100,"rgb_min":10,"rgb_max":100,"rgb_power_max":300},"gamma_config":{"enable_gamma_adjust":true,"gamma_red":100,"gamma_green":100,"gamma_blue":100,"gamma_cold":100,"gamma_warm":100,"curve_coe":1}}],"product_common":[{"type":"ezc.product_common.indicator","subtype":0,"driver":{"output":1000},"events":[{"name":"setup_mode_start","mode":"breathe","speed":2000,"color_select":2,"cct":50,"min_brightness":20,"max_brightness":100,"total_ms":0,"interrupt_forbidden":true},{"name":"setup_started","mode":"breathe","speed":1000,"color_select":2,"cct":50,"min_brightness":20,"max_brightness":100,"total_ms":0},{"name":"setup_successful","mode":"restore"},{"name":"setup_failed","mode":"solid","color_select":2,"cct":10,"max_brightness":100},{"name":"identification_start","mode":"blink","speed":1000,"color_select":2,"cct":50,"min_brightness":20,"max_brightness":100,"total_ms":0},{"name":"identification_stop","mode":"restore"},{"name":"identification_blink","mode":"blink","speed":1000,"color_select":2,"cct":50,"min_brightness":20,"max_brightness":100,"total_ms":1000},{"name":"identification_breathe","mode":"breathe","speed":1000,"color_select":2,"cct":50,"min_brightness":20,"max_brightness":100,"total_ms":15000},{"name":"identification_okay","mode":"blink","speed":2000,"color_select":2,"cct":50,"min_brightness":20,"max_brightness":100,"total_ms":1000},{"name":"identification_channel_change","mode":"blink","speed":16000,"color_select":2,"cct":50,"min_brightness":20,"max_brightness":100,"total_ms":8000},{"name":"identification_finish_effect","mode":"restore"},{"name":"identification_stop_effect","mode":"restore"}]},{"type":"ezc.product_common.factory_reset","subtype":1,"count":3,"auto_trigger":true}],"product":[{"type":"ezc.product.light","subtype":3,"driver":{"output":1000},"data_model":{"power_default":1,"power_bootup":-1,"level_default":50,"level_bootup":-1,"color_mode_default":1,"color_mode_bootup":-1,"temperature_default":4000,"temperature_bootup":-1,"temperature_minimum_default":2200,"temperature_maximum_default":7000}}],"test_mode":[{"type":"ezc.test_mode.common","subtype":1},{"type":"ezc.test_mode.ble","subtype":1},{"type":"ezc.test_mode.light","subtype":1},{"type":"ezc.test_mode.light","subtype":2},{"type":"ezc.test_mode.light","subtype":3}]}
2026-08-20 15:11:46.988 | After freeing product config: Current Free Memory: 103752, Minimum Ever Free Size: 94428, Largest Free Block: 83968
2026-08-20 15:11:47.807 | matter_one_core: Current Free Memory: 30772, Minimum Ever Free Size: 29236, Largest Free Block: 22016
2026-08-20 15:11:47.807 | chan:1,max_power:80
2026-08-20 15:11:47.807 | chan:2,max_power:80
2026-08-20 15:11:47.808 | chan:3,max_power:80
2026-08-20 15:11:47.808 | chan:4,max_power:80
2026-08-20 15:11:47.808 | chan:5,max_power:80
2026-08-20 15:11:47.808 | chan:6,max_power:80
2026-08-20 15:11:47.808 | chan:7,max_power:80
2026-08-20 15:11:47.808 | chan:8,max_power:80
2026-08-20 15:11:47.808 | chan:9,max_power:80
2026-08-20 15:11:47.808 | chan:10,max_power:80
2026-08-20 15:11:47.808 | chan:11,max_power:80
2026-08-20 15:11:47.808 | chan:12,max_power:80
2026-08-20 15:11:47.808 | chan:13,max_power:80
2026-08-20 15:11:47.808 | chan:14,max_power:80
2026-08-20 15:11:48.417 | matter_one_core: Current Free Memory: 29132, Minimum Ever Free Size: 29060, Largest Free Block: 19968
2026-08-20 15:11:48.417 | matter_one_core: Current Free Memory: 29084, Minimum Ever Free Size: 28992, Largest Free Block: 19968
2026-08-20 15:11:48.417 | matter_one_core: Current Free Memory: 33868, Minimum Ever Free Size: 28992, Largest Free Block: 19968
2026-08-20 15:11:48.417 | After CORE TYPE START: Current Free Memory: 50640, Minimum Ever Free Size: 28992, Largest Free Block: 19968
2026-08-20 15:11:48.621 | zero_code_product: Current Free Memory: 50640, Minimum Ever Free Size: 28992, Largest Free Block: 19968
2026-08-20 15:11:49.842 | chan:1,max_power:80
2026-08-20 15:11:49.842 | chan:2,max_power:80
2026-08-20 15:11:49.842 | chan:3,max_power:80
2026-08-20 15:11:49.842 | chan:4,max_power:80
2026-08-20 15:11:49.842 | chan:5,max_power:80
2026-08-20 15:11:49.842 | chan:6,max_power:80
2026-08-20 15:11:49.842 | chan:7,max_power:80
2026-08-20 15:11:49.843 | chan:8,max_power:80
2026-08-20 15:11:49.843 | chan:9,max_power:80
2026-08-20 15:11:49.843 | chan:10,max_power:80
2026-08-20 15:11:49.843 | chan:11,max_power:80
2026-08-20 15:11:49.843 | chan:12,max_power:80
2026-08-20 15:11:49.843 | chan:13,max_power:80
2026-08-20 15:11:49.843 | chan:14,max_power:80
2026-08-20 15:11:49.843 | matter_one_core: Current Free Memory: 60124, Minimum Ever Free Size: 28992, Largest Free Block: 22016
2026-08-20 15:11:49.843 | chan:1,max_power:80
2026-08-20 15:11:49.843 | chan:2,max_power:80
2026-08-20 15:11:49.843 | chan:3,max_power:80
2026-08-20 15:11:49.843 | chan:4,max_power:80
2026-08-20 15:11:49.843 | chan:5,max_power:80
2026-08-20 15:11:49.843 | chan:6,max_power:80
2026-08-20 15:11:49.843 | chan:7,max_power:80
2026-08-20 15:11:49.843 | chan:8,max_power:80
2026-08-20 15:11:49.844 | chan:9,max_power:80
2026-08-20 15:11:49.844 | chan:10,max_power:80
2026-08-20 15:11:49.844 | chan:11,max_power:80
2026-08-20 15:11:49.844 | chan:12,max_power:80
2026-08-20 15:11:49.844 | chan:13,max_power:80
2026-08-20 15:11:49.844 | chan:14,max_power:80
2026-08-20 15:11:50.452 | matter_one_core: Current Free Memory: 70012, Minimum Ever Free Size: 38996, Largest Free Block: 22016
2026-08-20 15:11:51.471 | zero_code_utils: Resetting reboot count
2026-08-20 15:11:51.472 | zero_code_utils: Current Free Memory: 70012, Minimum Ever Free Size: 38748, Largest Free Block: 22016
2026-08-20 15:11:53.762 | zero_code_product: enter main: 376 ms
2026-08-20 15:11:53.762 | zero_code_product: Current Free Memory: 129680, Minimum Ever Free Size: 129680, Largest Free Block: 120832
2026-08-20 15:11:53.762 | zero_code_utils: Reboot count: 1, reset reason: 1
2026-08-20 15:11:53.910 | light_matter: restore done: 528 ms
2026-08-20 15:11:53.910 | zero_code_core: Current Free Memory: 94512, Minimum Ever Free Size: 94512, Largest Free Block: 83968
2026-08-20 15:11:53.910 | zero_code_utils: Chip: esp32c2
2026-08-20 15:11:53.910 | zero_code_utils: Software Version: 1.4.0
2026-08-20 15:11:53.910 | zero_code_utils: Software Version Number: 10040000
2026-08-20 15:11:53.910 | zero_code_utils: Software Version Suffix: 875
2026-08-20 15:11:53.910 | zero_code_utils: Firmware Type: Evaluation
2026-08-20 15:11:53.910 | zero_code_utils: MAC: 58:2a:bd:38:1f:f4
2026-08-20 15:11:53.910 | zero_code_utils: RainMaker Node ID: b1ed4290-1dc3-4ca8-93fa-c6b15346486f
2026-08-20 15:11:53.910 | zero_code_utils: Matter Serial Number: b1ed42901dc34ca893fac6b15346486f
2026-08-20 15:11:53.910 | zero_code_utils: Firmware partition offset: 0x10000
2026-08-20 15:11:54.388 | zero_code_utils: Product Config: {"config_version":3,"pre_driver":[{"type":"ezc.pre_driver.power_management","enable_light_sleep":true,"max_freq_mhz":160,"min_freq_mhz":10}],"driver":[{"id":1000,"type":"ezc.driver.led","name":"pwm","lighting_config":{"enable_gradient":true,"enable_memory":false,"enable_lowpower":false,"sync_change_brightness":true,"disable_auto_on":true,"beads_comb":3,"fades_ms":800},"pwm_config":{"pwm_hz":4000,"temperature_mode":1,"gpio_red":-1,"gpio_green":-1,"gpio_blue":-1,"gpio_cold_or_cct":5,"gpio_warm_or_brightness":4},"hardware_config":{"white_min":10,"white_max":100,"white_power_max":100,"rgb_min":10,"rgb_max":100,"rgb_power_max":300},"gamma_config":{"enable_gamma_adjust":true,"gamma_red":100,"gamma_green":100,"gamma_blue":100,"gamma_cold":100,"gamma_warm":100,"curve_coe":1}}],"product_common":[{"type":"ezc.product_common.indicator","subtype":0,"driver":{"output":1000},"events":[{"name":"setup_mode_start","mode":"breathe","speed":2000,"color_select":2,"cct":50,"min_brightness":20,"max_brightness":100,"total_ms":0,"interrupt_forbidden":true},{"name":"setup_started","mode":"breathe","speed":1000,"color_select":2,"cct":50,"min_brightness":20,"max_brightness":100,"total_ms":0},{"name":"setup_successful","mode":"restore"},{"name":"setup_failed","mode":"solid","color_select":2,"cct":10,"max_brightness":100},{"name":"identification_start","mode":"blink","speed":1000,"color_select":2,"cct":50,"min_brightness":20,"max_brightness":100,"total_ms":0},{"name":"identification_stop","mode":"restore"},{"name":"identification_blink","mode":"blink","speed":1000,"color_select":2,"cct":50,"min_brightness":20,"max_brightness":100,"total_ms":1000},{"name":"identification_breathe","mode":"breathe","speed":1000,"color_select":2,"cct":50,"min_brightness":20,"max_brightness":100,"total_ms":15000},{"name":"identification_okay","mode":"blink","speed":2000,"color_select":2,"cct":50,"min_brightness":20,"max_brightness":100,"total_ms":1000},{"name":"identification_channel_change","mode":"blink","speed":16000,"color_select":2,"cct":50,"min_brightness":20,"max_brightness":100,"total_ms":8000},{"name":"identification_finish_effect","mode":"restore"},{"name":"identification_stop_effect","mode":"restore"}]},{"type":"ezc.product_common.factory_reset","subtype":1,"count":3,"auto_trigger":true}],"product":[{"type":"ezc.product.light","subtype":3,"driver":{"output":1000},"data_model":{"power_default":1,"power_bootup":-1,"level_default":50,"level_bootup":-1,"color_mode_default":1,"color_mode_bootup":-1,"temperature_default":4000,"temperature_bootup":-1,"temperature_minimum_default":2200,"temperature_maximum_default":7000}}],"test_mode":[{"type":"ezc.test_mode.common","subtype":1},{"type":"ezc.test_mode.ble","subtype":1},{"type":"ezc.test_mode.light","subtype":1},{"type":"ezc.test_mode.light","subtype":2},{"type":"ezc.test_mode.light","subtype":3}]}
2026-08-20 15:11:54.388 | After freeing product config: Current Free Memory: 103752, Minimum Ever Free Size: 94428, Largest Free Block: 83968
2026-08-20 15:11:55.202 | matter_one_core: Current Free Memory: 30816, Minimum Ever Free Size: 28860, Largest Free Block: 19968
2026-08-20 15:11:55.202 | chan:1,max_power:80
2026-08-20 15:11:55.202 | chan:2,max_power:80
2026-08-20 15:11:55.202 | chan:3,max_power:80
2026-08-20 15:11:55.202 | chan:4,max_power:80
2026-08-20 15:11:55.202 | chan:5,max_power:80
2026-08-20 15:11:55.202 | chan:6,max_power:80
2026-08-20 15:11:55.202 | chan:7,max_power:80
2026-08-20 15:11:55.202 | chan:8,max_power:80
2026-08-20 15:11:55.202 | chan:9,max_power:80
2026-08-20 15:11:55.202 | chan:10,max_power:80
2026-08-20 15:11:55.203 | chan:11,max_power:80
2026-08-20 15:11:55.203 | chan:12,max_power:80
2026-08-20 15:11:55.203 | chan:13,max_power:80
2026-08-20 15:11:55.203 | chan:14,max_power:80
2026-08-20 15:11:56.014 | matter_one_core: Current Free Memory: 29148, Minimum Ever Free Size: 28860, Largest Free Block: 19968
2026-08-20 15:11:56.015 | matter_one_core: Current Free Memory: 29100, Minimum Ever Free Size: 28860, Largest Free Block: 19968
2026-08-20 15:11:56.015 | matter_one_core: Current Free Memory: 33660, Minimum Ever Free Size: 28860, Largest Free Block: 19968
2026-08-20 15:11:56.015 | After CORE TYPE START: Current Free Memory: 50656, Minimum Ever Free Size: 28860, Largest Free Block: 19968
2026-08-20 15:11:56.016 | zero_code_product: Current Free Memory: 50656, Minimum Ever Free Size: 28860, Largest Free Block: 19968
2026-08-20 15:11:56.216 | chan:1,max_power:80
2026-08-20 15:11:56.216 | chan:2,max_power:80
2026-08-20 15:11:56.216 | chan:3,max_power:80
2026-08-20 15:11:56.216 | chan:4,max_power:80
2026-08-20 15:11:56.216 | chan:5,max_power:80
2026-08-20 15:11:56.216 | chan:6,max_power:80
2026-08-20 15:11:56.217 | chan:7,max_power:80
2026-08-20 15:11:56.217 | chan:8,max_power:80
2026-08-20 15:11:56.217 | chan:9,max_power:80
2026-08-20 15:11:56.217 | chan:10,max_power:80
2026-08-20 15:11:56.217 | chan:11,max_power:80
2026-08-20 15:11:56.217 | chan:12,max_power:80
2026-08-20 15:11:56.217 | chan:13,max_power:80
2026-08-20 15:11:56.217 | chan:14,max_power:80
2026-08-20 15:11:56.217 | matter_one_core: Current Free Memory: 59364, Minimum Ever Free Size: 28860, Largest Free Block: 22016
2026-08-20 15:11:56.422 | matter_one_core: Current Free Memory: 59364, Minimum Ever Free Size: 28860, Largest Free Block: 22016
2026-08-20 15:11:57.442 | matter_one_core: Current Free Memory: 58920, Minimum Ever Free Size: 28860, Largest Free Block: 22016
2026-08-20 15:11:57.442 | matter_one_core: Current Free Memory: 58920, Minimum Ever Free Size: 28860, Largest Free Block: 22016
2026-08-20 15:11:57.443 | matter_one_core: Current Free Memory: 55640, Minimum Ever Free Size: 28860, Largest Free Block: 22016
2026-08-20 15:11:57.443 | matter_one_core: Current Free Memory: 56524, Minimum Ever Free Size: 28860, Largest Free Block: 22016
2026-08-20 15:11:57.850 | matter_one_core: Current Free Memory: 66428, Minimum Ever Free Size: 38864, Largest Free Block: 22016
2026-08-20 15:11:58.870 | zero_code_utils: Resetting reboot count
2026-08-20 15:11:58.871 | zero_code_utils: Current Free Memory: 66436, Minimum Ever Free Size: 35424, Largest Free Block: 22016
2026-08-20 15:12:00.296 | matter_one_core: Current Free Memory: 61776, Minimum Ever Free Size: 34080, Largest Free Block: 22016
2026-08-20 15:12:00.296 | matter_one_core: Current Free Memory: 61776, Minimum Ever Free Size: 34080, Largest Free Block: 22016
2026-08-20 15:12:00.296 | matter_one_core: Current Free Memory: 61952, Minimum Ever Free Size: 34080, Largest Free Block: 22016
# serial capture stop 2026-08-20 15:12:03.629
# serial capture start 2026-08-20 15:16:21.191
# port=/dev/cu.usbserial-14220 baud=74880 filter=factory-reset
2026-08-20 15:16:25.109 | ESP-ROM:esp32c2-eco4-20240515
2026-08-20 15:16:25.110 | Build:May 15 2024
2026-08-20 15:16:25.110 | rst:0x1 (POWERON),boot:0xc (SPI_FAST_FLASH_BOOT)
2026-08-20 15:16:25.110 | SPIWP:0xee
2026-08-20 15:16:25.110 | mode:DIO, clock div:1
2026-08-20 15:16:25.110 | load:0x3fcd5d00,len:0x1428
2026-08-20 15:16:25.110 | load:0x403acb70,len:0x8ec
2026-08-20 15:16:25.110 | load:0x403aeb70,len:0x31d8
2026-08-20 15:16:25.110 | entry 0x403acb70
2026-08-20 15:16:25.515 | zero_code_product: enter main: 376 ms
2026-08-20 15:16:25.516 | zero_code_product: Current Free Memory: 129680, Minimum Ever Free Size: 129680, Largest Free Block: 120832
2026-08-20 15:16:25.516 | zero_code_utils: Reboot count: 1, reset reason: 1
2026-08-20 15:16:25.516 | light_matter: restore done: 527 ms
2026-08-20 15:16:25.516 | zero_code_core: Current Free Memory: 94512, Minimum Ever Free Size: 94512, Largest Free Block: 83968
2026-08-20 15:16:25.516 | zero_code_utils: Chip: esp32c2
2026-08-20 15:16:25.516 | zero_code_utils: Software Version: 1.4.0
2026-08-20 15:16:25.648 | zero_code_utils: Software Version Number: 10040000
2026-08-20 15:16:25.648 | zero_code_utils: Software Version Suffix: 875
2026-08-20 15:16:25.648 | zero_code_utils: Firmware Type: Evaluation
2026-08-20 15:16:25.648 | zero_code_utils: MAC: 58:2a:bd:38:1f:f4
2026-08-20 15:16:25.649 | zero_code_utils: RainMaker Node ID: b1ed4290-1dc3-4ca8-93fa-c6b15346486f
2026-08-20 15:16:25.649 | zero_code_utils: Matter Serial Number: b1ed42901dc34ca893fac6b15346486f
2026-08-20 15:16:25.649 | zero_code_utils: Firmware partition offset: 0x10000
2026-08-20 15:16:26.212 | zero_code_utils: Product Config: {"config_version":3,"pre_driver":[{"type":"ezc.pre_driver.power_management","enable_light_sleep":true,"max_freq_mhz":160,"min_freq_mhz":10}],"driver":[{"id":1000,"type":"ezc.driver.led","name":"pwm","lighting_config":{"enable_gradient":true,"enable_memory":false,"enable_lowpower":false,"sync_change_brightness":true,"disable_auto_on":true,"beads_comb":3,"fades_ms":800},"pwm_config":{"pwm_hz":4000,"temperature_mode":1,"gpio_red":-1,"gpio_green":-1,"gpio_blue":-1,"gpio_cold_or_cct":5,"gpio_warm_or_brightness":4},"hardware_config":{"white_min":10,"white_max":100,"white_power_max":100,"rgb_min":10,"rgb_max":100,"rgb_power_max":300},"gamma_config":{"enable_gamma_adjust":true,"gamma_red":100,"gamma_green":100,"gamma_blue":100,"gamma_cold":100,"gamma_warm":100,"curve_coe":1}}],"product_common":[{"type":"ezc.product_common.indicator","subtype":0,"driver":{"output":1000},"events":[{"name":"setup_mode_start","mode":"breathe","speed":2000,"color_select":2,"cct":50,"min_brightness":20,"max_brightness":100,"total_ms":0,"interrupt_forbidden":true},{"name":"setup_started","mode":"breathe","speed":1000,"color_select":2,"cct":50,"min_brightness":20,"max_brightness":100,"total_ms":0},{"name":"setup_successful","mode":"restore"},{"name":"setup_failed","mode":"solid","color_select":2,"cct":10,"max_brightness":100},{"name":"identification_start","mode":"blink","speed":1000,"color_select":2,"cct":50,"min_brightness":20,"max_brightness":100,"total_ms":0},{"name":"identification_stop","mode":"restore"},{"name":"identification_blink","mode":"blink","speed":1000,"color_select":2,"cct":50,"min_brightness":20,"max_brightness":100,"total_ms":1000},{"name":"identification_breathe","mode":"breathe","speed":1000,"color_select":2,"cct":50,"min_brightness":20,"max_brightness":100,"total_ms":15000},{"name":"identification_okay","mode":"blink","speed":2000,"color_select":2,"cct":50,"min_brightness":20,"max_brightness":100,"total_ms":1000},{"name":"identification_channel_change","mode":"blink","speed":16000,"color_select":2,"cct":50,"min_brightness":20,"max_brightness":100,"total_ms":8000},{"name":"identification_finish_effect","mode":"restore"},{"name":"identification_stop_effect","mode":"restore"}]},{"type":"ezc.product_common.factory_reset","subtype":1,"count":3,"auto_trigger":true}],"product":[{"type":"ezc.product.light","subtype":3,"driver":{"output":1000},"data_model":{"power_default":1,"power_bootup":-1,"level_default":50,"level_bootup":-1,"color_mode_default":1,"color_mode_bootup":-1,"temperature_default":4000,"temperature_bootup":-1,"temperature_minimum_default":2200,"temperature_maximum_default":7000}}],"test_mode":[{"type":"ezc.test_mode.common","subtype":1},{"type":"ezc.test_mode.ble","subtype":1},{"type":"ezc.test_mode.light","subtype":1},{"type":"ezc.test_mode.light","subtype":2},{"type":"ezc.test_mode.light","subtype":3}]}
2026-08-20 15:16:26.212 | After freeing product config: Current Free Memory: 103752, Minimum Ever Free Size: 94428, Largest Free Block: 83968
2026-08-20 15:16:26.860 | matter_one_core: Current Free Memory: 32184, Minimum Ever Free Size: 30648, Largest Free Block: 23040
2026-08-20 15:16:26.860 | chan:1,max_power:80
2026-08-20 15:16:26.861 | chan:2,max_power:80
2026-08-20 15:16:26.861 | chan:3,max_power:80
2026-08-20 15:16:26.861 | chan:4,max_power:80
2026-08-20 15:16:26.862 | chan:5,max_power:80
2026-08-20 15:16:26.862 | chan:6,max_power:80
2026-08-20 15:16:26.862 | chan:7,max_power:80
2026-08-20 15:16:26.862 | chan:8,max_power:80
2026-08-20 15:16:26.862 | chan:9,max_power:80
2026-08-20 15:16:26.863 | chan:10,max_power:80
2026-08-20 15:16:26.863 | chan:11,max_power:80
2026-08-20 15:16:26.863 | chan:12,max_power:80
2026-08-20 15:16:26.864 | chan:13,max_power:80
2026-08-20 15:16:26.864 | chan:14,max_power:80
2026-08-20 15:16:26.864 | matter_one_core: Current Free Memory: 32184, Minimum Ever Free Size: 30648, Largest Free Block: 23040
2026-08-20 15:16:26.864 | matter_one_core: Current Free Memory: 32100, Minimum Ever Free Size: 30648, Largest Free Block: 23040
2026-08-20 15:16:26.864 | matter_one_core: Current Free Memory: 53520, Minimum Ever Free Size: 30648, Largest Free Block: 23040
2026-08-20 15:16:26.865 | After CORE TYPE START: Current Free Memory: 53432, Minimum Ever Free Size: 30648, Largest Free Block: 23040
2026-08-20 15:16:26.865 | zero_code_product: Current Free Memory: 53432, Minimum Ever Free Size: 30648, Largest Free Block: 23040
2026-08-20 15:16:29.521 | ESP-ROM:esp32c2-eco4-20240515
2026-08-20 15:16:29.525 | Build:May 15 2024
2026-08-20 15:16:29.525 | rst:0x1 (POWERON),boot:0xc (SPI_FAST_FLASH_BOOT)
2026-08-20 15:16:29.525 | SPIWP:0xee
2026-08-20 15:16:29.526 | mode:DIO, clock div:1
2026-08-20 15:16:29.526 | load:0x3fcd5d00,len:0x1428
2026-08-20 15:16:29.527 | load:0x403acb70,len:0x8ec
2026-08-20 15:16:29.527 | load:0x403aeb70,len:0x31d8
2026-08-20 15:16:29.527 | entry 0x403acb70
2026-08-20 15:16:29.933 | zero_code_product: enter main: 376 ms
2026-08-20 15:16:29.937 | zero_code_product: Current Free Memory: 129680, Minimum Ever Free Size: 129680, Largest Free Block: 120832
2026-08-20 15:16:29.937 | zero_code_utils: Reboot count: 2, reset reason: 1
2026-08-20 15:16:29.937 | light_matter: restore done: 528 ms
2026-08-20 15:16:29.937 | zero_code_core: Current Free Memory: 94512, Minimum Ever Free Size: 94512, Largest Free Block: 83968
2026-08-20 15:16:29.937 | zero_code_utils: Chip: esp32c2
2026-08-20 15:16:29.938 | zero_code_utils: Software Version: 1.4.0
2026-08-20 15:16:30.065 | zero_code_utils: Software Version Number: 10040000
2026-08-20 15:16:30.066 | zero_code_utils: Software Version Suffix: 875
2026-08-20 15:16:30.066 | zero_code_utils: Firmware Type: Evaluation
2026-08-20 15:16:30.066 | zero_code_utils: MAC: 58:2a:bd:38:1f:f4
2026-08-20 15:16:30.066 | zero_code_utils: RainMaker Node ID: b1ed4290-1dc3-4ca8-93fa-c6b15346486f
2026-08-20 15:16:30.066 | zero_code_utils: Matter Serial Number: b1ed42901dc34ca893fac6b15346486f
2026-08-20 15:16:30.066 | zero_code_utils: Firmware partition offset: 0x10000
2026-08-20 15:16:30.544 | zero_code_utils: Product Config: {"config_version":3,"pre_driver":[{"type":"ezc.pre_driver.power_management","enable_light_sleep":true,"max_freq_mhz":160,"min_freq_mhz":10}],"driver":[{"id":1000,"type":"ezc.driver.led","name":"pwm","lighting_config":{"enable_gradient":true,"enable_memory":false,"enable_lowpower":false,"sync_change_brightness":true,"disable_auto_on":true,"beads_comb":3,"fades_ms":800},"pwm_config":{"pwm_hz":4000,"temperature_mode":1,"gpio_red":-1,"gpio_green":-1,"gpio_blue":-1,"gpio_cold_or_cct":5,"gpio_warm_or_brightness":4},"hardware_config":{"white_min":10,"white_max":100,"white_power_max":100,"rgb_min":10,"rgb_max":100,"rgb_power_max":300},"gamma_config":{"enable_gamma_adjust":true,"gamma_red":100,"gamma_green":100,"gamma_blue":100,"gamma_cold":100,"gamma_warm":100,"curve_coe":1}}],"product_common":[{"type":"ezc.product_common.indicator","subtype":0,"driver":{"output":1000},"events":[{"name":"setup_mode_start","mode":"breathe","speed":2000,"color_select":2,"cct":50,"min_brightness":20,"max_brightness":100,"total_ms":0,"interrupt_forbidden":true},{"name":"setup_started","mode":"breathe","speed":1000,"color_select":2,"cct":50,"min_brightness":20,"max_brightness":100,"total_ms":0},{"name":"setup_successful","mode":"restore"},{"name":"setup_failed","mode":"solid","color_select":2,"cct":10,"max_brightness":100},{"name":"identification_start","mode":"blink","speed":1000,"color_select":2,"cct":50,"min_brightness":20,"max_brightness":100,"total_ms":0},{"name":"identification_stop","mode":"restore"},{"name":"identification_blink","mode":"blink","speed":1000,"color_select":2,"cct":50,"min_brightness":20,"max_brightness":100,"total_ms":1000},{"name":"identification_breathe","mode":"breathe","speed":1000,"color_select":2,"cct":50,"min_brightness":20,"max_brightness":100,"total_ms":15000},{"name":"identification_okay","mode":"blink","speed":2000,"color_select":2,"cct":50,"min_brightness":20,"max_brightness":100,"total_ms":1000},{"name":"identification_channel_change","mode":"blink","speed":16000,"color_select":2,"cct":50,"min_brightness":20,"max_brightness":100,"total_ms":8000},{"name":"identification_finish_effect","mode":"restore"},{"name":"identification_stop_effect","mode":"restore"}]},{"type":"ezc.product_common.factory_reset","subtype":1,"count":3,"auto_trigger":true}],"product":[{"type":"ezc.product.light","subtype":3,"driver":{"output":1000},"data_model":{"power_default":1,"power_bootup":-1,"level_default":50,"level_bootup":-1,"color_mode_default":1,"color_mode_bootup":-1,"temperature_default":4000,"temperature_bootup":-1,"temperature_minimum_default":2200,"temperature_maximum_default":7000}}],"test_mode":[{"type":"ezc.test_mode.common","subtype":1},{"type":"ezc.test_mode.ble","subtype":1},{"type":"ezc.test_mode.light","subtype":1},{"type":"ezc.test_mode.light","subtype":2},{"type":"ezc.test_mode.light","subtype":3}]}
2026-08-20 15:16:30.544 | After freeing product config: Current Free Memory: 103752, Minimum Ever Free Size: 94428, Largest Free Block: 83968
2026-08-20 15:16:31.362 | matter_one_core: Current Free Memory: 30744, Minimum Ever Free Size: 29208, Largest Free Block: 22016
2026-08-20 15:16:31.363 | chan:1,max_power:80
2026-08-20 15:16:31.363 | chan:2,max_power:80
2026-08-20 15:16:31.363 | chan:3,max_power:80
2026-08-20 15:16:31.363 | chan:4,max_power:80
2026-08-20 15:16:31.363 | chan:5,max_power:80
2026-08-20 15:16:31.363 | chan:6,max_power:80
2026-08-20 15:16:31.363 | chan:7,max_power:80
2026-08-20 15:16:31.363 | chan:8,max_power:80
2026-08-20 15:16:31.363 | chan:9,max_power:80
2026-08-20 15:16:31.364 | chan:10,max_power:80
2026-08-20 15:16:31.364 | chan:11,max_power:80
2026-08-20 15:16:31.364 | chan:12,max_power:80
2026-08-20 15:16:31.364 | chan:13,max_power:80
2026-08-20 15:16:31.364 | chan:14,max_power:80
2026-08-20 15:16:31.974 | matter_one_core: Current Free Memory: 29120, Minimum Ever Free Size: 29044, Largest Free Block: 19968
2026-08-20 15:16:31.974 | matter_one_core: Current Free Memory: 29284, Minimum Ever Free Size: 29044, Largest Free Block: 19968
2026-08-20 15:16:32.175 | matter_one_core: Current Free Memory: 33844, Minimum Ever Free Size: 29044, Largest Free Block: 19968
2026-08-20 15:16:32.177 | After CORE TYPE START: Current Free Memory: 50616, Minimum Ever Free Size: 29044, Largest Free Block: 19968
2026-08-20 15:16:32.177 | zero_code_product: Current Free Memory: 50616, Minimum Ever Free Size: 29044, Largest Free Block: 19968
2026-08-20 15:16:34.422 | ESP-ROM:esp32c2-eco4-20240515
2026-08-20 15:16:34.422 | Build:May 15 2024
2026-08-20 15:16:34.423 | rst:0x1 (POWERON),boot:0xc (SPI_FAST_FLASH_BOOT)
2026-08-20 15:16:34.423 | SPIWP:0xee
2026-08-20 15:16:34.423 | mode:DIO, clock div:1
2026-08-20 15:16:34.423 | load:0x3fcd5d00,len:0x1428
2026-08-20 15:16:34.423 | load:0x403acb70,len:0x8ec
2026-08-20 15:16:34.423 | load:0x403aeb70,len:0x31d8
2026-08-20 15:16:34.424 | entry 0x403acb70
2026-08-20 15:16:34.624 | zero_code_product: enter main: 376 ms
2026-08-20 15:16:34.625 | zero_code_product: Current Free Memory: 129680, Minimum Ever Free Size: 129680, Largest Free Block: 120832
2026-08-20 15:16:34.825 | zero_code_utils: Reboot count: 3, reset reason: 1
2026-08-20 15:16:34.825 | light_matter: restore done: 529 ms
2026-08-20 15:16:34.825 | zero_code_core: Current Free Memory: 94468, Minimum Ever Free Size: 94468, Largest Free Block: 83968
2026-08-20 15:16:34.825 | zero_code_utils: Chip: esp32c2
2026-08-20 15:16:34.826 | zero_code_utils: Software Version: 1.4.0
2026-08-20 15:16:34.826 | zero_code_utils: Software Version Number: 10040000
2026-08-20 15:16:34.826 | zero_code_utils: Software Version Suffix: 875
2026-08-20 15:16:34.826 | zero_code_utils: Firmware Type: Evaluation
2026-08-20 15:16:34.826 | zero_code_utils: MAC: 58:2a:bd:38:1f:f4
2026-08-20 15:16:34.826 | zero_code_utils: RainMaker Node ID: b1ed4290-1dc3-4ca8-93fa-c6b15346486f
2026-08-20 15:16:34.826 | zero_code_utils: Matter Serial Number: b1ed42901dc34ca893fac6b15346486f
2026-08-20 15:16:34.958 | zero_code_utils: Firmware partition offset: 0x10000
2026-08-20 15:16:35.298 | zero_code_utils: Product Config: {"config_version":3,"pre_driver":[{"type":"ezc.pre_driver.power_management","enable_light_sleep":true,"max_freq_mhz":160,"min_freq_mhz":10}],"driver":[{"id":1000,"type":"ezc.driver.led","name":"pwm","lighting_config":{"enable_gradient":true,"enable_memory":false,"enable_lowpower":false,"sync_change_brightness":true,"disable_auto_on":true,"beads_comb":3,"fades_ms":800},"pwm_config":{"pwm_hz":4000,"temperature_mode":1,"gpio_red":-1,"gpio_green":-1,"gpio_blue":-1,"gpio_cold_or_cct":5,"gpio_warm_or_brightness":4},"hardware_config":{"white_min":10,"white_max":100,"white_power_max":100,"rgb_min":10,"rgb_max":100,"rgb_power_max":300},"gamma_config":{"enable_gamma_adjust":true,"gamma_red":100,"gamma_green":100,"gamma_blue":100,"gamma_cold":100,"gamma_warm":100,"curve_coe":1}}],"product_common":[{"type":"ezc.product_common.indicator","subtype":0,"driver":{"output":1000},"events":[{"name":"setup_mode_start","mode":"breathe","speed":2000,"color_select":2,"cct":50,"min_brightness":20,"max_brightness":100,"total_ms":0,"interrupt_forbidden":true},{"name":"setup_started","mode":"breathe","speed":1000,"color_select":2,"cct":50,"min_brightness":20,"max_brightness":100,"total_ms":0},{"name":"setup_successful","mode":"restore"},{"name":"setup_failed","mode":"solid","color_select":2,"cct":10,"max_brightness":100},{"name":"identification_start","mode":"blink","speed":1000,"color_select":2,"cct":50,"min_brightness":20,"max_brightness":100,"total_ms":0},{"name":"identification_stop","mode":"restore"},{"name":"identification_blink","mode":"blink","speed":1000,"color_select":2,"cct":50,"min_brightness":20,"max_brightness":100,"total_ms":1000},{"name":"identification_breathe","mode":"breathe","speed":1000,"color_select":2,"cct":50,"min_brightness":20,"max_brightness":100,"total_ms":15000},{"name":"identification_okay","mode":"blink","speed":2000,"color_select":2,"cct":50,"min_brightness":20,"max_brightness":100,"total_ms":1000},{"name":"identification_channel_change","mode":"blink","speed":16000,"color_select":2,"cct":50,"min_brightness":20,"max_brightness":100,"total_ms":8000},{"name":"identification_finish_effect","mode":"restore"},{"name":"identification_stop_effect","mode":"restore"}]},{"type":"ezc.product_common.factory_reset","subtype":1,"count":3,"auto_trigger":true}],"product":[{"type":"ezc.product.light","subtype":3,"driver":{"output":1000},"data_model":{"power_default":1,"power_bootup":-1,"level_default":50,"level_bootup":-1,"color_mode_default":1,"color_mode_bootup":-1,"temperature_default":4000,"temperature_bootup":-1,"temperature_minimum_default":2200,"temperature_maximum_default":7000}}],"test_mode":[{"type":"ezc.test_mode.common","subtype":1},{"type":"ezc.test_mode.ble","subtype":1},{"type":"ezc.test_mode.light","subtype":1},{"type":"ezc.test_mode.light","subtype":2},{"type":"ezc.test_mode.light","subtype":3}]}
2026-08-20 15:16:35.298 | After freeing product config: Current Free Memory: 103708, Minimum Ever Free Size: 94384, Largest Free Block: 83968
2026-08-20 15:16:36.107 | matter_one_core: Current Free Memory: 30720, Minimum Ever Free Size: 29184, Largest Free Block: 22016
2026-08-20 15:16:36.107 | chan:1,max_power:80
2026-08-20 15:16:36.107 | chan:2,max_power:80
2026-08-20 15:16:36.107 | chan:3,max_power:80
2026-08-20 15:16:36.108 | chan:4,max_power:80
2026-08-20 15:16:36.108 | chan:5,max_power:80
2026-08-20 15:16:36.312 | chan:6,max_power:80
2026-08-20 15:16:36.312 | chan:7,max_power:80
2026-08-20 15:16:36.312 | chan:8,max_power:80
2026-08-20 15:16:36.312 | chan:9,max_power:80
2026-08-20 15:16:36.312 | chan:10,max_power:80
2026-08-20 15:16:36.312 | chan:11,max_power:80
2026-08-20 15:16:36.312 | chan:12,max_power:80
2026-08-20 15:16:36.312 | chan:13,max_power:80
2026-08-20 15:16:36.312 | chan:14,max_power:80
2026-08-20 15:16:36.924 | matter_one_core: Current Free Memory: 29088, Minimum Ever Free Size: 29016, Largest Free Block: 19968
2026-08-20 15:16:36.924 | matter_one_core: Current Free Memory: 29268, Minimum Ever Free Size: 28948, Largest Free Block: 19968
2026-08-20 15:16:36.924 | matter_one_core: Current Free Memory: 33828, Minimum Ever Free Size: 28948, Largest Free Block: 19968
2026-08-20 15:16:36.924 | After CORE TYPE START: Current Free Memory: 50600, Minimum Ever Free Size: 28948, Largest Free Block: 19968
2026-08-20 15:16:36.924 | zero_code_product: Current Free Memory: 50600, Minimum Ever Free Size: 28948, Largest Free Block: 19968
2026-08-20 15:16:38.959 | ESP-ROM:esp32c2-eco4-20240515
2026-08-20 15:16:38.959 | Build:May 15 2024
2026-08-20 15:16:38.959 | rst:0x1 (POWERON),boot:0xc (SPI_FAST_FLASH_BOOT)
2026-08-20 15:16:38.959 | SPIWP:0xee
2026-08-20 15:16:38.960 | mode:DIO, clock div:1
2026-08-20 15:16:38.960 | load:0x3fcd5d00,len:0x1428
2026-08-20 15:16:38.960 | load:0x403acb70,len:0x8ec
2026-08-20 15:16:38.960 | load:0x403aeb70,len:0x31d8
2026-08-20 15:16:38.960 | entry 0x403acb70
2026-08-20 15:16:39.365 | zero_code_product: enter main: 376 ms
2026-08-20 15:16:39.365 | zero_code_product: Current Free Memory: 129680, Minimum Ever Free Size: 129680, Largest Free Block: 120832
2026-08-20 15:16:39.365 | zero_code_utils: Reboot count: 4, reset reason: 1
2026-08-20 15:16:39.506 | light_matter: restore done: 528 ms
2026-08-20 15:16:39.506 | zero_code_core: Current Free Memory: 94512, Minimum Ever Free Size: 94512, Largest Free Block: 83968
2026-08-20 15:16:39.506 | zero_code_utils: Chip: esp32c2
2026-08-20 15:16:39.506 | zero_code_utils: Software Version: 1.4.0
2026-08-20 15:16:39.506 | zero_code_utils: Software Version Number: 10040000
2026-08-20 15:16:39.506 | zero_code_utils: Software Version Suffix: 875
2026-08-20 15:16:39.506 | zero_code_utils: Firmware Type: Evaluation
2026-08-20 15:16:39.506 | zero_code_utils: MAC: 58:2a:bd:38:1f:f4
2026-08-20 15:16:39.506 | zero_code_utils: RainMaker Node ID: b1ed4290-1dc3-4ca8-93fa-c6b15346486f
2026-08-20 15:16:39.506 | zero_code_utils: Matter Serial Number: b1ed42901dc34ca893fac6b15346486f
2026-08-20 15:16:39.506 | zero_code_utils: Firmware partition offset: 0x10000
2026-08-20 15:16:39.983 | zero_code_utils: Product Config: {"config_version":3,"pre_driver":[{"type":"ezc.pre_driver.power_management","enable_light_sleep":true,"max_freq_mhz":160,"min_freq_mhz":10}],"driver":[{"id":1000,"type":"ezc.driver.led","name":"pwm","lighting_config":{"enable_gradient":true,"enable_memory":false,"enable_lowpower":false,"sync_change_brightness":true,"disable_auto_on":true,"beads_comb":3,"fades_ms":800},"pwm_config":{"pwm_hz":4000,"temperature_mode":1,"gpio_red":-1,"gpio_green":-1,"gpio_blue":-1,"gpio_cold_or_cct":5,"gpio_warm_or_brightness":4},"hardware_config":{"white_min":10,"white_max":100,"white_power_max":100,"rgb_min":10,"rgb_max":100,"rgb_power_max":300},"gamma_config":{"enable_gamma_adjust":true,"gamma_red":100,"gamma_green":100,"gamma_blue":100,"gamma_cold":100,"gamma_warm":100,"curve_coe":1}}],"product_common":[{"type":"ezc.product_common.indicator","subtype":0,"driver":{"output":1000},"events":[{"name":"setup_mode_start","mode":"breathe","speed":2000,"color_select":2,"cct":50,"min_brightness":20,"max_brightness":100,"total_ms":0,"interrupt_forbidden":true},{"name":"setup_started","mode":"breathe","speed":1000,"color_select":2,"cct":50,"min_brightness":20,"max_brightness":100,"total_ms":0},{"name":"setup_successful","mode":"restore"},{"name":"setup_failed","mode":"solid","color_select":2,"cct":10,"max_brightness":100},{"name":"identification_start","mode":"blink","speed":1000,"color_select":2,"cct":50,"min_brightness":20,"max_brightness":100,"total_ms":0},{"name":"identification_stop","mode":"restore"},{"name":"identification_blink","mode":"blink","speed":1000,"color_select":2,"cct":50,"min_brightness":20,"max_brightness":100,"total_ms":1000},{"name":"identification_breathe","mode":"breathe","speed":1000,"color_select":2,"cct":50,"min_brightness":20,"max_brightness":100,"total_ms":15000},{"name":"identification_okay","mode":"blink","speed":2000,"color_select":2,"cct":50,"min_brightness":20,"max_brightness":100,"total_ms":1000},{"name":"identification_channel_change","mode":"blink","speed":16000,"color_select":2,"cct":50,"min_brightness":20,"max_brightness":100,"total_ms":8000},{"name":"identification_finish_effect","mode":"restore"},{"name":"identification_stop_effect","mode":"restore"}]},{"type":"ezc.product_common.factory_reset","subtype":1,"count":3,"auto_trigger":true}],"product":[{"type":"ezc.product.light","subtype":3,"driver":{"output":1000},"data_model":{"power_default":1,"power_bootup":-1,"level_default":50,"level_bootup":-1,"color_mode_default":1,"color_mode_bootup":-1,"temperature_default":4000,"temperature_bootup":-1,"temperature_minimum_default":2200,"temperature_maximum_default":7000}}],"test_mode":[{"type":"ezc.test_mode.common","subtype":1},{"type":"ezc.test_mode.ble","subtype":1},{"type":"ezc.test_mode.light","subtype":1},{"type":"ezc.test_mode.light","subtype":2},{"type":"ezc.test_mode.light","subtype":3}]}
2026-08-20 15:16:39.983 | After freeing product config: Current Free Memory: 103752, Minimum Ever Free Size: 94428, Largest Free Block: 83968
2026-08-20 15:16:40.796 | matter_one_core: Current Free Memory: 32184, Minimum Ever Free Size: 30648, Largest Free Block: 23040
2026-08-20 15:16:40.797 | chan:1,max_power:80
2026-08-20 15:16:40.797 | chan:2,max_power:80
2026-08-20 15:16:40.797 | chan:3,max_power:80
2026-08-20 15:16:40.797 | chan:4,max_power:80
2026-08-20 15:16:40.797 | chan:5,max_power:80
2026-08-20 15:16:40.797 | chan:6,max_power:80
2026-08-20 15:16:40.797 | chan:7,max_power:80
2026-08-20 15:16:40.797 | chan:8,max_power:80
2026-08-20 15:16:40.797 | chan:9,max_power:80
2026-08-20 15:16:40.797 | chan:10,max_power:80
2026-08-20 15:16:40.797 | chan:11,max_power:80
2026-08-20 15:16:40.797 | chan:12,max_power:80
2026-08-20 15:16:40.797 | chan:13,max_power:80
2026-08-20 15:16:40.797 | chan:14,max_power:80
2026-08-20 15:16:40.797 | matter_one_core: Current Free Memory: 32184, Minimum Ever Free Size: 30648, Largest Free Block: 23040
2026-08-20 15:16:40.797 | matter_one_core: Current Free Memory: 32100, Minimum Ever Free Size: 30648, Largest Free Block: 23040
2026-08-20 15:16:40.797 | matter_one_core: Current Free Memory: 53520, Minimum Ever Free Size: 30648, Largest Free Block: 23040
2026-08-20 15:16:40.797 | After CORE TYPE START: Current Free Memory: 53432, Minimum Ever Free Size: 30648, Largest Free Block: 23040
2026-08-20 15:16:40.797 | zero_code_product: Current Free Memory: 53432, Minimum Ever Free Size: 30648, Largest Free Block: 23040
2026-08-20 15:16:44.058 | ESP-ROM:esp32c2-eco4-20240515
2026-08-20 15:16:44.059 | Build:May 15 2024
2026-08-20 15:16:44.059 | rst:0x1 (POWERON),boot:0xc (SPI_FAST_FLASH_BOOT)
2026-08-20 15:16:44.059 | SPIWP:0xee
2026-08-20 15:16:44.059 | mode:DIO, clock div:1
2026-08-20 15:16:44.059 | load:0x3fcd5d00,len:0x1428
2026-08-20 15:16:44.059 | load:0x403acb70,len:0x8ec
2026-08-20 15:16:44.059 | load:0x403aeb70,len:0x31d8
2026-08-20 15:16:44.059 | entry 0x403acb70
2026-08-20 15:16:44.464 | zero_code_product: enter main: 376 ms
2026-08-20 15:16:44.468 | zero_code_product: Current Free Memory: 129680, Minimum Ever Free Size: 129680, Largest Free Block: 120832
2026-08-20 15:16:44.468 | zero_code_utils: Reboot count: 5, reset reason: 1
2026-08-20 15:16:44.468 | light_matter: restore done: 528 ms
2026-08-20 15:16:44.599 | zero_code_core: Current Free Memory: 94512, Minimum Ever Free Size: 94512, Largest Free Block: 83968
2026-08-20 15:16:44.599 | zero_code_utils: Chip: esp32c2
2026-08-20 15:16:44.599 | zero_code_utils: Software Version: 1.4.0
2026-08-20 15:16:44.599 | zero_code_utils: Software Version Number: 10040000
2026-08-20 15:16:44.599 | zero_code_utils: Software Version Suffix: 875
2026-08-20 15:16:44.600 | zero_code_utils: Firmware Type: Evaluation
2026-08-20 15:16:44.600 | zero_code_utils: MAC: 58:2a:bd:38:1f:f4
2026-08-20 15:16:44.600 | zero_code_utils: RainMaker Node ID: b1ed4290-1dc3-4ca8-93fa-c6b15346486f
2026-08-20 15:16:44.600 | zero_code_utils: Matter Serial Number: b1ed42901dc34ca893fac6b15346486f
2026-08-20 15:16:44.600 | zero_code_utils: Firmware partition offset: 0x10000
2026-08-20 15:16:45.074 | zero_code_utils: Product Config: {"config_version":3,"pre_driver":[{"type":"ezc.pre_driver.power_management","enable_light_sleep":true,"max_freq_mhz":160,"min_freq_mhz":10}],"driver":[{"id":1000,"type":"ezc.driver.led","name":"pwm","lighting_config":{"enable_gradient":true,"enable_memory":false,"enable_lowpower":false,"sync_change_brightness":true,"disable_auto_on":true,"beads_comb":3,"fades_ms":800},"pwm_config":{"pwm_hz":4000,"temperature_mode":1,"gpio_red":-1,"gpio_green":-1,"gpio_blue":-1,"gpio_cold_or_cct":5,"gpio_warm_or_brightness":4},"hardware_config":{"white_min":10,"white_max":100,"white_power_max":100,"rgb_min":10,"rgb_max":100,"rgb_power_max":300},"gamma_config":{"enable_gamma_adjust":true,"gamma_red":100,"gamma_green":100,"gamma_blue":100,"gamma_cold":100,"gamma_warm":100,"curve_coe":1}}],"product_common":[{"type":"ezc.product_common.indicator","subtype":0,"driver":{"output":1000},"events":[{"name":"setup_mode_start","mode":"breathe","speed":2000,"color_select":2,"cct":50,"min_brightness":20,"max_brightness":100,"total_ms":0,"interrupt_forbidden":true},{"name":"setup_started","mode":"breathe","speed":1000,"color_select":2,"cct":50,"min_brightness":20,"max_brightness":100,"total_ms":0},{"name":"setup_successful","mode":"restore"},{"name":"setup_failed","mode":"solid","color_select":2,"cct":10,"max_brightness":100},{"name":"identification_start","mode":"blink","speed":1000,"color_select":2,"cct":50,"min_brightness":20,"max_brightness":100,"total_ms":0},{"name":"identification_stop","mode":"restore"},{"name":"identification_blink","mode":"blink","speed":1000,"color_select":2,"cct":50,"min_brightness":20,"max_brightness":100,"total_ms":1000},{"name":"identification_breathe","mode":"breathe","speed":1000,"color_select":2,"cct":50,"min_brightness":20,"max_brightness":100,"total_ms":15000},{"name":"identification_okay","mode":"blink","speed":2000,"color_select":2,"cct":50,"min_brightness":20,"max_brightness":100,"total_ms":1000},{"name":"identification_channel_change","mode":"blink","speed":16000,"color_select":2,"cct":50,"min_brightness":20,"max_brightness":100,"total_ms":8000},{"name":"identification_finish_effect","mode":"restore"},{"name":"identification_stop_effect","mode":"restore"}]},{"type":"ezc.product_common.factory_reset","subtype":1,"count":3,"auto_trigger":true}],"product":[{"type":"ezc.product.light","subtype":3,"driver":{"output":1000},"data_model":{"power_default":1,"power_bootup":-1,"level_default":50,"level_bootup":-1,"color_mode_default":1,"color_mode_bootup":-1,"temperature_default":4000,"temperature_bootup":-1,"temperature_minimum_default":2200,"temperature_maximum_default":7000}}],"test_mode":[{"type":"ezc.test_mode.common","subtype":1},{"type":"ezc.test_mode.ble","subtype":1},{"type":"ezc.test_mode.light","subtype":1},{"type":"ezc.test_mode.light","subtype":2},{"type":"ezc.test_mode.light","subtype":3}]}
2026-08-20 15:16:45.074 | After freeing product config: Current Free Memory: 103752, Minimum Ever Free Size: 94428, Largest Free Block: 83968
2026-08-20 15:16:45.802 | matter_one_core: Current Free Memory: 30788, Minimum Ever Free Size: 28868, Largest Free Block: 20480
2026-08-20 15:16:45.802 | chan:1,max_power:80
2026-08-20 15:16:45.802 | chan:2,max_power:80
2026-08-20 15:16:45.802 | chan:3,max_power:80
2026-08-20 15:16:45.802 | chan:4,max_power:80
2026-08-20 15:16:46.006 | chan:5,max_power:80
2026-08-20 15:16:46.008 | chan:6,max_power:80
2026-08-20 15:16:46.008 | chan:7,max_power:80
2026-08-20 15:16:46.015 | chan:8,max_power:80
2026-08-20 15:16:46.015 | chan:9,max_power:80
2026-08-20 15:16:46.015 | chan:10,max_power:80
2026-08-20 15:16:46.015 | chan:11,max_power:80
2026-08-20 15:16:46.015 | chan:12,max_power:80
2026-08-20 15:16:46.015 | chan:13,max_power:80
2026-08-20 15:16:46.015 | chan:14,max_power:80
2026-08-20 15:16:46.623 | matter_one_core: Current Free Memory: 29168, Minimum Ever Free Size: 28868, Largest Free Block: 19968
2026-08-20 15:16:46.624 | matter_one_core: Current Free Memory: 29332, Minimum Ever Free Size: 28868, Largest Free Block: 19968
2026-08-20 15:16:46.624 | matter_one_core: Current Free Memory: 27288, Minimum Ever Free Size: 27084, Largest Free Block: 17920
2026-08-20 15:16:46.624 | After CORE TYPE START: Current Free Memory: 48672, Minimum Ever Free Size: 27084, Largest Free Block: 18432
2026-08-20 15:16:46.624 | zero_code_product: Current Free Memory: 48672, Minimum Ever Free Size: 27084, Largest Free Block: 18432
2026-08-20 15:16:46.826 | chan:1,max_power:80
2026-08-20 15:16:46.826 | chan:2,max_power:80
2026-08-20 15:16:46.826 | chan:3,max_power:80
2026-08-20 15:16:46.826 | chan:4,max_power:80
2026-08-20 15:16:46.826 | chan:5,max_power:80
2026-08-20 15:16:46.826 | chan:6,max_power:80
2026-08-20 15:16:46.826 | chan:7,max_power:80
2026-08-20 15:16:49.066 | chan:8,m�ESP-ROM:esp32c2-eco4-20240515
2026-08-20 15:16:49.069 | Build:May 15 2024
2026-08-20 15:16:49.069 | rst:0x1 (POWERON),boot:0xc (SPI_FAST_FLASH_BOOT)
2026-08-20 15:16:49.069 | SPIWP:0xee
2026-08-20 15:16:49.070 | mode:DIO, clock div:1
2026-08-20 15:16:49.070 | load:0x3fcd5d00,len:0x1428
2026-08-20 15:16:49.070 | load:0x403acb70,len:0x8ec
2026-08-20 15:16:49.070 | load:0x403aeb70,len:0x31d8
2026-08-20 15:16:49.070 | entry 0x403acb70
2026-08-20 15:16:49.472 | zero_code_product: enter main: 376 ms
2026-08-20 15:16:49.473 | zero_code_product: Current Free Memory: 129680, Minimum Ever Free Size: 129680, Largest Free Block: 120832
2026-08-20 15:16:49.473 | zero_code_utils: Reboot count: 6, reset reason: 1
2026-08-20 15:16:49.632 | light_matter: restore done: 528 ms
2026-08-20 15:16:49.632 | zero_code_core: Current Free Memory: 94512, Minimum Ever Free Size: 94512, Largest Free Block: 83968
2026-08-20 15:16:49.632 | zero_code_utils: Chip: esp32c2
2026-08-20 15:16:49.632 | zero_code_utils: Software Version: 1.4.0
2026-08-20 15:16:49.632 | zero_code_utils: Software Version Number: 10040000
2026-08-20 15:16:49.632 | zero_code_utils: Software Version Suffix: 875
2026-08-20 15:16:49.633 | zero_code_utils: Firmware Type: Evaluation
2026-08-20 15:16:49.633 | zero_code_utils: MAC: 58:2a:bd:38:1f:f4
2026-08-20 15:16:49.633 | zero_code_utils: RainMaker Node ID: b1ed4290-1dc3-4ca8-93fa-c6b15346486f
2026-08-20 15:16:49.633 | zero_code_utils: Matter Serial Number: b1ed42901dc34ca893fac6b15346486f
2026-08-20 15:16:49.633 | zero_code_utils: Firmware partition offset: 0x10000
2026-08-20 15:16:50.110 | zero_code_utils: Product Config: {"config_version":3,"pre_driver":[{"type":"ezc.pre_driver.power_management","enable_light_sleep":true,"max_freq_mhz":160,"min_freq_mhz":10}],"driver":[{"id":1000,"type":"ezc.driver.led","name":"pwm","lighting_config":{"enable_gradient":true,"enable_memory":false,"enable_lowpower":false,"sync_change_brightness":true,"disable_auto_on":true,"beads_comb":3,"fades_ms":800},"pwm_config":{"pwm_hz":4000,"temperature_mode":1,"gpio_red":-1,"gpio_green":-1,"gpio_blue":-1,"gpio_cold_or_cct":5,"gpio_warm_or_brightness":4},"hardware_config":{"white_min":10,"white_max":100,"white_power_max":100,"rgb_min":10,"rgb_max":100,"rgb_power_max":300},"gamma_config":{"enable_gamma_adjust":true,"gamma_red":100,"gamma_green":100,"gamma_blue":100,"gamma_cold":100,"gamma_warm":100,"curve_coe":1}}],"product_common":[{"type":"ezc.product_common.indicator","subtype":0,"driver":{"output":1000},"events":[{"name":"setup_mode_start","mode":"breathe","speed":2000,"color_select":2,"cct":50,"min_brightness":20,"max_brightness":100,"total_ms":0,"interrupt_forbidden":true},{"name":"setup_started","mode":"breathe","speed":1000,"color_select":2,"cct":50,"min_brightness":20,"max_brightness":100,"total_ms":0},{"name":"setup_successful","mode":"restore"},{"name":"setup_failed","mode":"solid","color_select":2,"cct":10,"max_brightness":100},{"name":"identification_start","mode":"blink","speed":1000,"color_select":2,"cct":50,"min_brightness":20,"max_brightness":100,"total_ms":0},{"name":"identification_stop","mode":"restore"},{"name":"identification_blink","mode":"blink","speed":1000,"color_select":2,"cct":50,"min_brightness":20,"max_brightness":100,"total_ms":1000},{"name":"identification_breathe","mode":"breathe","speed":1000,"color_select":2,"cct":50,"min_brightness":20,"max_brightness":100,"total_ms":15000},{"name":"identification_okay","mode":"blink","speed":2000,"color_select":2,"cct":50,"min_brightness":20,"max_brightness":100,"total_ms":1000},{"name":"identification_channel_change","mode":"blink","speed":16000,"color_select":2,"cct":50,"min_brightness":20,"max_brightness":100,"total_ms":8000},{"name":"identification_finish_effect","mode":"restore"},{"name":"identification_stop_effect","mode":"restore"}]},{"type":"ezc.product_common.factory_reset","subtype":1,"count":3,"auto_trigger":true}],"product":[{"type":"ezc.product.light","subtype":3,"driver":{"output":1000},"data_model":{"power_default":1,"power_bootup":-1,"level_default":50,"level_bootup":-1,"color_mode_default":1,"color_mode_bootup":-1,"temperature_default":4000,"temperature_bootup":-1,"temperature_minimum_default":2200,"temperature_maximum_default":7000}}],"test_mode":[{"type":"ezc.test_mode.common","subtype":1},{"type":"ezc.test_mode.ble","subtype":1},{"type":"ezc.test_mode.light","subtype":1},{"type":"ezc.test_mode.light","subtype":2},{"type":"ezc.test_mode.light","subtype":3}]}
2026-08-20 15:16:50.110 | After freeing product config: Current Free Memory: 103752, Minimum Ever Free Size: 94428, Largest Free Block: 83968
2026-08-20 15:16:50.928 | matter_one_core: Current Free Memory: 30624, Minimum Ever Free Size: 29088, Largest Free Block: 21504
2026-08-20 15:16:50.929 | chan:1,max_power:80
2026-08-20 15:16:50.929 | chan:2,max_power:80
2026-08-20 15:16:50.929 | chan:3,max_power:80
2026-08-20 15:16:50.929 | chan:4,max_power:80
2026-08-20 15:16:50.929 | chan:5,max_power:80
2026-08-20 15:16:50.930 | chan:6,max_power:80
2026-08-20 15:16:50.930 | chan:7,max_power:80
2026-08-20 15:16:50.930 | chan:8,max_power:80
2026-08-20 15:16:50.930 | chan:9,max_power:80
2026-08-20 15:16:50.930 | chan:10,max_power:80
2026-08-20 15:16:50.930 | chan:11,max_power:80
2026-08-20 15:16:50.930 | chan:12,max_power:80
2026-08-20 15:16:50.930 | chan:13,max_power:80
2026-08-20 15:16:50.930 | chan:14,max_power:80
2026-08-20 15:16:53.444 | ESP-ROM:esp32c2-eco4-20240515
2026-08-20 15:16:53.444 | Build:May 15 2024
2026-08-20 15:16:53.444 | rst:0x1 (POWERON),boot:0xc (SPI_FAST_FLASH_BOOT)
2026-08-20 15:16:53.444 | SPIWP:0xee
2026-08-20 15:16:53.445 | mode:DIO, clock div:1
2026-08-20 15:16:53.445 | load:0x3fcd5d00,len:0x1428
2026-08-20 15:16:53.445 | load:0x403acb70,len:0x8ec
2026-08-20 15:16:53.445 | load:0x403aeb70,len:0x31d8
2026-08-20 15:16:53.445 | entry 0x403acb70
2026-08-20 15:16:53.846 | zero_code_product: enter main: 376 ms
2026-08-20 15:16:53.846 | zero_code_product: Current Free Memory: 129680, Minimum Ever Free Size: 129680, Largest Free Block: 120832
2026-08-20 15:16:53.846 | zero_code_utils: Reboot count: 7, reset reason: 1
2026-08-20 15:16:53.846 | light_matter: restore done: 526 ms
2026-08-20 15:16:53.846 | zero_code_core: Current Free Memory: 94380, Minimum Ever Free Size: 94380, Largest Free Block: 83968
2026-08-20 15:16:53.846 | zero_code_utils: Chip: esp32c2
2026-08-20 15:16:53.846 | zero_code_utils: Software Version: 1.4.0
2026-08-20 15:16:53.846 | zero_code_utils: Software Version Number: 10040000
2026-08-20 15:16:53.846 | zero_code_utils: Software Version Suffix: 875
2026-08-20 15:16:53.981 | zero_code_utils: Firmware Type: Evaluation
2026-08-20 15:16:53.981 | zero_code_utils: MAC: 58:2a:bd:38:1f:f4
2026-08-20 15:16:53.981 | zero_code_utils: RainMaker Node ID: b1ed4290-1dc3-4ca8-93fa-c6b15346486f
2026-08-20 15:16:53.982 | zero_code_utils: Matter Serial Number: b1ed42901dc34ca893fac6b15346486f
2026-08-20 15:16:53.982 | zero_code_utils: Firmware partition offset: 0x10000
2026-08-20 15:16:54.459 | zero_code_utils: Product Config: {"config_version":3,"pre_driver":[{"type":"ezc.pre_driver.power_management","enable_light_sleep":true,"max_freq_mhz":160,"min_freq_mhz":10}],"driver":[{"id":1000,"type":"ezc.driver.led","name":"pwm","lighting_config":{"enable_gradient":true,"enable_memory":false,"enable_lowpower":false,"sync_change_brightness":true,"disable_auto_on":true,"beads_comb":3,"fades_ms":800},"pwm_config":{"pwm_hz":4000,"temperature_mode":1,"gpio_red":-1,"gpio_green":-1,"gpio_blue":-1,"gpio_cold_or_cct":5,"gpio_warm_or_brightness":4},"hardware_config":{"white_min":10,"white_max":100,"white_power_max":100,"rgb_min":10,"rgb_max":100,"rgb_power_max":300},"gamma_config":{"enable_gamma_adjust":true,"gamma_red":100,"gamma_green":100,"gamma_blue":100,"gamma_cold":100,"gamma_warm":100,"curve_coe":1}}],"product_common":[{"type":"ezc.product_common.indicator","subtype":0,"driver":{"output":1000},"events":[{"name":"setup_mode_start","mode":"breathe","speed":2000,"color_select":2,"cct":50,"min_brightness":20,"max_brightness":100,"total_ms":0,"interrupt_forbidden":true},{"name":"setup_started","mode":"breathe","speed":1000,"color_select":2,"cct":50,"min_brightness":20,"max_brightness":100,"total_ms":0},{"name":"setup_successful","mode":"restore"},{"name":"setup_failed","mode":"solid","color_select":2,"cct":10,"max_brightness":100},{"name":"identification_start","mode":"blink","speed":1000,"color_select":2,"cct":50,"min_brightness":20,"max_brightness":100,"total_ms":0},{"name":"identification_stop","mode":"restore"},{"name":"identification_blink","mode":"blink","speed":1000,"color_select":2,"cct":50,"min_brightness":20,"max_brightness":100,"total_ms":1000},{"name":"identification_breathe","mode":"breathe","speed":1000,"color_select":2,"cct":50,"min_brightness":20,"max_brightness":100,"total_ms":15000},{"name":"identification_okay","mode":"blink","speed":2000,"color_select":2,"cct":50,"min_brightness":20,"max_brightness":100,"total_ms":1000},{"name":"identification_channel_change","mode":"blink","speed":16000,"color_select":2,"cct":50,"min_brightness":20,"max_brightness":100,"total_ms":8000},{"name":"identification_finish_effect","mode":"restore"},{"name":"identification_stop_effect","mode":"restore"}]},{"type":"ezc.product_common.factory_reset","subtype":1,"count":3,"auto_trigger":true}],"product":[{"type":"ezc.product.light","subtype":3,"driver":{"output":1000},"data_model":{"power_default":1,"power_bootup":-1,"level_default":50,"level_bootup":-1,"color_mode_default":1,"color_mode_bootup":-1,"temperature_default":4000,"temperature_bootup":-1,"temperature_minimum_default":2200,"temperature_maximum_default":7000}}],"test_mode":[{"type":"ezc.test_mode.common","subtype":1},{"type":"ezc.test_mode.ble","subtype":1},{"type":"ezc.test_mode.light","subtype":1},{"type":"ezc.test_mode.light","subtype":2},{"type":"ezc.test_mode.light","subtype":3}]}
2026-08-20 15:16:54.460 | After freeing product config: Current Free Memory: 103620, Minimum Ever Free Size: 94296, Largest Free Block: 83968
2026-08-20 15:16:55.275 | matter_one_core: Current Free Memory: 30924, Minimum Ever Free Size: 29388, Largest Free Block: 22016
2026-08-20 15:16:55.275 | chan:1,max_power:80
2026-08-20 15:16:55.275 | chan:2,max_power:80
2026-08-20 15:16:55.275 | chan:3,max_power:80
2026-08-20 15:16:55.275 | chan:4,max_power:80
2026-08-20 15:16:55.275 | chan:5,max_power:80
2026-08-20 15:16:55.275 | chan:6,max_power:80
2026-08-20 15:16:55.275 | chan:7,max_power:80
2026-08-20 15:16:55.275 | chan:8,max_power:80
2026-08-20 15:16:55.275 | chan:9,max_power:80
2026-08-20 15:16:55.275 | chan:10,max_power:80
2026-08-20 15:16:55.276 | chan:11,max_power:80
2026-08-20 15:16:55.276 | chan:12,max_power:80
2026-08-20 15:16:55.276 | chan:13,max_power:80
2026-08-20 15:16:55.276 | chan:14,max_power:80
2026-08-20 15:16:55.886 | matter_one_core: Current Free Memory: 29072, Minimum Ever Free Size: 28988, Largest Free Block: 19968
2026-08-20 15:16:55.886 | matter_one_core: Current Free Memory: 29216, Minimum Ever Free Size: 28888, Largest Free Block: 19968
2026-08-20 15:16:55.886 | matter_one_core: Current Free Memory: 33740, Minimum Ever Free Size: 28888, Largest Free Block: 19968
2026-08-20 15:16:56.091 | After CORE TYPE START: Current Free Memory: 50548, Minimum Ever Free Size: 28888, Largest Free Block: 19968
2026-08-20 15:16:56.091 | zero_code_product: Current Free Memory: 50548, Minimum Ever Free Size: 28888, Largest Free Block: 19968
2026-08-20 15:16:58.949 | ESP-ROM:esp32c2-eco4-20240515
2026-08-20 15:16:58.949 | Build:May 15 2024
2026-08-20 15:16:58.949 | rst:0x1 (POWERON),boot:0xc (SPI_FAST_FLASH_BOOT)
2026-08-20 15:16:58.949 | SPIWP:0xee
2026-08-20 15:16:58.949 | mode:DIO, clock div:1
2026-08-20 15:16:58.949 | load:0x3fcd5d00,len:0x1428
2026-08-20 15:16:58.949 | load:0x403acb70,len:0x8ec
2026-08-20 15:16:58.949 | load:0x403aeb70,len:0x31d8
2026-08-20 15:16:58.949 | entry 0x403acb70
2026-08-20 15:16:59.356 | zero_code_product: enter main: 376 ms
2026-08-20 15:16:59.356 | zero_code_product: Current Free Memory: 129680, Minimum Ever Free Size: 129680, Largest Free Block: 120832
2026-08-20 15:16:59.556 | zero_code_utils: Reboot count: 8, reset reason: 1
2026-08-20 15:16:59.556 | light_matter: restore done: 526 ms
2026-08-20 15:16:59.556 | zero_code_core: Current Free Memory: 94380, Minimum Ever Free Size: 94380, Largest Free Block: 83968
2026-08-20 15:16:59.556 | zero_code_utils: Chip: esp32c2
2026-08-20 15:16:59.556 | zero_code_utils: Software Version: 1.4.0
2026-08-20 15:16:59.557 | zero_code_utils: Software Version Number: 10040000
2026-08-20 15:16:59.557 | zero_code_utils: Software Version Suffix: 875
2026-08-20 15:16:59.557 | zero_code_utils: Firmware Type: Evaluation
2026-08-20 15:16:59.557 | zero_code_utils: MAC: 58:2a:bd:38:1f:f4
2026-08-20 15:16:59.557 | zero_code_utils: RainMaker Node ID: b1ed4290-1dc3-4ca8-93fa-c6b15346486f
2026-08-20 15:16:59.557 | zero_code_utils: Matter Serial Number: b1ed42901dc34ca893fac6b15346486f
2026-08-20 15:16:59.557 | zero_code_utils: Firmware partition offset: 0x10000
2026-08-20 15:17:00.033 | zero_code_utils: Product Config: {"config_version":3,"pre_driver":[{"type":"ezc.pre_driver.power_management","enable_light_sleep":true,"max_freq_mhz":160,"min_freq_mhz":10}],"driver":[{"id":1000,"type":"ezc.driver.led","name":"pwm","lighting_config":{"enable_gradient":true,"enable_memory":false,"enable_lowpower":false,"sync_change_brightness":true,"disable_auto_on":true,"beads_comb":3,"fades_ms":800},"pwm_config":{"pwm_hz":4000,"temperature_mode":1,"gpio_red":-1,"gpio_green":-1,"gpio_blue":-1,"gpio_cold_or_cct":5,"gpio_warm_or_brightness":4},"hardware_config":{"white_min":10,"white_max":100,"white_power_max":100,"rgb_min":10,"rgb_max":100,"rgb_power_max":300},"gamma_config":{"enable_gamma_adjust":true,"gamma_red":100,"gamma_green":100,"gamma_blue":100,"gamma_cold":100,"gamma_warm":100,"curve_coe":1}}],"product_common":[{"type":"ezc.product_common.indicator","subtype":0,"driver":{"output":1000},"events":[{"name":"setup_mode_start","mode":"breathe","speed":2000,"color_select":2,"cct":50,"min_brightness":20,"max_brightness":100,"total_ms":0,"interrupt_forbidden":true},{"name":"setup_started","mode":"breathe","speed":1000,"color_select":2,"cct":50,"min_brightness":20,"max_brightness":100,"total_ms":0},{"name":"setup_successful","mode":"restore"},{"name":"setup_failed","mode":"solid","color_select":2,"cct":10,"max_brightness":100},{"name":"identification_start","mode":"blink","speed":1000,"color_select":2,"cct":50,"min_brightness":20,"max_brightness":100,"total_ms":0},{"name":"identification_stop","mode":"restore"},{"name":"identification_blink","mode":"blink","speed":1000,"color_select":2,"cct":50,"min_brightness":20,"max_brightness":100,"total_ms":1000},{"name":"identification_breathe","mode":"breathe","speed":1000,"color_select":2,"cct":50,"min_brightness":20,"max_brightness":100,"total_ms":15000},{"name":"identification_okay","mode":"blink","speed":2000,"color_select":2,"cct":50,"min_brightness":20,"max_brightness":100,"total_ms":1000},{"name":"identification_channel_change","mode":"blink","speed":16000,"color_select":2,"cct":50,"min_brightness":20,"max_brightness":100,"total_ms":8000},{"name":"identification_finish_effect","mode":"restore"},{"name":"identification_stop_effect","mode":"restore"}]},{"type":"ezc.product_common.factory_reset","subtype":1,"count":3,"auto_trigger":true}],"product":[{"type":"ezc.product.light","subtype":3,"driver":{"output":1000},"data_model":{"power_default":1,"power_bootup":-1,"level_default":50,"level_bootup":-1,"color_mode_default":1,"color_mode_bootup":-1,"temperature_default":4000,"temperature_bootup":-1,"temperature_minimum_default":2200,"temperature_maximum_default":7000}}],"test_mode":[{"type":"ezc.test_mode.common","subtype":1},{"type":"ezc.test_mode.ble","subtype":1},{"type":"ezc.test_mode.light","subtype":1},{"type":"ezc.test_mode.light","subtype":2},{"type":"ezc.test_mode.light","subtype":3}]}
2026-08-20 15:17:00.037 | After freeing product config: Current Free Memory: 103620, Minimum Ever Free Size: 94296, Largest Free Block: 83968
2026-08-20 15:17:00.844 | matter_one_core: Current Free Memory: 30600, Minimum Ever Free Size: 29064, Largest Free Block: 21504
2026-08-20 15:17:00.844 | chan:1,max_power:80
2026-08-20 15:17:00.844 | chan:2,max_power:80
2026-08-20 15:17:00.844 | chan:3,max_power:80
2026-08-20 15:17:00.844 | chan:4,max_power:80
2026-08-20 15:17:00.844 | chan:5,max_power:80
2026-08-20 15:17:00.844 | chan:6,max_power:80
2026-08-20 15:17:00.845 | chan:7,max_power:80
2026-08-20 15:17:00.845 | chan:8,max_power:80
2026-08-20 15:17:00.845 | chan:9,max_power:80
2026-08-20 15:17:00.845 | chan:10,max_power:80
2026-08-20 15:17:00.845 | chan:11,max_power:80
2026-08-20 15:17:00.845 | chan:12,max_power:80
2026-08-20 15:17:00.845 | chan:13,max_power:80
2026-08-20 15:17:00.845 | chan:14,max_power:80
2026-08-20 15:17:01.663 | matter_one_core: Current Free Memory: 28988, Minimum Ever Free Size: 28916, Largest Free Block: 19968
2026-08-20 15:17:01.663 | matter_one_core: Current Free Memory: 29160, Minimum Ever Free Size: 28916, Largest Free Block: 19968
2026-08-20 15:17:01.663 | matter_one_core: Current Free Memory: 33720, Minimum Ever Free Size: 28916, Largest Free Block: 19968
2026-08-20 15:17:03.908 | After CORE TYPE START: Current Free Memory: 50492, Minimum Ever Fre�ESP-ROM:esp32c2-eco4-20240515
2026-08-20 15:17:03.909 | Build:May 15 2024
2026-08-20 15:17:03.909 | rst:0x1 (POWERON),boot:0xc (SPI_FAST_FLASH_BOOT)
2026-08-20 15:17:03.909 | SPIWP:0xee
2026-08-20 15:17:03.909 | mode:DIO, clock div:1
2026-08-20 15:17:03.909 | load:0x3fcd5d00,len:0x1428
2026-08-20 15:17:03.910 | load:0x403acb70,len:0x8ec
2026-08-20 15:17:03.910 | load:0x403aeb70,len:0x31d8
2026-08-20 15:17:03.910 | entry 0x403acb70
2026-08-20 15:17:04.319 | zero_code_product: enter main: 376 ms
2026-08-20 15:17:04.319 | zero_code_product: Current Free Memory: 129680, Minimum Ever Free Size: 129680, Largest Free Block: 120832
2026-08-20 15:17:04.319 | zero_code_utils: Reboot count: 9, reset reason: 1
2026-08-20 15:17:04.483 | light_matter: restore done: 526 ms
2026-08-20 15:17:04.483 | zero_code_core: Current Free Memory: 94380, Minimum Ever Free Size: 94380, Largest Free Block: 83968
2026-08-20 15:17:04.483 | zero_code_utils: Chip: esp32c2
2026-08-20 15:17:04.483 | zero_code_utils: Software Version: 1.4.0
2026-08-20 15:17:04.484 | zero_code_utils: Software Version Number: 10040000
2026-08-20 15:17:04.484 | zero_code_utils: Software Version Suffix: 875
2026-08-20 15:17:04.484 | zero_code_utils: Firmware Type: Evaluation
2026-08-20 15:17:04.484 | zero_code_utils: MAC: 58:2a:bd:38:1f:f4
2026-08-20 15:17:04.484 | zero_code_utils: RainMaker Node ID: b1ed4290-1dc3-4ca8-93fa-c6b15346486f
2026-08-20 15:17:04.484 | zero_code_utils: Matter Serial Number: b1ed42901dc34ca893fac6b15346486f
2026-08-20 15:17:04.484 | zero_code_utils: Firmware partition offset: 0x10000
2026-08-20 15:17:04.961 | zero_code_utils: Product Config: {"config_version":3,"pre_driver":[{"type":"ezc.pre_driver.power_management","enable_light_sleep":true,"max_freq_mhz":160,"min_freq_mhz":10}],"driver":[{"id":1000,"type":"ezc.driver.led","name":"pwm","lighting_config":{"enable_gradient":true,"enable_memory":false,"enable_lowpower":false,"sync_change_brightness":true,"disable_auto_on":true,"beads_comb":3,"fades_ms":800},"pwm_config":{"pwm_hz":4000,"temperature_mode":1,"gpio_red":-1,"gpio_green":-1,"gpio_blue":-1,"gpio_cold_or_cct":5,"gpio_warm_or_brightness":4},"hardware_config":{"white_min":10,"white_max":100,"white_power_max":100,"rgb_min":10,"rgb_max":100,"rgb_power_max":300},"gamma_config":{"enable_gamma_adjust":true,"gamma_red":100,"gamma_green":100,"gamma_blue":100,"gamma_cold":100,"gamma_warm":100,"curve_coe":1}}],"product_common":[{"type":"ezc.product_common.indicator","subtype":0,"driver":{"output":1000},"events":[{"name":"setup_mode_start","mode":"breathe","speed":2000,"color_select":2,"cct":50,"min_brightness":20,"max_brightness":100,"total_ms":0,"interrupt_forbidden":true},{"name":"setup_started","mode":"breathe","speed":1000,"color_select":2,"cct":50,"min_brightness":20,"max_brightness":100,"total_ms":0},{"name":"setup_successful","mode":"restore"},{"name":"setup_failed","mode":"solid","color_select":2,"cct":10,"max_brightness":100},{"name":"identification_start","mode":"blink","speed":1000,"color_select":2,"cct":50,"min_brightness":20,"max_brightness":100,"total_ms":0},{"name":"identification_stop","mode":"restore"},{"name":"identification_blink","mode":"blink","speed":1000,"color_select":2,"cct":50,"min_brightness":20,"max_brightness":100,"total_ms":1000},{"name":"identification_breathe","mode":"breathe","speed":1000,"color_select":2,"cct":50,"min_brightness":20,"max_brightness":100,"total_ms":15000},{"name":"identification_okay","mode":"blink","speed":2000,"color_select":2,"cct":50,"min_brightness":20,"max_brightness":100,"total_ms":1000},{"name":"identification_channel_change","mode":"blink","speed":16000,"color_select":2,"cct":50,"min_brightness":20,"max_brightness":100,"total_ms":8000},{"name":"identification_finish_effect","mode":"restore"},{"name":"identification_stop_effect","mode":"restore"}]},{"type":"ezc.product_common.factory_reset","subtype":1,"count":3,"auto_trigger":true}],"product":[{"type":"ezc.product.light","subtype":3,"driver":{"output":1000},"data_model":{"power_default":1,"power_bootup":-1,"level_default":50,"level_bootup":-1,"color_mode_default":1,"color_mode_bootup":-1,"temperature_default":4000,"temperature_bootup":-1,"temperature_minimum_default":2200,"temperature_maximum_default":7000}}],"test_mode":[{"type":"ezc.test_mode.common","subtype":1},{"type":"ezc.test_mode.ble","subtype":1},{"type":"ezc.test_mode.light","subtype":1},{"type":"ezc.test_mode.light","subtype":2},{"type":"ezc.test_mode.light","subtype":3}]}
2026-08-20 15:17:04.962 | After freeing product config: Current Free Memory: 103620, Minimum Ever Free Size: 94296, Largest Free Block: 83968
2026-08-20 15:17:05.779 | matter_one_core: Current Free Memory: 30660, Minimum Ever Free Size: 29124, Largest Free Block: 21504
2026-08-20 15:17:05.780 | chan:1,max_power:80
2026-08-20 15:17:05.780 | chan:2,max_power:80
2026-08-20 15:17:05.780 | chan:3,max_power:80
2026-08-20 15:17:05.780 | chan:4,max_power:80
2026-08-20 15:17:05.780 | chan:5,max_power:80
2026-08-20 15:17:05.780 | chan:6,max_power:80
2026-08-20 15:17:05.780 | chan:7,max_power:80
2026-08-20 15:17:05.780 | chan:8,max_power:80
2026-08-20 15:17:05.781 | chan:9,max_power:80
2026-08-20 15:17:05.781 | chan:10,max_power:80
2026-08-20 15:17:05.781 | chan:11,max_power:80
2026-08-20 15:17:05.781 | chan:12,max_power:80
2026-08-20 15:17:05.781 | chan:13,max_power:80
2026-08-20 15:17:05.781 | chan:14,max_power:80
2026-08-20 15:17:06.593 | matter_one_core: Current Free Memory: 29020, Minimum Ever Free Size: 28944, Largest Free Block: 19456
2026-08-20 15:17:06.593 | matter_one_core: Current Free Memory: 29184, Minimum Ever Free Size: 28944, Largest Free Block: 19968
2026-08-20 15:17:06.593 | matter_one_core: Current Free Memory: 27452, Minimum Ever Free Size: 26896, Largest Free Block: 17920
2026-08-20 15:17:06.593 | After CORE TYPE START: Current Free Memory: 31568, Minimum Ever Free Size: 26896, Largest Free Block: 17920
2026-08-20 15:17:06.594 | zero_code_product: Current Free Memory: 48536, Minimum Ever Free Size: 26896, Largest Free Block: 17920
2026-08-20 15:17:06.594 | chan:1,max_power:80
2026-08-20 15:17:06.594 | chan:2,max_power:80
2026-08-20 15:17:06.594 | chan:3,max_power:80
2026-08-20 15:17:06.594 | chan:4,max_power:80
2026-08-20 15:17:06.594 | chan:5,max_power:80
2026-08-20 15:17:06.594 | chan:6,max_power:80
2026-08-20 15:17:06.594 | chan:7,max_power:80
2026-08-20 15:17:06.594 | chan:8,max_power:80
2026-08-20 15:17:06.594 | chan:9,max_power:80
2026-08-20 15:17:06.594 | chan:10,max_power:80
2026-08-20 15:17:06.594 | chan:11,max_power:80
2026-08-20 15:17:06.594 | chan:12,max_power:80
2026-08-20 15:17:06.594 | chan:13,max_power:80
2026-08-20 15:17:06.594 | chan:14,max_power:80
2026-08-20 15:17:06.594 | matter_one_core: Current Free Memory: 59264, Minimum Ever Free Size: 26896, Largest Free Block: 21504
2026-08-20 15:17:06.798 | matter_one_core: Current Free Memory: 59264, Minimum Ever Free Size: 26896, Largest Free Block: 21504
2026-08-20 15:17:08.021 | matter_one_core: Current Free Memory: 58868, Minimum Ever Free Size: 26896, Largest Free Block: 21504
2026-08-20 15:17:08.021 | matter_one_core: Current Free Memory: 58820, Minimum Ever Free Size: 26896, Largest Free Block: 21504
2026-08-20 15:17:08.022 | matter_one_core: Current Free Memory: 55532, Minimum Ever Free Size: 26896, Largest Free Block: 21504
2026-08-20 15:17:08.022 | matter_one_core: Current Free Memory: 56416, Minimum Ever Free Size: 26896, Largest Free Block: 21504
2026-08-20 15:17:08.636 | matter_one_core: Current Free Memory: 66284, Minimum Ever Free Size: 36900, Largest Free Block: 21504
2026-08-20 15:17:09.453 | zero_code_utils: Resetting reboot count
2026-08-20 15:17:09.453 | zero_code_utils: Current Free Memory: 66224, Minimum Ever Free Size: 33424, Largest Free Block: 21504
2026-08-20 15:17:09.653 | matter_one_core: Current Free Memory: 61672, Minimum Ever Free Size: 32116, Largest Free Block: 21504
2026-08-20 15:17:09.653 | matter_one_core: Current Free Memory: 61672, Minimum Ever Free Size: 32116, Largest Free Block: 21504
2026-08-20 15:17:09.653 | matter_one_core: Current Free Memory: 61848, Minimum Ever Free Size: 32116, Largest Free Block: 21504
2026-08-20 15:23:32.052 | ESP-ROM:esp32c2-eco4-20240515
2026-08-20 15:23:32.052 | Build:May 15 2024
2026-08-20 15:23:32.052 | rst:0x1 (POWERON),boot:0xc (SPI_FAST_FLASH_BOOT)
2026-08-20 15:23:32.053 | SPIWP:0xee
2026-08-20 15:23:32.053 | mode:DIO, clock div:1
2026-08-20 15:23:32.053 | load:0x3fcd5d00,len:0x1428
2026-08-20 15:23:32.053 | load:0x403acb70,len:0x8ec
2026-08-20 15:23:32.053 | load:0x403aeb70,len:0x31d8
2026-08-20 15:23:32.053 | entry 0x403acb70
2026-08-20 15:23:32.461 | zero_code_product: enter main: 376 ms
2026-08-20 15:23:32.461 | zero_code_product: Current Free Memory: 129680, Minimum Ever Free Size: 129680, Largest Free Block: 120832
2026-08-20 15:23:32.660 | zero_code_utils: Reboot count: 1, reset reason: 1
2026-08-20 15:23:32.660 | light_matter: restore done: 527 ms
2026-08-20 15:23:32.660 | zero_code_core: Current Free Memory: 94380, Minimum Ever Free Size: 94380, Largest Free Block: 83968
2026-08-20 15:23:32.660 | zero_code_utils: Chip: esp32c2
2026-08-20 15:23:32.660 | zero_code_utils: Software Version: 1.4.0
2026-08-20 15:23:32.660 | zero_code_utils: Software Version Number: 10040000
2026-08-20 15:23:32.660 | zero_code_utils: Software Version Suffix: 875
2026-08-20 15:23:32.661 | zero_code_utils: Firmware Type: Evaluation
2026-08-20 15:23:32.661 | zero_code_utils: MAC: 58:2a:bd:38:1f:f4
2026-08-20 15:23:32.661 | zero_code_utils: RainMaker Node ID: b1ed4290-1dc3-4ca8-93fa-c6b15346486f
2026-08-20 15:23:32.661 | zero_code_utils: Matter Serial Number: b1ed42901dc34ca893fac6b15346486f
2026-08-20 15:23:32.661 | zero_code_utils: Firmware partition offset: 0x10000
2026-08-20 15:23:33.138 | zero_code_utils: Product Config: {"config_version":3,"pre_driver":[{"type":"ezc.pre_driver.power_management","enable_light_sleep":true,"max_freq_mhz":160,"min_freq_mhz":10}],"driver":[{"id":1000,"type":"ezc.driver.led","name":"pwm","lighting_config":{"enable_gradient":true,"enable_memory":false,"enable_lowpower":false,"sync_change_brightness":true,"disable_auto_on":true,"beads_comb":3,"fades_ms":800},"pwm_config":{"pwm_hz":4000,"temperature_mode":1,"gpio_red":-1,"gpio_green":-1,"gpio_blue":-1,"gpio_cold_or_cct":5,"gpio_warm_or_brightness":4},"hardware_config":{"white_min":10,"white_max":100,"white_power_max":100,"rgb_min":10,"rgb_max":100,"rgb_power_max":300},"gamma_config":{"enable_gamma_adjust":true,"gamma_red":100,"gamma_green":100,"gamma_blue":100,"gamma_cold":100,"gamma_warm":100,"curve_coe":1}}],"product_common":[{"type":"ezc.product_common.indicator","subtype":0,"driver":{"output":1000},"events":[{"name":"setup_mode_start","mode":"breathe","speed":2000,"color_select":2,"cct":50,"min_brightness":20,"max_brightness":100,"total_ms":0,"interrupt_forbidden":true},{"name":"setup_started","mode":"breathe","speed":1000,"color_select":2,"cct":50,"min_brightness":20,"max_brightness":100,"total_ms":0},{"name":"setup_successful","mode":"restore"},{"name":"setup_failed","mode":"solid","color_select":2,"cct":10,"max_brightness":100},{"name":"identification_start","mode":"blink","speed":1000,"color_select":2,"cct":50,"min_brightness":20,"max_brightness":100,"total_ms":0},{"name":"identification_stop","mode":"restore"},{"name":"identification_blink","mode":"blink","speed":1000,"color_select":2,"cct":50,"min_brightness":20,"max_brightness":100,"total_ms":1000},{"name":"identification_breathe","mode":"breathe","speed":1000,"color_select":2,"cct":50,"min_brightness":20,"max_brightness":100,"total_ms":15000},{"name":"identification_okay","mode":"blink","speed":2000,"color_select":2,"cct":50,"min_brightness":20,"max_brightness":100,"total_ms":1000},{"name":"identification_channel_change","mode":"blink","speed":16000,"color_select":2,"cct":50,"min_brightness":20,"max_brightness":100,"total_ms":8000},{"name":"identification_finish_effect","mode":"restore"},{"name":"identification_stop_effect","mode":"restore"}]},{"type":"ezc.product_common.factory_reset","subtype":1,"count":3,"auto_trigger":true}],"product":[{"type":"ezc.product.light","subtype":3,"driver":{"output":1000},"data_model":{"power_default":1,"power_bootup":-1,"level_default":50,"level_bootup":-1,"color_mode_default":1,"color_mode_bootup":-1,"temperature_default":4000,"temperature_bootup":-1,"temperature_minimum_default":2200,"temperature_maximum_default":7000}}],"test_mode":[{"type":"ezc.test_mode.common","subtype":1},{"type":"ezc.test_mode.ble","subtype":1},{"type":"ezc.test_mode.light","subtype":1},{"type":"ezc.test_mode.light","subtype":2},{"type":"ezc.test_mode.light","subtype":3}]}
2026-08-20 15:23:33.138 | After freeing product config: Current Free Memory: 103620, Minimum Ever Free Size: 94296, Largest Free Block: 83968
2026-08-20 15:23:33.951 | matter_one_core: Current Free Memory: 32048, Minimum Ever Free Size: 30512, Largest Free Block: 23040
2026-08-20 15:23:33.951 | chan:1,max_power:80
2026-08-20 15:23:33.951 | chan:2,max_power:80
2026-08-20 15:23:33.951 | chan:3,max_power:80
2026-08-20 15:23:33.951 | chan:4,max_power:80
2026-08-20 15:23:33.951 | chan:5,max_power:80
2026-08-20 15:23:33.951 | chan:6,max_power:80
2026-08-20 15:23:33.951 | chan:7,max_power:80
2026-08-20 15:23:33.951 | chan:8,max_power:80
2026-08-20 15:23:33.951 | chan:9,max_power:80
2026-08-20 15:23:33.951 | chan:10,max_power:80
2026-08-20 15:23:33.951 | chan:11,max_power:80
2026-08-20 15:23:33.951 | chan:12,max_power:80
2026-08-20 15:23:33.952 | chan:13,max_power:80
2026-08-20 15:23:33.952 | chan:14,max_power:80
2026-08-20 15:23:33.952 | matter_one_core: Current Free Memory: 32048, Minimum Ever Free Size: 30512, Largest Free Block: 23040
2026-08-20 15:23:33.952 | matter_one_core: Current Free Memory: 31964, Minimum Ever Free Size: 30512, Largest Free Block: 23040
2026-08-20 15:23:33.952 | matter_one_core: Current Free Memory: 53384, Minimum Ever Free Size: 30512, Largest Free Block: 23040
2026-08-20 15:23:33.952 | After CORE TYPE START: Current Free Memory: 53296, Minimum Ever Free Size: 30512, Largest Free Block: 23040
2026-08-20 15:23:33.952 | zero_code_product: Current Free Memory: 53296, Minimum Ever Free Size: 30512, Largest Free Block: 23040
2026-08-20 15:23:38.022 | ESP-ROM:esp32c2-eco4-20240515
2026-08-20 15:23:38.022 | Build:May 15 2024
2026-08-20 15:23:38.022 | rst:0x1 (POWERON),boot:0xc (SPI_FAST_FLASH_BOOT)
2026-08-20 15:23:38.022 | SPIWP:0xee
2026-08-20 15:23:38.022 | mode:DIO, clock div:1
2026-08-20 15:23:38.022 | load:0x3fcd5d00,len:0x1428
2026-08-20 15:23:38.022 | load:0x403acb70,len:0x8ec
2026-08-20 15:23:38.022 | load:0x403aeb70,len:0x31d8
2026-08-20 15:23:38.023 | entry 0x403acb70
2026-08-20 15:23:38.430 | zero_code_product: enter main: 376 ms
2026-08-20 15:23:38.430 | zero_code_product: Current Free Memory: 129680, Minimum Ever Free Size: 129680, Largest Free Block: 120832
2026-08-20 15:23:38.631 | zero_code_utils: Reboot count: 2, reset reason: 1
2026-08-20 15:23:38.631 | light_matter: restore done: 527 ms
2026-08-20 15:23:38.631 | zero_code_core: Current Free Memory: 94380, Minimum Ever Free Size: 94380, Largest Free Block: 83968
2026-08-20 15:23:38.631 | zero_code_utils: Chip: esp32c2
2026-08-20 15:23:38.631 | zero_code_utils: Software Version: 1.4.0
2026-08-20 15:23:38.631 | zero_code_utils: Software Version Number: 10040000
2026-08-20 15:23:38.631 | zero_code_utils: Software Version Suffix: 875
2026-08-20 15:23:38.631 | zero_code_utils: Firmware Type: Evaluation
2026-08-20 15:23:38.631 | zero_code_utils: MAC: 58:2a:bd:38:1f:f4
2026-08-20 15:23:38.631 | zero_code_utils: RainMaker Node ID: b1ed4290-1dc3-4ca8-93fa-c6b15346486f
2026-08-20 15:23:38.632 | zero_code_utils: Matter Serial Number: b1ed42901dc34ca893fac6b15346486f
2026-08-20 15:23:38.632 | zero_code_utils: Firmware partition offset: 0x10000
2026-08-20 15:23:39.108 | zero_code_utils: Product Config: {"config_version":3,"pre_driver":[{"type":"ezc.pre_driver.power_management","enable_light_sleep":true,"max_freq_mhz":160,"min_freq_mhz":10}],"driver":[{"id":1000,"type":"ezc.driver.led","name":"pwm","lighting_config":{"enable_gradient":true,"enable_memory":false,"enable_lowpower":false,"sync_change_brightness":true,"disable_auto_on":true,"beads_comb":3,"fades_ms":800},"pwm_config":{"pwm_hz":4000,"temperature_mode":1,"gpio_red":-1,"gpio_green":-1,"gpio_blue":-1,"gpio_cold_or_cct":5,"gpio_warm_or_brightness":4},"hardware_config":{"white_min":10,"white_max":100,"white_power_max":100,"rgb_min":10,"rgb_max":100,"rgb_power_max":300},"gamma_config":{"enable_gamma_adjust":true,"gamma_red":100,"gamma_green":100,"gamma_blue":100,"gamma_cold":100,"gamma_warm":100,"curve_coe":1}}],"product_common":[{"type":"ezc.product_common.indicator","subtype":0,"driver":{"output":1000},"events":[{"name":"setup_mode_start","mode":"breathe","speed":2000,"color_select":2,"cct":50,"min_brightness":20,"max_brightness":100,"total_ms":0,"interrupt_forbidden":true},{"name":"setup_started","mode":"breathe","speed":1000,"color_select":2,"cct":50,"min_brightness":20,"max_brightness":100,"total_ms":0},{"name":"setup_successful","mode":"restore"},{"name":"setup_failed","mode":"solid","color_select":2,"cct":10,"max_brightness":100},{"name":"identification_start","mode":"blink","speed":1000,"color_select":2,"cct":50,"min_brightness":20,"max_brightness":100,"total_ms":0},{"name":"identification_stop","mode":"restore"},{"name":"identification_blink","mode":"blink","speed":1000,"color_select":2,"cct":50,"min_brightness":20,"max_brightness":100,"total_ms":1000},{"name":"identification_breathe","mode":"breathe","speed":1000,"color_select":2,"cct":50,"min_brightness":20,"max_brightness":100,"total_ms":15000},{"name":"identification_okay","mode":"blink","speed":2000,"color_select":2,"cct":50,"min_brightness":20,"max_brightness":100,"total_ms":1000},{"name":"identification_channel_change","mode":"blink","speed":16000,"color_select":2,"cct":50,"min_brightness":20,"max_brightness":100,"total_ms":8000},{"name":"identification_finish_effect","mode":"restore"},{"name":"identification_stop_effect","mode":"restore"}]},{"type":"ezc.product_common.factory_reset","subtype":1,"count":3,"auto_trigger":true}],"product":[{"type":"ezc.product.light","subtype":3,"driver":{"output":1000},"data_model":{"power_default":1,"power_bootup":-1,"level_default":50,"level_bootup":-1,"color_mode_default":1,"color_mode_bootup":-1,"temperature_default":4000,"temperature_bootup":-1,"temperature_minimum_default":2200,"temperature_maximum_default":7000}}],"test_mode":[{"type":"ezc.test_mode.common","subtype":1},{"type":"ezc.test_mode.ble","subtype":1},{"type":"ezc.test_mode.light","subtype":1},{"type":"ezc.test_mode.light","subtype":2},{"type":"ezc.test_mode.light","subtype":3}]}
2026-08-20 15:23:39.108 | After freeing product config: Current Free Memory: 103620, Minimum Ever Free Size: 94296, Largest Free Block: 83968
2026-08-20 15:23:39.921 | matter_one_core: Current Free Memory: 30944, Minimum Ever Free Size: 29408, Largest Free Block: 22016
2026-08-20 15:23:39.921 | chan:1,max_power:80
2026-08-20 15:23:39.921 | chan:2,max_power:80
2026-08-20 15:23:39.921 | chan:3,max_power:80
2026-08-20 15:23:39.921 | chan:4,max_power:80
2026-08-20 15:23:39.921 | chan:5,max_power:80
2026-08-20 15:23:39.922 | chan:6,max_power:80
2026-08-20 15:23:39.922 | chan:7,max_power:80
2026-08-20 15:23:39.922 | chan:8,max_power:80
2026-08-20 15:23:39.922 | chan:9,max_power:80
2026-08-20 15:23:39.922 | chan:10,max_power:80
2026-08-20 15:23:39.922 | chan:11,max_power:80
2026-08-20 15:23:39.922 | chan:12,max_power:80
2026-08-20 15:23:39.922 | chan:13,max_power:80
2026-08-20 15:23:39.922 | chan:14,max_power:80
2026-08-20 15:23:40.737 | matter_one_core: Current Free Memory: 29080, Minimum Ever Free Size: 29000, Largest Free Block: 19968
2026-08-20 15:23:40.737 | matter_one_core: Current Free Memory: 28996, Minimum Ever Free Size: 28900, Largest Free Block: 19968
2026-08-20 15:23:40.737 | matter_one_core: Current Free Memory: 33744, Minimum Ever Free Size: 28900, Largest Free Block: 19968
2026-08-20 15:23:40.737 | After CORE TYPE START: Current Free Memory: 50552, Minimum Ever Free Size: 28900, Largest Free Block: 19968
2026-08-20 15:23:40.737 | zero_code_product: Current Free Memory: 50552, Minimum Ever Free Size: 28900, Largest Free Block: 19968
2026-08-20 15:23:45.021 | ESP-ROM:esp32c2-eco4-20240515
2026-08-20 15:23:45.021 | Build:May 15 2024
2026-08-20 15:23:45.021 | rst:0x1 (POWERON),boot:0xc (SPI_FAST_FLASH_BOOT)
2026-08-20 15:23:45.021 | SPIWP:0xee
2026-08-20 15:23:45.022 | mode:DIO, clock div:1
2026-08-20 15:23:45.022 | load:0x3fcd5d00,len:0x1428
2026-08-20 15:23:45.022 | load:0x403acb70,len:0x8ec
2026-08-20 15:23:45.022 | load:0x403aeb70,len:0x31d8
2026-08-20 15:23:45.022 | entry 0x403acb70
2026-08-20 15:23:45.431 | zero_code_product: enter main: 376 ms
2026-08-20 15:23:45.431 | zero_code_product: Current Free Memory: 129680, Minimum Ever Free Size: 129680, Largest Free Block: 120832
2026-08-20 15:23:45.431 | zero_code_utils: Reboot count: 3, reset reason: 1
2026-08-20 15:23:45.598 | light_matter: restore done: 528 ms
2026-08-20 15:23:45.599 | zero_code_core: Current Free Memory: 94336, Minimum Ever Free Size: 94336, Largest Free Block: 83968
2026-08-20 15:23:45.599 | zero_code_utils: Chip: esp32c2
2026-08-20 15:23:45.599 | zero_code_utils: Software Version: 1.4.0
2026-08-20 15:23:45.599 | zero_code_utils: Software Version Number: 10040000
2026-08-20 15:23:45.599 | zero_code_utils: Software Version Suffix: 875
2026-08-20 15:23:45.599 | zero_code_utils: Firmware Type: Evaluation
2026-08-20 15:23:45.599 | zero_code_utils: MAC: 58:2a:bd:38:1f:f4
2026-08-20 15:23:45.599 | zero_code_utils: RainMaker Node ID: b1ed4290-1dc3-4ca8-93fa-c6b15346486f
2026-08-20 15:23:45.599 | zero_code_utils: Matter Serial Number: b1ed42901dc34ca893fac6b15346486f
2026-08-20 15:23:45.599 | zero_code_utils: Firmware partition offset: 0x10000
2026-08-20 15:23:46.076 | zero_code_utils: Product Config: {"config_version":3,"pre_driver":[{"type":"ezc.pre_driver.power_management","enable_light_sleep":true,"max_freq_mhz":160,"min_freq_mhz":10}],"driver":[{"id":1000,"type":"ezc.driver.led","name":"pwm","lighting_config":{"enable_gradient":true,"enable_memory":false,"enable_lowpower":false,"sync_change_brightness":true,"disable_auto_on":true,"beads_comb":3,"fades_ms":800},"pwm_config":{"pwm_hz":4000,"temperature_mode":1,"gpio_red":-1,"gpio_green":-1,"gpio_blue":-1,"gpio_cold_or_cct":5,"gpio_warm_or_brightness":4},"hardware_config":{"white_min":10,"white_max":100,"white_power_max":100,"rgb_min":10,"rgb_max":100,"rgb_power_max":300},"gamma_config":{"enable_gamma_adjust":true,"gamma_red":100,"gamma_green":100,"gamma_blue":100,"gamma_cold":100,"gamma_warm":100,"curve_coe":1}}],"product_common":[{"type":"ezc.product_common.indicator","subtype":0,"driver":{"output":1000},"events":[{"name":"setup_mode_start","mode":"breathe","speed":2000,"color_select":2,"cct":50,"min_brightness":20,"max_brightness":100,"total_ms":0,"interrupt_forbidden":true},{"name":"setup_started","mode":"breathe","speed":1000,"color_select":2,"cct":50,"min_brightness":20,"max_brightness":100,"total_ms":0},{"name":"setup_successful","mode":"restore"},{"name":"setup_failed","mode":"solid","color_select":2,"cct":10,"max_brightness":100},{"name":"identification_start","mode":"blink","speed":1000,"color_select":2,"cct":50,"min_brightness":20,"max_brightness":100,"total_ms":0},{"name":"identification_stop","mode":"restore"},{"name":"identification_blink","mode":"blink","speed":1000,"color_select":2,"cct":50,"min_brightness":20,"max_brightness":100,"total_ms":1000},{"name":"identification_breathe","mode":"breathe","speed":1000,"color_select":2,"cct":50,"min_brightness":20,"max_brightness":100,"total_ms":15000},{"name":"identification_okay","mode":"blink","speed":2000,"color_select":2,"cct":50,"min_brightness":20,"max_brightness":100,"total_ms":1000},{"name":"identification_channel_change","mode":"blink","speed":16000,"color_select":2,"cct":50,"min_brightness":20,"max_brightness":100,"total_ms":8000},{"name":"identification_finish_effect","mode":"restore"},{"name":"identification_stop_effect","mode":"restore"}]},{"type":"ezc.product_common.factory_reset","subtype":1,"count":3,"auto_trigger":true}],"product":[{"type":"ezc.product.light","subtype":3,"driver":{"output":1000},"data_model":{"power_default":1,"power_bootup":-1,"level_default":50,"level_bootup":-1,"color_mode_default":1,"color_mode_bootup":-1,"temperature_default":4000,"temperature_bootup":-1,"temperature_minimum_default":2200,"temperature_maximum_default":7000}}],"test_mode":[{"type":"ezc.test_mode.common","subtype":1},{"type":"ezc.test_mode.ble","subtype":1},{"type":"ezc.test_mode.light","subtype":1},{"type":"ezc.test_mode.light","subtype":2},{"type":"ezc.test_mode.light","subtype":3}]}
2026-08-20 15:23:46.077 | After freeing product config: Current Free Memory: 103576, Minimum Ever Free Size: 94252, Largest Free Block: 83968
2026-08-20 15:23:46.893 | matter_one_core: Current Free Memory: 30900, Minimum Ever Free Size: 29364, Largest Free Block: 22016
2026-08-20 15:23:46.893 | chan:1,max_power:80
2026-08-20 15:23:46.893 | chan:2,max_power:80
2026-08-20 15:23:46.893 | chan:3,max_power:80
2026-08-20 15:23:46.893 | chan:4,max_power:80
2026-08-20 15:23:46.893 | chan:5,max_power:80
2026-08-20 15:23:46.893 | chan:6,max_power:80
2026-08-20 15:23:46.893 | chan:7,max_power:80
2026-08-20 15:23:46.893 | chan:8,max_power:80
2026-08-20 15:23:46.893 | chan:9,max_power:80
2026-08-20 15:23:46.893 | chan:10,max_power:80
2026-08-20 15:23:46.893 | chan:11,max_power:80
2026-08-20 15:23:46.893 | chan:12,max_power:80
2026-08-20 15:23:46.893 | chan:13,max_power:80
2026-08-20 15:23:46.893 | chan:14,max_power:80
2026-08-20 15:23:47.704 | matter_one_core: Current Free Memory: 29032, Minimum Ever Free Size: 28960, Largest Free Block: 19968
2026-08-20 15:23:47.704 | matter_one_core: Current Free Memory: 29172, Minimum Ever Free Size: 28848, Largest Free Block: 19968
2026-08-20 15:23:47.704 | matter_one_core: Current Free Memory: 33696, Minimum Ever Free Size: 28848, Largest Free Block: 19968
2026-08-20 15:23:47.704 | After CORE TYPE START: Current Free Memory: 50504, Minimum Ever Free Size: 28848, Largest Free Block: 19968
2026-08-20 15:23:47.704 | zero_code_product: Current Free Memory: 50504, Minimum Ever Free Size: 28848, Largest Free Block: 19968
2026-08-20 15:23:51.780 | ESP-ROM:esp32c2-eco4-20240515
2026-08-20 15:23:51.780 | Build:May 15 2024
2026-08-20 15:23:51.780 | rst:0x1 (POWERON),boot:0xc (SPI_FAST_FLASH_BOOT)
2026-08-20 15:23:51.780 | SPIWP:0xee
2026-08-20 15:23:51.780 | mode:DIO, clock div:1
2026-08-20 15:23:51.780 | load:0x3fcd5d00,len:0x1428
2026-08-20 15:23:51.780 | load:0x403acb70,len:0x8ec
2026-08-20 15:23:51.780 | load:0x403aeb70,len:0x31d8
2026-08-20 15:23:51.781 | entry 0x403acb70
2026-08-20 15:23:52.187 | zero_code_product: enter main: 376 ms
2026-08-20 15:23:52.187 | zero_code_product: Current Free Memory: 129680, Minimum Ever Free Size: 129680, Largest Free Block: 120832
2026-08-20 15:23:52.187 | zero_code_utils: Reboot count: 4, reset reason: 1
2026-08-20 15:23:52.339 | light_matter: restore done: 527 ms
2026-08-20 15:23:52.340 | zero_code_core: Current Free Memory: 94380, Minimum Ever Free Size: 94380, Largest Free Block: 83968
2026-08-20 15:23:52.340 | zero_code_utils: Chip: esp32c2
2026-08-20 15:23:52.340 | zero_code_utils: Software Version: 1.4.0
2026-08-20 15:23:52.340 | zero_code_utils: Software Version Number: 10040000
2026-08-20 15:23:52.340 | zero_code_utils: Software Version Suffix: 875
2026-08-20 15:23:52.341 | zero_code_utils: Firmware Type: Evaluation
2026-08-20 15:23:52.341 | zero_code_utils: MAC: 58:2a:bd:38:1f:f4
2026-08-20 15:23:52.341 | zero_code_utils: RainMaker Node ID: b1ed4290-1dc3-4ca8-93fa-c6b15346486f
2026-08-20 15:23:52.341 | zero_code_utils: Matter Serial Number: b1ed42901dc34ca893fac6b15346486f
2026-08-20 15:23:52.341 | zero_code_utils: Firmware partition offset: 0x10000
2026-08-20 15:23:52.814 | zero_code_utils: Product Config: {"config_version":3,"pre_driver":[{"type":"ezc.pre_driver.power_management","enable_light_sleep":true,"max_freq_mhz":160,"min_freq_mhz":10}],"driver":[{"id":1000,"type":"ezc.driver.led","name":"pwm","lighting_config":{"enable_gradient":true,"enable_memory":false,"enable_lowpower":false,"sync_change_brightness":true,"disable_auto_on":true,"beads_comb":3,"fades_ms":800},"pwm_config":{"pwm_hz":4000,"temperature_mode":1,"gpio_red":-1,"gpio_green":-1,"gpio_blue":-1,"gpio_cold_or_cct":5,"gpio_warm_or_brightness":4},"hardware_config":{"white_min":10,"white_max":100,"white_power_max":100,"rgb_min":10,"rgb_max":100,"rgb_power_max":300},"gamma_config":{"enable_gamma_adjust":true,"gamma_red":100,"gamma_green":100,"gamma_blue":100,"gamma_cold":100,"gamma_warm":100,"curve_coe":1}}],"product_common":[{"type":"ezc.product_common.indicator","subtype":0,"driver":{"output":1000},"events":[{"name":"setup_mode_start","mode":"breathe","speed":2000,"color_select":2,"cct":50,"min_brightness":20,"max_brightness":100,"total_ms":0,"interrupt_forbidden":true},{"name":"setup_started","mode":"breathe","speed":1000,"color_select":2,"cct":50,"min_brightness":20,"max_brightness":100,"total_ms":0},{"name":"setup_successful","mode":"restore"},{"name":"setup_failed","mode":"solid","color_select":2,"cct":10,"max_brightness":100},{"name":"identification_start","mode":"blink","speed":1000,"color_select":2,"cct":50,"min_brightness":20,"max_brightness":100,"total_ms":0},{"name":"identification_stop","mode":"restore"},{"name":"identification_blink","mode":"blink","speed":1000,"color_select":2,"cct":50,"min_brightness":20,"max_brightness":100,"total_ms":1000},{"name":"identification_breathe","mode":"breathe","speed":1000,"color_select":2,"cct":50,"min_brightness":20,"max_brightness":100,"total_ms":15000},{"name":"identification_okay","mode":"blink","speed":2000,"color_select":2,"cct":50,"min_brightness":20,"max_brightness":100,"total_ms":1000},{"name":"identification_channel_change","mode":"blink","speed":16000,"color_select":2,"cct":50,"min_brightness":20,"max_brightness":100,"total_ms":8000},{"name":"identification_finish_effect","mode":"restore"},{"name":"identification_stop_effect","mode":"restore"}]},{"type":"ezc.product_common.factory_reset","subtype":1,"count":3,"auto_trigger":true}],"product":[{"type":"ezc.product.light","subtype":3,"driver":{"output":1000},"data_model":{"power_default":1,"power_bootup":-1,"level_default":50,"level_bootup":-1,"color_mode_default":1,"color_mode_bootup":-1,"temperature_default":4000,"temperature_bootup":-1,"temperature_minimum_default":2200,"temperature_maximum_default":7000}}],"test_mode":[{"type":"ezc.test_mode.common","subtype":1},{"type":"ezc.test_mode.ble","subtype":1},{"type":"ezc.test_mode.light","subtype":1},{"type":"ezc.test_mode.light","subtype":2},{"type":"ezc.test_mode.light","subtype":3}]}
2026-08-20 15:23:52.814 | After freeing product config: Current Free Memory: 103620, Minimum Ever Free Size: 94296, Largest Free Block: 83968
2026-08-20 15:23:53.623 | matter_one_core: Current Free Memory: 32052, Minimum Ever Free Size: 30516, Largest Free Block: 23040
2026-08-20 15:23:53.623 | chan:1,max_power:80
2026-08-20 15:23:53.624 | chan:2,max_power:80
2026-08-20 15:23:53.624 | chan:3,max_power:80
2026-08-20 15:23:53.624 | chan:4,max_power:80
2026-08-20 15:23:53.624 | chan:5,max_power:80
2026-08-20 15:23:53.624 | chan:6,max_power:80
2026-08-20 15:23:53.624 | chan:7,max_power:80
2026-08-20 15:23:53.624 | chan:8,max_power:80
2026-08-20 15:23:53.624 | chan:9,max_power:80
2026-08-20 15:23:53.624 | chan:10,max_power:80
2026-08-20 15:23:53.624 | chan:11,max_power:80
2026-08-20 15:23:53.624 | chan:12,max_power:80
2026-08-20 15:23:53.625 | chan:13,max_power:80
2026-08-20 15:23:53.625 | chan:14,max_power:80
2026-08-20 15:23:53.625 | matter_one_core: Current Free Memory: 32052, Minimum Ever Free Size: 30516, Largest Free Block: 23040
2026-08-20 15:23:53.625 | matter_one_core: Current Free Memory: 31968, Minimum Ever Free Size: 30516, Largest Free Block: 23040
2026-08-20 15:23:53.625 | matter_one_core: Current Free Memory: 53388, Minimum Ever Free Size: 30516, Largest Free Block: 23040
2026-08-20 15:23:53.625 | After CORE TYPE START: Current Free Memory: 53300, Minimum Ever Free Size: 30516, Largest Free Block: 23040
2026-08-20 15:23:53.625 | zero_code_product: Current Free Memory: 53300, Minimum Ever Free Size: 30516, Largest Free Block: 23040
2026-08-20 15:23:55.668 | matter_one_core: Current Free Memory: 70252, Minimum Ever Free Size: 40520, Largest Free Block: 23040
2026-08-20 15:23:55.873 | chan:1,max_power:80
2026-08-20 15:23:55.873 | chan:2,max_power:80
2026-08-20 15:23:55.873 | chan:3,max_power:80
2026-08-20 15:23:55.873 | chan:4,max_power:80
2026-08-20 15:23:55.873 | chan:5,max_power:80
2026-08-20 15:23:55.873 | chan:6,max_power:80
2026-08-20 15:23:55.873 | chan:7,max_power:80
2026-08-20 15:23:55.873 | chan:8,max_power:80
2026-08-20 15:23:55.874 | chan:9,max_power:80
2026-08-20 15:23:55.874 | chan:10,max_power:80
2026-08-20 15:23:55.874 | chan:11,max_power:80
2026-08-20 15:23:55.874 | chan:12,max_power:80
2026-08-20 15:23:55.874 | chan:13,max_power:80
2026-08-20 15:23:55.874 | chan:14,max_power:80
2026-08-20 15:23:55.874 | matter_one_core: Current Free Memory: 70312, Minimum Ever Free Size: 40376, Largest Free Block: 23040
2026-08-20 15:23:55.874 | chan:1,max_power:80
2026-08-20 15:23:55.874 | chan:2,max_power:80
2026-08-20 15:23:55.874 | chan:3,max_power:80
2026-08-20 15:23:55.874 | chan:4,max_power:80
2026-08-20 15:23:55.874 | chan:5,max_power:80
2026-08-20 15:23:55.874 | chan:6,max_power:80
2026-08-20 15:23:55.874 | chan:7,max_power:80
2026-08-20 15:23:55.874 | chan:8,max_power:80
2026-08-20 15:23:55.874 | chan:9,max_power:80
2026-08-20 15:23:55.874 | chan:10,max_power:80
2026-08-20 15:23:55.874 | chan:11,max_power:80
2026-08-20 15:23:55.874 | chan:12,max_power:80
2026-08-20 15:23:55.874 | chan:13,max_power:80
2026-08-20 15:23:55.875 | chan:14,max_power:80
2026-08-20 15:23:59.345 | ESP-ROM:esp32c2-eco4-20240515
2026-08-20 15:23:59.345 | Build:May 15 2024
2026-08-20 15:23:59.345 | rst:0x1 (POWERON),boot:0xc (SPI_FAST_FLASH_BOOT)
2026-08-20 15:23:59.345 | SPIWP:0xee
2026-08-20 15:23:59.345 | mode:DIO, clock div:1
2026-08-20 15:23:59.345 | load:0x3fcd5d00,len:0x1428
2026-08-20 15:23:59.346 | load:0x403acb70,len:0x8ec
2026-08-20 15:23:59.346 | load:0x403aeb70,len:0x31d8
2026-08-20 15:23:59.346 | entry 0x403acb70
2026-08-20 15:23:59.750 | zero_code_product: enter main: 376 ms
2026-08-20 15:23:59.750 | zero_code_product: Current Free Memory: 129680, Minimum Ever Free Size: 129680, Largest Free Block: 120832
2026-08-20 15:23:59.750 | zero_code_utils: Reboot count: 5, reset reason: 1
2026-08-20 15:23:59.750 | light_matter: restore done: 527 ms
2026-08-20 15:23:59.750 | zero_code_core: Current Free Memory: 94380, Minimum Ever Free Size: 94380, Largest Free Block: 83968
2026-08-20 15:23:59.751 | zero_code_utils: Chip: esp32c2
2026-08-20 15:23:59.751 | zero_code_utils: Software Version: 1.4.0
2026-08-20 15:23:59.751 | zero_code_utils: Software Version Number: 10040000
2026-08-20 15:23:59.751 | zero_code_utils: Software Version Suffix: 875
2026-08-20 15:23:59.884 | zero_code_utils: Firmware Type: Evaluation
2026-08-20 15:23:59.884 | zero_code_utils: MAC: 58:2a:bd:38:1f:f4
2026-08-20 15:23:59.885 | zero_code_utils: RainMaker Node ID: b1ed4290-1dc3-4ca8-93fa-c6b15346486f
2026-08-20 15:23:59.885 | zero_code_utils: Matter Serial Number: b1ed42901dc34ca893fac6b15346486f
2026-08-20 15:23:59.885 | zero_code_utils: Firmware partition offset: 0x10000
2026-08-20 15:24:00.362 | zero_code_utils: Product Config: {"config_version":3,"pre_driver":[{"type":"ezc.pre_driver.power_management","enable_light_sleep":true,"max_freq_mhz":160,"min_freq_mhz":10}],"driver":[{"id":1000,"type":"ezc.driver.led","name":"pwm","lighting_config":{"enable_gradient":true,"enable_memory":false,"enable_lowpower":false,"sync_change_brightness":true,"disable_auto_on":true,"beads_comb":3,"fades_ms":800},"pwm_config":{"pwm_hz":4000,"temperature_mode":1,"gpio_red":-1,"gpio_green":-1,"gpio_blue":-1,"gpio_cold_or_cct":5,"gpio_warm_or_brightness":4},"hardware_config":{"white_min":10,"white_max":100,"white_power_max":100,"rgb_min":10,"rgb_max":100,"rgb_power_max":300},"gamma_config":{"enable_gamma_adjust":true,"gamma_red":100,"gamma_green":100,"gamma_blue":100,"gamma_cold":100,"gamma_warm":100,"curve_coe":1}}],"product_common":[{"type":"ezc.product_common.indicator","subtype":0,"driver":{"output":1000},"events":[{"name":"setup_mode_start","mode":"breathe","speed":2000,"color_select":2,"cct":50,"min_brightness":20,"max_brightness":100,"total_ms":0,"interrupt_forbidden":true},{"name":"setup_started","mode":"breathe","speed":1000,"color_select":2,"cct":50,"min_brightness":20,"max_brightness":100,"total_ms":0},{"name":"setup_successful","mode":"restore"},{"name":"setup_failed","mode":"solid","color_select":2,"cct":10,"max_brightness":100},{"name":"identification_start","mode":"blink","speed":1000,"color_select":2,"cct":50,"min_brightness":20,"max_brightness":100,"total_ms":0},{"name":"identification_stop","mode":"restore"},{"name":"identification_blink","mode":"blink","speed":1000,"color_select":2,"cct":50,"min_brightness":20,"max_brightness":100,"total_ms":1000},{"name":"identification_breathe","mode":"breathe","speed":1000,"color_select":2,"cct":50,"min_brightness":20,"max_brightness":100,"total_ms":15000},{"name":"identification_okay","mode":"blink","speed":2000,"color_select":2,"cct":50,"min_brightness":20,"max_brightness":100,"total_ms":1000},{"name":"identification_channel_change","mode":"blink","speed":16000,"color_select":2,"cct":50,"min_brightness":20,"max_brightness":100,"total_ms":8000},{"name":"identification_finish_effect","mode":"restore"},{"name":"identification_stop_effect","mode":"restore"}]},{"type":"ezc.product_common.factory_reset","subtype":1,"count":3,"auto_trigger":true}],"product":[{"type":"ezc.product.light","subtype":3,"driver":{"output":1000},"data_model":{"power_default":1,"power_bootup":-1,"level_default":50,"level_bootup":-1,"color_mode_default":1,"color_mode_bootup":-1,"temperature_default":4000,"temperature_bootup":-1,"temperature_minimum_default":2200,"temperature_maximum_default":7000}}],"test_mode":[{"type":"ezc.test_mode.common","subtype":1},{"type":"ezc.test_mode.ble","subtype":1},{"type":"ezc.test_mode.light","subtype":1},{"type":"ezc.test_mode.light","subtype":2},{"type":"ezc.test_mode.light","subtype":3}]}
2026-08-20 15:24:00.362 | After freeing product config: Current Free Memory: 103620, Minimum Ever Free Size: 94296, Largest Free Block: 83968
2026-08-20 15:24:00.969 | matter_one_core: Current Free Memory: 32048, Minimum Ever Free Size: 30512, Largest Free Block: 23040
2026-08-20 15:24:00.970 | chan:1,max_power:80
2026-08-20 15:24:00.970 | chan:2,max_power:80
2026-08-20 15:24:00.970 | chan:3,max_power:80
2026-08-20 15:24:00.970 | chan:4,max_power:80
2026-08-20 15:24:00.970 | chan:5,max_power:80
2026-08-20 15:24:00.971 | chan:6,max_power:80
2026-08-20 15:24:00.971 | chan:7,max_power:80
2026-08-20 15:24:00.971 | chan:8,max_power:80
2026-08-20 15:24:00.971 | chan:9,max_power:80
2026-08-20 15:24:00.971 | chan:10,max_power:80
2026-08-20 15:24:00.971 | chan:11,max_power:80
2026-08-20 15:24:00.971 | chan:12,max_power:80
2026-08-20 15:24:00.971 | chan:13,max_power:80
2026-08-20 15:24:00.971 | chan:14,max_power:80
2026-08-20 15:24:01.176 | matter_one_core: Current Free Memory: 32048, Minimum Ever Free Size: 30512, Largest Free Block: 23040
2026-08-20 15:24:01.176 | matter_one_core: Current Free Memory: 31964, Minimum Ever Free Size: 30512, Largest Free Block: 23040
2026-08-20 15:24:01.176 | matter_one_core: Current Free Memory: 53384, Minimum Ever Free Size: 30512, Largest Free Block: 23040
2026-08-20 15:24:01.176 | After CORE TYPE START: Current Free Memory: 53296, Minimum Ever Free Size: 30512, Largest Free Block: 23040
2026-08-20 15:24:01.176 | zero_code_product: Current Free Memory: 53296, Minimum Ever Free Size: 30512, Largest Free Block: 23040
2026-08-20 15:24:03.016 | matter_one_core: Current Free Memory: 70248, Minimum Ever Free Size: 40516, Largest Free Block: 23040
2026-08-20 15:24:03.217 | chan:1,max_power:80
2026-08-20 15:24:03.217 | chan:2,max_power:80
2026-08-20 15:24:03.217 | chan:3,max_power:80
2026-08-20 15:24:03.217 | chan:4,max_power:80
2026-08-20 15:24:03.217 | chan:5,max_power:80
2026-08-20 15:24:03.217 | chan:6,max_power:80
2026-08-20 15:24:03.217 | chan:7,max_power:80
2026-08-20 15:24:03.217 | chan:8,max_power:80
2026-08-20 15:24:03.217 | chan:9,max_power:80
2026-08-20 15:24:03.217 | chan:10,max_power:80
2026-08-20 15:24:03.217 | chan:11,max_power:80
2026-08-20 15:24:03.217 | chan:12,max_power:80
2026-08-20 15:24:03.421 | chan:13,max_power:80
2026-08-20 15:24:03.421 | chan:14,max_power:80
2026-08-20 15:24:03.421 | matter_one_core: Current Free Memory: 70308, Minimum Ever Free Size: 40372, Largest Free Block: 23040
2026-08-20 15:24:03.421 | chan:1,max_power:80
2026-08-20 15:24:03.422 | chan:2,max_power:80
2026-08-20 15:24:03.422 | chan:3,max_power:80
2026-08-20 15:24:03.422 | chan:4,max_power:80
2026-08-20 15:24:03.422 | chan:5,max_power:80
2026-08-20 15:24:03.422 | chan:6,max_power:80
2026-08-20 15:24:03.422 | chan:7,max_power:80
2026-08-20 15:24:03.422 | chan:8,max_power:80
2026-08-20 15:24:03.422 | chan:9,max_power:80
2026-08-20 15:24:03.422 | chan:10,max_power:80
2026-08-20 15:24:03.422 | chan:11,max_power:80
2026-08-20 15:24:03.422 | chan:12,max_power:80
2026-08-20 15:24:03.422 | chan:13,max_power:80
2026-08-20 15:24:03.422 | chan:14,max_power:80
2026-08-20 15:24:05.665 | ESP-ROM:esp32c2-eco4-20240515
2026-08-20 15:24:05.665 | Build:May 15 2024
2026-08-20 15:24:05.665 | rst:0x1 (POWERON),boot:0xc (SPI_FAST_FLASH_BOOT)
2026-08-20 15:24:05.665 | SPIWP:0xee
2026-08-20 15:24:05.665 | mode:DIO, clock div:1
2026-08-20 15:24:05.665 | load:0x3fcd5d00,len:0x1428
2026-08-20 15:24:05.665 | load:0x403acb70,len:0x8ec
2026-08-20 15:24:05.665 | load:0x403aeb70,len:0x31d8
2026-08-20 15:24:05.665 | entry 0x403acb70
2026-08-20 15:24:06.071 | zero_code_product: enter main: 376 ms
2026-08-20 15:24:06.071 | zero_code_product: Current Free Memory: 129680, Minimum Ever Free Size: 129680, Largest Free Block: 120832
2026-08-20 15:24:06.071 | zero_code_utils: Reboot count: 6, reset reason: 1
2026-08-20 15:24:06.071 | light_matter: restore done: 527 ms
2026-08-20 15:24:06.208 | zero_code_core: Current Free Memory: 94380, Minimum Ever Free Size: 94380, Largest Free Block: 83968
2026-08-20 15:24:06.208 | zero_code_utils: Chip: esp32c2
2026-08-20 15:24:06.208 | zero_code_utils: Software Version: 1.4.0
2026-08-20 15:24:06.208 | zero_code_utils: Software Version Number: 10040000
2026-08-20 15:24:06.208 | zero_code_utils: Software Version Suffix: 875
2026-08-20 15:24:06.208 | zero_code_utils: Firmware Type: Evaluation
2026-08-20 15:24:06.208 | zero_code_utils: MAC: 58:2a:bd:38:1f:f4
2026-08-20 15:24:06.208 | zero_code_utils: RainMaker Node ID: b1ed4290-1dc3-4ca8-93fa-c6b15346486f
2026-08-20 15:24:06.208 | zero_code_utils: Matter Serial Number: b1ed42901dc34ca893fac6b15346486f
2026-08-20 15:24:06.209 | zero_code_utils: Firmware partition offset: 0x10000
2026-08-20 15:24:06.685 | zero_code_utils: Product Config: {"config_version":3,"pre_driver":[{"type":"ezc.pre_driver.power_management","enable_light_sleep":true,"max_freq_mhz":160,"min_freq_mhz":10}],"driver":[{"id":1000,"type":"ezc.driver.led","name":"pwm","lighting_config":{"enable_gradient":true,"enable_memory":false,"enable_lowpower":false,"sync_change_brightness":true,"disable_auto_on":true,"beads_comb":3,"fades_ms":800},"pwm_config":{"pwm_hz":4000,"temperature_mode":1,"gpio_red":-1,"gpio_green":-1,"gpio_blue":-1,"gpio_cold_or_cct":5,"gpio_warm_or_brightness":4},"hardware_config":{"white_min":10,"white_max":100,"white_power_max":100,"rgb_min":10,"rgb_max":100,"rgb_power_max":300},"gamma_config":{"enable_gamma_adjust":true,"gamma_red":100,"gamma_green":100,"gamma_blue":100,"gamma_cold":100,"gamma_warm":100,"curve_coe":1}}],"product_common":[{"type":"ezc.product_common.indicator","subtype":0,"driver":{"output":1000},"events":[{"name":"setup_mode_start","mode":"breathe","speed":2000,"color_select":2,"cct":50,"min_brightness":20,"max_brightness":100,"total_ms":0,"interrupt_forbidden":true},{"name":"setup_started","mode":"breathe","speed":1000,"color_select":2,"cct":50,"min_brightness":20,"max_brightness":100,"total_ms":0},{"name":"setup_successful","mode":"restore"},{"name":"setup_failed","mode":"solid","color_select":2,"cct":10,"max_brightness":100},{"name":"identification_start","mode":"blink","speed":1000,"color_select":2,"cct":50,"min_brightness":20,"max_brightness":100,"total_ms":0},{"name":"identification_stop","mode":"restore"},{"name":"identification_blink","mode":"blink","speed":1000,"color_select":2,"cct":50,"min_brightness":20,"max_brightness":100,"total_ms":1000},{"name":"identification_breathe","mode":"breathe","speed":1000,"color_select":2,"cct":50,"min_brightness":20,"max_brightness":100,"total_ms":15000},{"name":"identification_okay","mode":"blink","speed":2000,"color_select":2,"cct":50,"min_brightness":20,"max_brightness":100,"total_ms":1000},{"name":"identification_channel_change","mode":"blink","speed":16000,"color_select":2,"cct":50,"min_brightness":20,"max_brightness":100,"total_ms":8000},{"name":"identification_finish_effect","mode":"restore"},{"name":"identification_stop_effect","mode":"restore"}]},{"type":"ezc.product_common.factory_reset","subtype":1,"count":3,"auto_trigger":true}],"product":[{"type":"ezc.product.light","subtype":3,"driver":{"output":1000},"data_model":{"power_default":1,"power_bootup":-1,"level_default":50,"level_bootup":-1,"color_mode_default":1,"color_mode_bootup":-1,"temperature_default":4000,"temperature_bootup":-1,"temperature_minimum_default":2200,"temperature_maximum_default":7000}}],"test_mode":[{"type":"ezc.test_mode.common","subtype":1},{"type":"ezc.test_mode.ble","subtype":1},{"type":"ezc.test_mode.light","subtype":1},{"type":"ezc.test_mode.light","subtype":2},{"type":"ezc.test_mode.light","subtype":3}]}
2026-08-20 15:24:06.685 | After freeing product config: Current Free Memory: 103620, Minimum Ever Free Size: 94296, Largest Free Block: 83968
2026-08-20 15:24:07.295 | matter_one_core: Current Free Memory: 32048, Minimum Ever Free Size: 30512, Largest Free Block: 23040
2026-08-20 15:24:07.295 | chan:1,max_power:80
2026-08-20 15:24:07.295 | chan:2,max_power:80
2026-08-20 15:24:07.295 | chan:3,max_power:80
2026-08-20 15:24:07.295 | chan:4,max_power:80
2026-08-20 15:24:07.499 | chan:5,max_power:80
2026-08-20 15:24:07.499 | chan:6,max_power:80
2026-08-20 15:24:07.499 | chan:7,max_power:80
2026-08-20 15:24:07.500 | chan:8,max_power:80
2026-08-20 15:24:07.500 | chan:9,max_power:80
2026-08-20 15:24:07.500 | chan:10,max_power:80
2026-08-20 15:24:07.500 | chan:11,max_power:80
2026-08-20 15:24:07.500 | chan:12,max_power:80
2026-08-20 15:24:07.500 | chan:13,max_power:80
2026-08-20 15:24:07.500 | chan:14,max_power:80
2026-08-20 15:24:07.500 | matter_one_core: Current Free Memory: 32048, Minimum Ever Free Size: 30512, Largest Free Block: 23040
2026-08-20 15:24:07.500 | matter_one_core: Current Free Memory: 31964, Minimum Ever Free Size: 30512, Largest Free Block: 23040
2026-08-20 15:24:07.500 | matter_one_core: Current Free Memory: 53384, Minimum Ever Free Size: 30512, Largest Free Block: 23040
2026-08-20 15:24:07.500 | After CORE TYPE START: Current Free Memory: 53296, Minimum Ever Free Size: 30512, Largest Free Block: 23040
2026-08-20 15:24:07.500 | zero_code_product: Current Free Memory: 53296, Minimum Ever Free Size: 30512, Largest Free Block: 23040
2026-08-20 15:24:09.538 | matter_one_core: Current Free Memory: 70248, Minimum Ever Free Size: 40516, Largest Free Block: 23040
2026-08-20 15:24:09.538 | chan:1,max_power:80
2026-08-20 15:24:09.743 | chan:2,max_power:80
2026-08-20 15:24:09.743 | chan:3,max_power:80
2026-08-20 15:24:09.743 | chan:4,max_power:80
2026-08-20 15:24:09.743 | chan:5,max_power:80
2026-08-20 15:24:09.743 | chan:6,max_power:80
2026-08-20 15:24:09.743 | chan:7,max_power:80
2026-08-20 15:24:09.743 | chan:8,max_power:80
2026-08-20 15:24:09.743 | chan:9,max_power:80
2026-08-20 15:24:09.743 | chan:10,max_power:80
2026-08-20 15:24:09.743 | chan:11,max_power:80
2026-08-20 15:24:09.743 | chan:12,max_power:80
2026-08-20 15:24:09.743 | chan:13,max_power:80
2026-08-20 15:24:09.743 | chan:14,max_power:80
2026-08-20 15:24:09.744 | matter_one_core: Current Free Memory: 70308, Minimum Ever Free Size: 40372, Largest Free Block: 23040
2026-08-20 15:24:09.744 | chan:1,max_power:80
2026-08-20 15:24:09.744 | chan:2,max_power:80
2026-08-20 15:24:09.744 | chan:3,max_power:80
2026-08-20 15:24:09.744 | chan:4,max_power:80
2026-08-20 15:24:09.744 | chan:5,max_power:80
2026-08-20 15:24:09.744 | chan:6,max_power:80
2026-08-20 15:24:09.744 | chan:7,max_power:80
2026-08-20 15:24:09.744 | chan:8,max_power:80
2026-08-20 15:24:09.744 | chan:9,max_power:80
2026-08-20 15:24:09.744 | chan:10,max_power:80
2026-08-20 15:24:09.744 | chan:11,max_power:80
2026-08-20 15:24:09.744 | chan:12,max_power:80
2026-08-20 15:24:09.744 | chan:13,max_power:80
2026-08-20 15:24:09.744 | chan:14,max_power:80
2026-08-20 15:24:13.285 | �d,!;�VBs5
2026-08-20 15:24:13.285 | zero_code_utils: MAC: 58:2a:bd:38:1f:f4
2026-08-20 15:24:13.285 | zero_code_utils: RainMaker Node ID: b1ed4290-1dc3-4ca8-93fa-c6b15346486f
2026-08-20 15:24:13.285 | zero_code_utils: Matter Serial Number: b1ed42901dc34ca893fac6b15346486f
2026-08-20 15:24:13.285 | zero_code_utils: Firmware partition offset: 0x10000
2026-08-20 15:24:13.762 | zero_code_utils: Product Config: {"config_version":3,"pre_driver":[{"type":"ezc.pre_driver.power_management","enable_light_sleep":true,"max_freq_mhz":160,"min_freq_mhz":10}],"driver":[{"id":1000,"type":"ezc.driver.led","name":"pwm","lighting_config":{"enable_gradient":true,"enable_memory":false,"enable_lowpower":false,"sync_change_brightness":true,"disable_auto_on":true,"beads_comb":3,"fades_ms":800},"pwm_config":{"pwm_hz":4000,"temperature_mode":1,"gpio_red":-1,"gpio_green":-1,"gpio_blue":-1,"gpio_cold_or_cct":5,"gpio_warm_or_brightness":4},"hardware_config":{"white_min":10,"white_max":100,"white_power_max":100,"rgb_min":10,"rgb_max":100,"rgb_power_max":300},"gamma_config":{"enable_gamma_adjust":true,"gamma_red":100,"gamma_green":100,"gamma_blue":100,"gamma_cold":100,"gamma_warm":100,"curve_coe":1}}],"product_common":[{"type":"ezc.product_common.indicator","subtype":0,"driver":{"output":1000},"events":[{"name":"setup_mode_start","mode":"breathe","speed":2000,"color_select":2,"cct":50,"min_brightness":20,"max_brightness":100,"total_ms":0,"interrupt_forbidden":true},{"name":"setup_started","mode":"breathe","speed":1000,"color_select":2,"cct":50,"min_brightness":20,"max_brightness":100,"total_ms":0},{"name":"setup_successful","mode":"restore"},{"name":"setup_failed","mode":"solid","color_select":2,"cct":10,"max_brightness":100},{"name":"identification_start","mode":"blink","speed":1000,"color_select":2,"cct":50,"min_brightness":20,"max_brightness":100,"total_ms":0},{"name":"identification_stop","mode":"restore"},{"name":"identification_blink","mode":"blink","speed":1000,"color_select":2,"cct":50,"min_brightness":20,"max_brightness":100,"total_ms":1000},{"name":"identification_breathe","mode":"breathe","speed":1000,"color_select":2,"cct":50,"min_brightness":20,"max_brightness":100,"total_ms":15000},{"name":"identification_okay","mode":"blink","speed":2000,"color_select":2,"cct":50,"min_brightness":20,"max_brightness":100,"total_ms":1000},{"name":"identification_channel_change","mode":"blink","speed":16000,"color_select":2,"cct":50,"min_brightness":20,"max_brightness":100,"total_ms":8000},{"name":"identification_finish_effect","mode":"restore"},{"name":"identification_stop_effect","mode":"restore"}]},{"type":"ezc.product_common.factory_reset","subtype":1,"count":3,"auto_trigger":true}],"product":[{"type":"ezc.product.light","subtype":3,"driver":{"output":1000},"data_model":{"power_default":1,"power_bootup":-1,"level_default":50,"level_bootup":-1,"color_mode_default":1,"color_mode_bootup":-1,"temperature_default":4000,"temperature_bootup":-1,"temperature_minimum_default":2200,"temperature_maximum_default":7000}}],"test_mode":[{"type":"ezc.test_mode.common","subtype":1},{"type":"ezc.test_mode.ble","subtype":1},{"type":"ezc.test_mode.light","subtype":1},{"type":"ezc.test_mode.light","subtype":2},{"type":"ezc.test_mode.light","subtype":3}]}
2026-08-20 15:24:13.762 | After freeing product config: Current Free Memory: 103620, Minimum Ever Free Size: 94296, Largest Free Block: 83968
2026-08-20 15:24:14.371 | matter_one_core: Current Free Memory: 32052, Minimum Ever Free Size: 30516, Largest Free Block: 23040
2026-08-20 15:24:14.371 | chan:1,max_power:80
2026-08-20 15:24:14.372 | chan:2,max_power:80
2026-08-20 15:24:14.372 | chan:3,max_power:80
2026-08-20 15:24:14.372 | chan:4,max_power:80
2026-08-20 15:24:14.372 | chan:5,max_power:80
2026-08-20 15:24:14.372 | chan:6,max_power:80
2026-08-20 15:24:14.372 | chan:7,max_power:80
2026-08-20 15:24:14.372 | chan:8,max_power:80
2026-08-20 15:24:14.372 | chan:9,max_power:80
2026-08-20 15:24:14.372 | chan:10,max_power:80
2026-08-20 15:24:14.372 | chan:11,max_power:80
2026-08-20 15:24:14.372 | chan:12,max_power:80
2026-08-20 15:24:14.372 | chan:13,max_power:80
2026-08-20 15:24:14.372 | chan:14,max_power:80
2026-08-20 15:24:14.577 | matter_one_core: Current Free Memory: 32052, Minimum Ever Free Size: 30516, Largest Free Block: 23040
2026-08-20 15:24:14.577 | matter_one_core: Current Free Memory: 31968, Minimum Ever Free Size: 30516, Largest Free Block: 23040
2026-08-20 15:24:14.577 | matter_one_core: Current Free Memory: 53388, Minimum Ever Free Size: 30516, Largest Free Block: 23040
2026-08-20 15:24:14.577 | After CORE TYPE START: Current Free Memory: 53300, Minimum Ever Free Size: 30516, Largest Free Block: 23040
2026-08-20 15:24:14.577 | zero_code_product: Current Free Memory: 53300, Minimum Ever Free Size: 30516, Largest Free Block: 23040
2026-08-20 15:24:16.405 | matter_one_core: Current Free Memory: 70252, Minimum Ever Free Size: 40520, Largest Free Block: 23040
2026-08-20 15:24:16.605 | chan:1,max_power:80
2026-08-20 15:24:16.605 | chan:2,max_power:80
2026-08-20 15:24:16.605 | chan:3,max_power:80
2026-08-20 15:24:16.606 | chan:4,max_power:80
2026-08-20 15:24:16.606 | chan:5,max_power:80
2026-08-20 15:24:16.606 | chan:6,max_power:80
2026-08-20 15:24:16.606 | chan:7,max_power:80
2026-08-20 15:24:16.807 | chan:8,max_power:80
2026-08-20 15:24:16.807 | chan:9,max_power:80
2026-08-20 15:24:16.808 | chan:10,max_power:80
2026-08-20 15:24:16.808 | chan:11,max_power:80
2026-08-20 15:24:16.808 | chan:12,max_power:80
2026-08-20 15:24:16.808 | chan:13,max_power:80
2026-08-20 15:24:16.808 | chan:14,max_power:80
2026-08-20 15:24:16.808 | matter_one_core: Current Free Memory: 70312, Minimum Ever Free Size: 40376, Largest Free Block: 23040
2026-08-20 15:24:16.808 | chan:1,max_power:80
2026-08-20 15:24:16.808 | chan:2,max_power:80
2026-08-20 15:24:16.808 | chan:3,max_power:80
2026-08-20 15:24:16.809 | chan:4,max_power:80
2026-08-20 15:24:16.809 | chan:5,max_power:80
2026-08-20 15:24:16.809 | chan:6,max_power:80
2026-08-20 15:24:16.809 | chan:7,max_power:80
2026-08-20 15:24:16.809 | chan:8,max_power:80
2026-08-20 15:24:16.810 | chan:9,max_power:80
2026-08-20 15:24:16.810 | chan:10,max_power:80
2026-08-20 15:24:16.810 | chan:11,max_power:80
2026-08-20 15:24:16.810 | chan:12,max_power:80
2026-08-20 15:24:16.810 | chan:13,max_power:80
2026-08-20 15:24:16.810 | chan:14,max_power:80
2026-08-20 15:24:18.856 | ESP-ROM:esp32c2-eco4-20240515
2026-08-20 15:24:18.856 | Build:May 15 2024
2026-08-20 15:24:18.856 | rst:0x1 (POWERON),boot:0xc (SPI_FAST_FLASH_BOOT)
2026-08-20 15:24:18.856 | SPIWP:0xee
2026-08-20 15:24:18.857 | mode:DIO, clock div:1
2026-08-20 15:24:18.857 | load:0x3fcd5d00,len:0x1428
2026-08-20 15:24:18.857 | load:0x403acb70,len:0x8ec
2026-08-20 15:24:18.857 | load:0x403aeb70,len:0x31d8
2026-08-20 15:24:18.857 | entry 0x403acb70
2026-08-20 15:24:19.057 | zero_code_product: enter main: 376 ms
2026-08-20 15:24:19.258 | zero_code_product: Current Free Memory: 129680, Minimum Ever Free Size: 129680, Largest Free Block: 120832
2026-08-20 15:24:19.258 | zero_code_utils: Reboot count: 8, reset reason: 1
2026-08-20 15:24:19.258 | light_matter: restore done: 527 ms
2026-08-20 15:24:19.258 | zero_code_core: Current Free Memory: 94380, Minimum Ever Free Size: 94380, Largest Free Block: 83968
2026-08-20 15:24:19.258 | zero_code_utils: Chip: esp32c2
2026-08-20 15:24:19.258 | zero_code_utils: Software Version: 1.4.0
2026-08-20 15:24:19.258 | zero_code_utils: Software Version Number: 10040000
2026-08-20 15:24:19.258 | zero_code_utils: Software Version Suffix: 875
2026-08-20 15:24:19.258 | zero_code_utils: Firmware Type: Evaluation
2026-08-20 15:24:19.258 | zero_code_utils: MAC: 58:2a:bd:38:1f:f4
2026-08-20 15:24:19.390 | zero_code_utils: RainMaker Node ID: b1ed4290-1dc3-4ca8-93fa-c6b15346486f
2026-08-20 15:24:19.390 | zero_code_utils: Matter Serial Number: b1ed42901dc34ca893fac6b15346486f
2026-08-20 15:24:19.390 | zero_code_utils: Firmware partition offset: 0x10000
2026-08-20 15:24:19.663 | zero_code_utils: Product Config: {"config_version":3,"pre_driver":[{"type":"ezc.pre_driver.power_management","enable_light_sleep":true,"max_freq_mhz":160,"min_freq_mhz":10}],"driver":[{"id":1000,"type":"ezc.driver.led","name":"pwm","lighting_config":{"enable_gradient":true,"enable_memory":false,"enable_lowpower":false,"sync_change_brightness":true,"disable_auto_on":true,"beads_comb":3,"fades_ms":800},"pwm_config":{"pwm_hz":4000,"temperature_mode":1,"gpio_red":-1,"gpio_green":-1,"gpio_blue":-1,"gpio_cold_or_cct":5,"gpio_warm_or_brightness":4},"hardware_config":{"white_min":10,"white_max":100,"white_power_max":100,"rgb_min":10,"rgb_max":100,"rgb_power_max":300},"gamma_config":{"enable_gamma_adjust":true,"gamma_red":100,"gamma_green":100,"gamma_blue":100,"gamma_cold":100,"gamma_warm":100,"curve_coe":1}}],"product_common":[{"type":"ezc.product_common.indicator","subtype":0,"driver":{"output":1000},"events":[{"name":"setup_mode_start","mode":"breathe","speed":2000,"color_select":2,"cct":50,"min_brightness":20,"max_brightness":100,"total_ms":0,"interrupt_forbidden":true},{"name":"setup_started","mode":"breathe","speed":1000,"color_select":2,"cct":50,"min_brightness":20,"max_brightness":100,"total_ms":0},{"name":"setup_successful","mode":"restore"},{"name":"setup_failed","mode":"solid","color_select":2,"cct":10,"max_brightness":100},{"name":"identification_start","mode":"blink","speed":1000,"color_select":2,"cct":50,"min_brightness":20,"max_brightness":100,"total_ms":0},{"name":"identification_stop","mode":"restore"},{"name":"identification_blink","mode":"blink","speed":1000,"color_select":2,"cct":50,"min_brightness":20,"max_brightness":100,"total_ms":1000},{"name":"identification_breathe","mode":"breathe","speed":1000,"color_select":2,"cct":50,"min_brightness":20,"max_brightness":100,"total_ms":15000},{"name":"identification_okay","mode":"blink","speed":2000,"color_select":2,"cct":50,"min_brightness":20,"max_brightness":100,"total_ms":1000},{"name":"identification_channel_change","mode":"blink","speed":16000,"color_select":2,"cct":50,"min_brightness":20,"max_brightness":100,"total_ms":8000},{"name":"identification_finish_effect","mode":"restore"},{"name":"identification_stop_effect","mode":"restore"}]},{"type":"ezc.product_common.factory_reset","subtype":1,"count":3,"auto_trigger":true}],"product":[{"type":"ezc.product.light","subtype":3,"driver":{"output":1000},"data_model":{"power_default":1,"power_bootup":-1,"level_default":50,"level_bootup":-1,"color_mode_default":1,"color_mode_bootup":-1,"temperature_default":4000,"temperature_bootup":-1,"temperature_minimum_default":2200,"temperature_maximum_default":7000}}],"test_mode":[{"type":"ezc.test_mode.common","subtype":1},{"type":"ezc.test_mode.ble","subtype":1},{"type":"ezc.test_mode.light","subtype":1},{"type":"ezc.test_mode.light","subtype":2},{"type":"ezc.test_mode.light","subtype":3}]}
2026-08-20 15:24:19.865 | After freeing product config: Current Free Memory: 103620, Minimum Ever Free Size: 94296, Largest Free Block: 83968
2026-08-20 15:24:20.474 | matter_one_core: Current Free Memory: 31920, Minimum Ever Free Size: 30384, Largest Free Block: 23040
2026-08-20 15:24:20.474 | chan:1,max_power:80
2026-08-20 15:24:20.474 | chan:2,max_power:80
2026-08-20 15:24:20.474 | chan:3,max_power:80
2026-08-20 15:24:20.474 | chan:4,max_power:80
2026-08-20 15:24:20.474 | chan:5,max_power:80
2026-08-20 15:24:20.474 | chan:6,max_power:80
2026-08-20 15:24:20.474 | chan:7,max_power:80
2026-08-20 15:24:20.474 | chan:8,max_power:80
2026-08-20 15:24:20.475 | chan:9,max_power:80
2026-08-20 15:24:20.475 | chan:10,max_power:80
2026-08-20 15:24:20.475 | chan:11,max_power:80
2026-08-20 15:24:20.475 | chan:12,max_power:80
2026-08-20 15:24:20.475 | chan:13,max_power:80
2026-08-20 15:24:20.475 | chan:14,max_power:80
2026-08-20 15:24:20.475 | matter_one_core: Current Free Memory: 31920, Minimum Ever Free Size: 30384, Largest Free Block: 23040
2026-08-20 15:24:20.680 | matter_one_core: Current Free Memory: 31836, Minimum Ever Free Size: 30384, Largest Free Block: 23040
2026-08-20 15:24:20.680 | matter_one_core: Current Free Memory: 53256, Minimum Ever Free Size: 30384, Largest Free Block: 23040
2026-08-20 15:24:20.680 | After CORE TYPE START: Current Free Memory: 53168, Minimum Ever Free Size: 30384, Largest Free Block: 23040
2026-08-20 15:24:20.680 | zero_code_product: Current Free Memory: 53168, Minimum Ever Free Size: 30384, Largest Free Block: 23040
2026-08-20 15:24:22.518 | matter_one_core: Current Free Memory: 70120, Minimum Ever Free Size: 40388, Largest Free Block: 23040
2026-08-20 15:24:22.718 | chan:1,max_power:80
2026-08-20 15:24:22.719 | chan:2,max_power:80
2026-08-20 15:24:22.719 | chan:3,max_power:80
2026-08-20 15:24:22.719 | chan:4,max_power:80
2026-08-20 15:24:22.719 | chan:5,max_power:80
2026-08-20 15:24:22.719 | chan:6,max_power:80
2026-08-20 15:24:22.719 | chan:7,max_power:80
2026-08-20 15:24:22.719 | chan:8,max_power:80
2026-08-20 15:24:22.719 | chan:9,max_power:80
2026-08-20 15:24:22.719 | chan:10,max_power:80
2026-08-20 15:24:22.719 | chan:11,max_power:80
2026-08-20 15:24:22.719 | chan:12,max_power:80
2026-08-20 15:24:22.719 | chan:13,max_power:80
2026-08-20 15:24:22.719 | chan:14,max_power:80
2026-08-20 15:24:22.923 | matter_one_core: Current Free Memory: 70180, Minimum Ever Free Size: 40244, Largest Free Block: 23040
2026-08-20 15:24:22.923 | chan:1,max_power:80
2026-08-20 15:24:22.924 | chan:2,max_power:80
2026-08-20 15:24:22.924 | chan:3,max_power:80
2026-08-20 15:24:22.924 | chan:4,max_power:80
2026-08-20 15:24:22.924 | chan:5,max_power:80
2026-08-20 15:24:22.924 | chan:6,max_power:80
2026-08-20 15:24:22.924 | chan:7,max_power:80
2026-08-20 15:24:22.924 | chan:8,max_power:80
2026-08-20 15:24:22.924 | chan:9,max_power:80
2026-08-20 15:24:22.924 | chan:10,max_power:80
2026-08-20 15:24:22.924 | chan:11,max_power:80
2026-08-20 15:24:22.924 | chan:12,max_power:80
2026-08-20 15:24:22.924 | chan:13,max_power:80
2026-08-20 15:24:22.924 | chan:14,max_power:80
2026-08-20 15:24:25.370 | ESP-ROM:esp32c2-eco4-20240515
2026-08-20 15:24:25.370 | Build:May 15 2024
2026-08-20 15:24:25.371 | rst:0x1 (POWERON),boot:0xc (SPI_FAST_FLASH_BOOT)
2026-08-20 15:24:25.371 | SPIWP:0xee
2026-08-20 15:24:25.371 | mode:DIO, clock div:1
2026-08-20 15:24:25.371 | load:0x3fcd5d00,len:0x1428
2026-08-20 15:24:25.371 | load:0x403acb70,len:0x8ec
2026-08-20 15:24:25.371 | load:0x403aeb70,len:0x31d8
2026-08-20 15:24:25.371 | entry 0x403acb70
2026-08-20 15:24:25.776 | zero_code_product: enter main: 376 ms
2026-08-20 15:24:25.776 | zero_code_product: Current Free Memory: 129680, Minimum Ever Free Size: 129680, Largest Free Block: 120832
2026-08-20 15:24:25.777 | zero_code_utils: Reboot count: 9, reset reason: 1
2026-08-20 15:24:25.957 | light_matter: restore done: 526 ms
2026-08-20 15:24:25.958 | zero_code_core: Current Free Memory: 94248, Minimum Ever Free Size: 94248, Largest Free Block: 83968
2026-08-20 15:24:25.958 | zero_code_utils: Chip: esp32c2
2026-08-20 15:24:25.958 | zero_code_utils: Software Version: 1.4.0
2026-08-20 15:24:25.958 | zero_code_utils: Software Version Number: 10040000
2026-08-20 15:24:25.958 | zero_code_utils: Software Version Suffix: 875
2026-08-20 15:24:25.958 | zero_code_utils: Firmware Type: Evaluation
2026-08-20 15:24:25.958 | zero_code_utils: MAC: 58:2a:bd:38:1f:f4
2026-08-20 15:24:25.958 | zero_code_utils: RainMaker Node ID: b1ed4290-1dc3-4ca8-93fa-c6b15346486f
2026-08-20 15:24:25.958 | zero_code_utils: Matter Serial Number: b1ed42901dc34ca893fac6b15346486f
2026-08-20 15:24:25.958 | zero_code_utils: Firmware partition offset: 0x10000
2026-08-20 15:24:26.434 | zero_code_utils: Product Config: {"config_version":3,"pre_driver":[{"type":"ezc.pre_driver.power_management","enable_light_sleep":true,"max_freq_mhz":160,"min_freq_mhz":10}],"driver":[{"id":1000,"type":"ezc.driver.led","name":"pwm","lighting_config":{"enable_gradient":true,"enable_memory":false,"enable_lowpower":false,"sync_change_brightness":true,"disable_auto_on":true,"beads_comb":3,"fades_ms":800},"pwm_config":{"pwm_hz":4000,"temperature_mode":1,"gpio_red":-1,"gpio_green":-1,"gpio_blue":-1,"gpio_cold_or_cct":5,"gpio_warm_or_brightness":4},"hardware_config":{"white_min":10,"white_max":100,"white_power_max":100,"rgb_min":10,"rgb_max":100,"rgb_power_max":300},"gamma_config":{"enable_gamma_adjust":true,"gamma_red":100,"gamma_green":100,"gamma_blue":100,"gamma_cold":100,"gamma_warm":100,"curve_coe":1}}],"product_common":[{"type":"ezc.product_common.indicator","subtype":0,"driver":{"output":1000},"events":[{"name":"setup_mode_start","mode":"breathe","speed":2000,"color_select":2,"cct":50,"min_brightness":20,"max_brightness":100,"total_ms":0,"interrupt_forbidden":true},{"name":"setup_started","mode":"breathe","speed":1000,"color_select":2,"cct":50,"min_brightness":20,"max_brightness":100,"total_ms":0},{"name":"setup_successful","mode":"restore"},{"name":"setup_failed","mode":"solid","color_select":2,"cct":10,"max_brightness":100},{"name":"identification_start","mode":"blink","speed":1000,"color_select":2,"cct":50,"min_brightness":20,"max_brightness":100,"total_ms":0},{"name":"identification_stop","mode":"restore"},{"name":"identification_blink","mode":"blink","speed":1000,"color_select":2,"cct":50,"min_brightness":20,"max_brightness":100,"total_ms":1000},{"name":"identification_breathe","mode":"breathe","speed":1000,"color_select":2,"cct":50,"min_brightness":20,"max_brightness":100,"total_ms":15000},{"name":"identification_okay","mode":"blink","speed":2000,"color_select":2,"cct":50,"min_brightness":20,"max_brightness":100,"total_ms":1000},{"name":"identification_channel_change","mode":"blink","speed":16000,"color_select":2,"cct":50,"min_brightness":20,"max_brightness":100,"total_ms":8000},{"name":"identification_finish_effect","mode":"restore"},{"name":"identification_stop_effect","mode":"restore"}]},{"type":"ezc.product_common.factory_reset","subtype":1,"count":3,"auto_trigger":true}],"product":[{"type":"ezc.product.light","subtype":3,"driver":{"output":1000},"data_model":{"power_default":1,"power_bootup":-1,"level_default":50,"level_bootup":-1,"color_mode_default":1,"color_mode_bootup":-1,"temperature_default":4000,"temperature_bootup":-1,"temperature_minimum_default":2200,"temperature_maximum_default":7000}}],"test_mode":[{"type":"ezc.test_mode.common","subtype":1},{"type":"ezc.test_mode.ble","subtype":1},{"type":"ezc.test_mode.light","subtype":1},{"type":"ezc.test_mode.light","subtype":2},{"type":"ezc.test_mode.light","subtype":3}]}
2026-08-20 15:24:26.434 | After freeing product config: Current Free Memory: 103488, Minimum Ever Free Size: 94164, Largest Free Block: 83968
2026-08-20 15:24:27.249 | matter_one_core: Current Free Memory: 31912, Minimum Ever Free Size: 30376, Largest Free Block: 23040
2026-08-20 15:24:27.249 | chan:1,max_power:80
2026-08-20 15:24:27.249 | chan:2,max_power:80
2026-08-20 15:24:27.249 | chan:3,max_power:80
2026-08-20 15:24:27.249 | chan:4,max_power:80
2026-08-20 15:24:27.249 | chan:5,max_power:80
2026-08-20 15:24:27.250 | chan:6,max_power:80
2026-08-20 15:24:27.250 | chan:7,max_power:80
2026-08-20 15:24:27.250 | chan:8,max_power:80
2026-08-20 15:24:27.250 | chan:9,max_power:80
2026-08-20 15:24:27.250 | chan:10,max_power:80
2026-08-20 15:24:27.250 | chan:11,max_power:80
2026-08-20 15:24:27.250 | chan:12,max_power:80
2026-08-20 15:24:27.250 | chan:13,max_power:80
2026-08-20 15:24:27.250 | chan:14,max_power:80
2026-08-20 15:24:27.250 | matter_one_core: Current Free Memory: 31912, Minimum Ever Free Size: 30376, Largest Free Block: 23040
2026-08-20 15:24:27.250 | matter_one_core: Current Free Memory: 31828, Minimum Ever Free Size: 30376, Largest Free Block: 23040
2026-08-20 15:24:27.250 | matter_one_core: Current Free Memory: 53248, Minimum Ever Free Size: 30376, Largest Free Block: 23040
2026-08-20 15:24:27.251 | After CORE TYPE START: Current Free Memory: 53160, Minimum Ever Free Size: 30376, Largest Free Block: 23040
2026-08-20 15:24:27.251 | zero_code_product: Current Free Memory: 53160, Minimum Ever Free Size: 30376, Largest Free Block: 23040
2026-08-20 15:24:31.122 | ESP-ROM:esp32c2-eco4-20240515
2026-08-20 15:24:31.122 | Build:May 15 2024
2026-08-20 15:24:31.122 | rst:0x1 (POWERON),boot:0xc (SPI_FAST_FLASH_BOOT)
2026-08-20 15:24:31.122 | SPIWP:0xee
2026-08-20 15:24:31.122 | mode:DIO, clock div:1
2026-08-20 15:24:31.122 | load:0x3fcd5d00,len:0x1428
2026-08-20 15:24:31.122 | load:0x403acb70,len:0x8ec
2026-08-20 15:24:31.122 | load:0x403aeb70,len:0x31d8
2026-08-20 15:24:31.122 | entry 0x403acb70
2026-08-20 15:24:31.528 | zero_code_product: enter main: 376 ms
2026-08-20 15:24:31.529 | zero_code_product: Current Free Memory: 129680, Minimum Ever Free Size: 129680, Largest Free Block: 120832
2026-08-20 15:24:31.529 | zero_code_utils: Reboot count: 10, reset reason: 1
2026-08-20 15:24:31.676 | light_matter: restore done: 527 ms
2026-08-20 15:24:31.676 | zero_code_core: Current Free Memory: 94248, Minimum Ever Free Size: 94248, Largest Free Block: 83968
2026-08-20 15:24:31.676 | zero_code_utils: Chip: esp32c2
2026-08-20 15:24:31.676 | zero_code_utils: Software Version: 1.4.0
2026-08-20 15:24:31.676 | zero_code_utils: Software Version Number: 10040000
2026-08-20 15:24:31.676 | zero_code_utils: Software Version Suffix: 875
2026-08-20 15:24:31.676 | zero_code_utils: Firmware Type: Evaluation
2026-08-20 15:24:31.676 | zero_code_utils: MAC: 58:2a:bd:38:1f:f4
2026-08-20 15:24:31.677 | zero_code_utils: RainMaker Node ID: b1ed4290-1dc3-4ca8-93fa-c6b15346486f
2026-08-20 15:24:31.677 | zero_code_utils: Matter Serial Number: b1ed42901dc34ca893fac6b15346486f
2026-08-20 15:24:31.677 | zero_code_utils: Firmware partition offset: 0x10000
2026-08-20 15:24:32.153 | zero_code_utils: Product Config: {"config_version":3,"pre_driver":[{"type":"ezc.pre_driver.power_management","enable_light_sleep":true,"max_freq_mhz":160,"min_freq_mhz":10}],"driver":[{"id":1000,"type":"ezc.driver.led","name":"pwm","lighting_config":{"enable_gradient":true,"enable_memory":false,"enable_lowpower":false,"sync_change_brightness":true,"disable_auto_on":true,"beads_comb":3,"fades_ms":800},"pwm_config":{"pwm_hz":4000,"temperature_mode":1,"gpio_red":-1,"gpio_green":-1,"gpio_blue":-1,"gpio_cold_or_cct":5,"gpio_warm_or_brightness":4},"hardware_config":{"white_min":10,"white_max":100,"white_power_max":100,"rgb_min":10,"rgb_max":100,"rgb_power_max":300},"gamma_config":{"enable_gamma_adjust":true,"gamma_red":100,"gamma_green":100,"gamma_blue":100,"gamma_cold":100,"gamma_warm":100,"curve_coe":1}}],"product_common":[{"type":"ezc.product_common.indicator","subtype":0,"driver":{"output":1000},"events":[{"name":"setup_mode_start","mode":"breathe","speed":2000,"color_select":2,"cct":50,"min_brightness":20,"max_brightness":100,"total_ms":0,"interrupt_forbidden":true},{"name":"setup_started","mode":"breathe","speed":1000,"color_select":2,"cct":50,"min_brightness":20,"max_brightness":100,"total_ms":0},{"name":"setup_successful","mode":"restore"},{"name":"setup_failed","mode":"solid","color_select":2,"cct":10,"max_brightness":100},{"name":"identification_start","mode":"blink","speed":1000,"color_select":2,"cct":50,"min_brightness":20,"max_brightness":100,"total_ms":0},{"name":"identification_stop","mode":"restore"},{"name":"identification_blink","mode":"blink","speed":1000,"color_select":2,"cct":50,"min_brightness":20,"max_brightness":100,"total_ms":1000},{"name":"identification_breathe","mode":"breathe","speed":1000,"color_select":2,"cct":50,"min_brightness":20,"max_brightness":100,"total_ms":15000},{"name":"identification_okay","mode":"blink","speed":2000,"color_select":2,"cct":50,"min_brightness":20,"max_brightness":100,"total_ms":1000},{"name":"identification_channel_change","mode":"blink","speed":16000,"color_select":2,"cct":50,"min_brightness":20,"max_brightness":100,"total_ms":8000},{"name":"identification_finish_effect","mode":"restore"},{"name":"identification_stop_effect","mode":"restore"}]},{"type":"ezc.product_common.factory_reset","subtype":1,"count":3,"auto_trigger":true}],"product":[{"type":"ezc.product.light","subtype":3,"driver":{"output":1000},"data_model":{"power_default":1,"power_bootup":-1,"level_default":50,"level_bootup":-1,"color_mode_default":1,"color_mode_bootup":-1,"temperature_default":4000,"temperature_bootup":-1,"temperature_minimum_default":2200,"temperature_maximum_default":7000}}],"test_mode":[{"type":"ezc.test_mode.common","subtype":1},{"type":"ezc.test_mode.ble","subtype":1},{"type":"ezc.test_mode.light","subtype":1},{"type":"ezc.test_mode.light","subtype":2},{"type":"ezc.test_mode.light","subtype":3}]}
2026-08-20 15:24:32.153 | After freeing product config: Current Free Memory: 103488, Minimum Ever Free Size: 94164, Largest Free Block: 83968
2026-08-20 15:24:32.966 | matter_one_core: Current Free Memory: 31916, Minimum Ever Free Size: 30380, Largest Free Block: 23040
2026-08-20 15:24:32.967 | chan:1,max_power:80
2026-08-20 15:24:32.967 | chan:2,max_power:80
2026-08-20 15:24:32.967 | chan:3,max_power:80
2026-08-20 15:24:32.967 | chan:4,max_power:80
2026-08-20 15:24:32.967 | chan:5,max_power:80
2026-08-20 15:24:32.967 | chan:6,max_power:80
2026-08-20 15:24:32.967 | chan:7,max_power:80
2026-08-20 15:24:32.967 | chan:8,max_power:80
2026-08-20 15:24:32.967 | chan:9,max_power:80
2026-08-20 15:24:32.967 | chan:10,max_power:80
2026-08-20 15:24:32.967 | chan:11,max_power:80
2026-08-20 15:24:32.968 | chan:12,max_power:80
2026-08-20 15:24:32.968 | chan:13,max_power:80
2026-08-20 15:24:32.968 | chan:14,max_power:80
2026-08-20 15:24:32.968 | matter_one_core: Current Free Memory: 31916, Minimum Ever Free Size: 30380, Largest Free Block: 23040
2026-08-20 15:24:32.968 | matter_one_core: Current Free Memory: 31832, Minimum Ever Free Size: 30380, Largest Free Block: 23040
2026-08-20 15:24:32.968 | matter_one_core: Current Free Memory: 53252, Minimum Ever Free Size: 30380, Largest Free Block: 23040
2026-08-20 15:24:32.969 | After CORE TYPE START: Current Free Memory: 53164, Minimum Ever Free Size: 30380, Largest Free Block: 23040
2026-08-20 15:24:32.969 | zero_code_product: Current Free Memory: 53164, Minimum Ever Free Size: 30380, Largest Free Block: 23040
2026-08-20 15:24:35.010 | matter_one_core: Current Free Memory: 70116, Minimum Ever Free Size: 40384, Largest Free Block: 23040
2026-08-20 15:24:37.448 | ESP-ROM:esp32c2-eco4-20240515
2026-08-20 15:24:37.449 | Build:May 15 2024
2026-08-20 15:24:37.449 | rst:0x1 (POWERON),boot:0xc (SPI_FAST_FLASH_BOOT)
2026-08-20 15:24:37.449 | SPIWP:0xee
2026-08-20 15:24:37.449 | mode:DIO, clock div:1
2026-08-20 15:24:37.449 | load:0x3fcd5d00,len:0x1428
2026-08-20 15:24:37.449 | load:0x403acb70,len:0x8ec
2026-08-20 15:24:37.449 | load:0x403aeb70,len:0x31d8
2026-08-20 15:24:37.449 | entry 0x403acb70
2026-08-20 15:24:37.857 | zero_code_product: enter main: 376 ms
2026-08-20 15:24:37.857 | zero_code_product: Current Free Memory: 129680, Minimum Ever Free Size: 129680, Largest Free Block: 120832
2026-08-20 15:24:37.857 | zero_code_utils: Reboot count: 11, reset reason: 1
2026-08-20 15:24:38.028 | light_matter: restore done: 527 ms
2026-08-20 15:24:38.028 | zero_code_core: Current Free Memory: 94248, Minimum Ever Free Size: 94248, Largest Free Block: 83968
2026-08-20 15:24:38.028 | zero_code_utils: Chip: esp32c2
2026-08-20 15:24:38.029 | zero_code_utils: Software Version: 1.4.0
2026-08-20 15:24:38.029 | zero_code_utils: Software Version Number: 10040000
2026-08-20 15:24:38.029 | zero_code_utils: Software Version Suffix: 875
2026-08-20 15:24:38.029 | zero_code_utils: Firmware Type: Evaluation
2026-08-20 15:24:38.029 | zero_code_utils: MAC: 58:2a:bd:38:1f:f4
2026-08-20 15:24:38.029 | zero_code_utils: RainMaker Node ID: b1ed4290-1dc3-4ca8-93fa-c6b15346486f
2026-08-20 15:24:38.029 | zero_code_utils: Matter Serial Number: b1ed42901dc34ca893fac6b15346486f
2026-08-20 15:24:38.029 | zero_code_utils: Firmware partition offset: 0x10000
2026-08-20 15:24:38.504 | zero_code_utils: Product Config: {"config_version":3,"pre_driver":[{"type":"ezc.pre_driver.power_management","enable_light_sleep":true,"max_freq_mhz":160,"min_freq_mhz":10}],"driver":[{"id":1000,"type":"ezc.driver.led","name":"pwm","lighting_config":{"enable_gradient":true,"enable_memory":false,"enable_lowpower":false,"sync_change_brightness":true,"disable_auto_on":true,"beads_comb":3,"fades_ms":800},"pwm_config":{"pwm_hz":4000,"temperature_mode":1,"gpio_red":-1,"gpio_green":-1,"gpio_blue":-1,"gpio_cold_or_cct":5,"gpio_warm_or_brightness":4},"hardware_config":{"white_min":10,"white_max":100,"white_power_max":100,"rgb_min":10,"rgb_max":100,"rgb_power_max":300},"gamma_config":{"enable_gamma_adjust":true,"gamma_red":100,"gamma_green":100,"gamma_blue":100,"gamma_cold":100,"gamma_warm":100,"curve_coe":1}}],"product_common":[{"type":"ezc.product_common.indicator","subtype":0,"driver":{"output":1000},"events":[{"name":"setup_mode_start","mode":"breathe","speed":2000,"color_select":2,"cct":50,"min_brightness":20,"max_brightness":100,"total_ms":0,"interrupt_forbidden":true},{"name":"setup_started","mode":"breathe","speed":1000,"color_select":2,"cct":50,"min_brightness":20,"max_brightness":100,"total_ms":0},{"name":"setup_successful","mode":"restore"},{"name":"setup_failed","mode":"solid","color_select":2,"cct":10,"max_brightness":100},{"name":"identification_start","mode":"blink","speed":1000,"color_select":2,"cct":50,"min_brightness":20,"max_brightness":100,"total_ms":0},{"name":"identification_stop","mode":"restore"},{"name":"identification_blink","mode":"blink","speed":1000,"color_select":2,"cct":50,"min_brightness":20,"max_brightness":100,"total_ms":1000},{"name":"identification_breathe","mode":"breathe","speed":1000,"color_select":2,"cct":50,"min_brightness":20,"max_brightness":100,"total_ms":15000},{"name":"identification_okay","mode":"blink","speed":2000,"color_select":2,"cct":50,"min_brightness":20,"max_brightness":100,"total_ms":1000},{"name":"identification_channel_change","mode":"blink","speed":16000,"color_select":2,"cct":50,"min_brightness":20,"max_brightness":100,"total_ms":8000},{"name":"identification_finish_effect","mode":"restore"},{"name":"identification_stop_effect","mode":"restore"}]},{"type":"ezc.product_common.factory_reset","subtype":1,"count":3,"auto_trigger":true}],"product":[{"type":"ezc.product.light","subtype":3,"driver":{"output":1000},"data_model":{"power_default":1,"power_bootup":-1,"level_default":50,"level_bootup":-1,"color_mode_default":1,"color_mode_bootup":-1,"temperature_default":4000,"temperature_bootup":-1,"temperature_minimum_default":2200,"temperature_maximum_default":7000}}],"test_mode":[{"type":"ezc.test_mode.common","subtype":1},{"type":"ezc.test_mode.ble","subtype":1},{"type":"ezc.test_mode.light","subtype":1},{"type":"ezc.test_mode.light","subtype":2},{"type":"ezc.test_mode.light","subtype":3}]}
2026-08-20 15:24:38.505 | After freeing product config: Current Free Memory: 103488, Minimum Ever Free Size: 94164, Largest Free Block: 83968
2026-08-20 15:24:39.322 | matter_one_core: Current Free Memory: 30556, Minimum Ever Free Size: 29020, Largest Free Block: 21504
2026-08-20 15:24:39.322 | chan:1,max_power:80
2026-08-20 15:24:39.323 | chan:2,max_power:80
2026-08-20 15:24:39.323 | chan:3,max_power:80
2026-08-20 15:24:39.323 | chan:4,max_power:80
2026-08-20 15:24:39.323 | chan:5,max_power:80
2026-08-20 15:24:39.323 | chan:6,max_power:80
2026-08-20 15:24:39.323 | chan:7,max_power:80
2026-08-20 15:24:39.323 | chan:8,max_power:80
2026-08-20 15:24:39.323 | chan:9,max_power:80
2026-08-20 15:24:39.323 | chan:10,max_power:80
2026-08-20 15:24:39.323 | chan:11,max_power:80
2026-08-20 15:24:39.323 | chan:12,max_power:80
2026-08-20 15:24:39.323 | chan:13,max_power:80
2026-08-20 15:24:39.323 | chan:14,max_power:80
2026-08-20 15:24:39.932 | matter_one_core: Current Free Memory: 28916, Minimum Ever Free Size: 28840, Largest Free Block: 19456
2026-08-20 15:24:40.137 | matter_one_core: Current Free Memory: 28832, Minimum Ever Free Size: 28732, Largest Free Block: 19456
2026-08-20 15:24:40.137 | matter_one_core: Current Free Memory: 33392, Minimum Ever Free Size: 28732, Largest Free Block: 19456
2026-08-20 15:24:40.137 | After CORE TYPE START: Current Free Memory: 50388, Minimum Ever Free Size: 28732, Largest Free Block: 19968
2026-08-20 15:24:40.137 | zero_code_product: Current Free Memory: 50388, Minimum Ever Free Size: 28732, Largest Free Block: 19968
2026-08-20 15:24:43.393 | ESP-ROM:esp32c2-eco4-20240515
2026-08-20 15:24:43.393 | Build:May 15 2024
2026-08-20 15:24:43.394 | rst:0x1 (POWERON),boot:0xc (SPI_FAST_FLASH_BOOT)
2026-08-20 15:24:43.394 | SPIWP:0xee
2026-08-20 15:24:43.394 | mode:DIO, clock div:1
2026-08-20 15:24:43.394 | load:0x3fcd5d00,len:0x1428
2026-08-20 15:24:43.394 | load:0x403acb70,len:0x8ec
2026-08-20 15:24:43.394 | load:0x403aeb70,len:0x31d8
2026-08-20 15:24:43.394 | entry 0x403acb70
2026-08-20 15:24:43.594 | zero_code_product: enter main: 376 ms
2026-08-20 15:24:43.595 | zero_code_product: Current Free Memory: 129680, Minimum Ever Free Size: 129680, Largest Free Block: 120832
2026-08-20 15:24:43.795 | zero_code_utils: Reboot count: 12, reset reason: 1
2026-08-20 15:24:43.795 | light_matter: restore done: 527 ms
2026-08-20 15:24:43.795 | zero_code_core: Current Free Memory: 94248, Minimum Ever Free Size: 94248, Largest Free Block: 83968
2026-08-20 15:24:43.795 | zero_code_utils: Chip: esp32c2
2026-08-20 15:24:43.795 | zero_code_utils: Software Version: 1.4.0
2026-08-20 15:24:43.795 | zero_code_utils: Software Version Number: 10040000
2026-08-20 15:24:43.795 | zero_code_utils: Software Version Suffix: 875
2026-08-20 15:24:43.795 | zero_code_utils: Firmware Type: Evaluation
2026-08-20 15:24:43.795 | zero_code_utils: MAC: 58:2a:bd:38:1f:f4
2026-08-20 15:24:43.795 | zero_code_utils: RainMaker Node ID: b1ed4290-1dc3-4ca8-93fa-c6b15346486f
2026-08-20 15:24:43.929 | zero_code_utils: Matter Serial Number: b1ed42901dc34ca893fac6b15346486f
2026-08-20 15:24:43.929 | zero_code_utils: Firmware partition offset: 0x10000
2026-08-20 15:24:44.201 | zero_code_utils: Product Config: {"config_version":3,"pre_driver":[{"type":"ezc.pre_driver.power_management","enable_light_sleep":true,"max_freq_mhz":160,"min_freq_mhz":10}],"driver":[{"id":1000,"type":"ezc.driver.led","name":"pwm","lighting_config":{"enable_gradient":true,"enable_memory":false,"enable_lowpower":false,"sync_change_brightness":true,"disable_auto_on":true,"beads_comb":3,"fades_ms":800},"pwm_config":{"pwm_hz":4000,"temperature_mode":1,"gpio_red":-1,"gpio_green":-1,"gpio_blue":-1,"gpio_cold_or_cct":5,"gpio_warm_or_brightness":4},"hardware_config":{"white_min":10,"white_max":100,"white_power_max":100,"rgb_min":10,"rgb_max":100,"rgb_power_max":300},"gamma_config":{"enable_gamma_adjust":true,"gamma_red":100,"gamma_green":100,"gamma_blue":100,"gamma_cold":100,"gamma_warm":100,"curve_coe":1}}],"product_common":[{"type":"ezc.product_common.indicator","subtype":0,"driver":{"output":1000},"events":[{"name":"setup_mode_start","mode":"breathe","speed":2000,"color_select":2,"cct":50,"min_brightness":20,"max_brightness":100,"total_ms":0,"interrupt_forbidden":true},{"name":"setup_started","mode":"breathe","speed":1000,"color_select":2,"cct":50,"min_brightness":20,"max_brightness":100,"total_ms":0},{"name":"setup_successful","mode":"restore"},{"name":"setup_failed","mode":"solid","color_select":2,"cct":10,"max_brightness":100},{"name":"identification_start","mode":"blink","speed":1000,"color_select":2,"cct":50,"min_brightness":20,"max_brightness":100,"total_ms":0},{"name":"identification_stop","mode":"restore"},{"name":"identification_blink","mode":"blink","speed":1000,"color_select":2,"cct":50,"min_brightness":20,"max_brightness":100,"total_ms":1000},{"name":"identification_breathe","mode":"breathe","speed":1000,"color_select":2,"cct":50,"min_brightness":20,"max_brightness":100,"total_ms":15000},{"name":"identification_okay","mode":"blink","speed":2000,"color_select":2,"cct":50,"min_brightness":20,"max_brightness":100,"total_ms":1000},{"name":"identification_channel_change","mode":"blink","speed":16000,"color_select":2,"cct":50,"min_brightness":20,"max_brightness":100,"total_ms":8000},{"name":"identification_finish_effect","mode":"restore"},{"name":"identification_stop_effect","mode":"restore"}]},{"type":"ezc.product_common.factory_reset","subtype":1,"count":3,"auto_trigger":true}],"product":[{"type":"ezc.product.light","subtype":3,"driver":{"output":1000},"data_model":{"power_default":1,"power_bootup":-1,"level_default":50,"level_bootup":-1,"color_mode_default":1,"color_mode_bootup":-1,"temperature_default":4000,"temperature_bootup":-1,"temperature_minimum_default":2200,"temperature_maximum_default":7000}}],"test_mode":[{"type":"ezc.test_mode.common","subtype":1},{"type":"ezc.test_mode.ble","subtype":1},{"type":"ezc.test_mode.light","subtype":1},{"type":"ezc.test_mode.light","subtype":2},{"type":"ezc.test_mode.light","subtype":3}]}
2026-08-20 15:24:44.406 | After freeing product config: Current Free Memory: 103488, Minimum Ever Free Size: 94164, Largest Free Block: 83968
2026-08-20 15:24:45.015 | matter_one_core: Current Free Memory: 31916, Minimum Ever Free Size: 30380, Largest Free Block: 23040
2026-08-20 15:24:45.015 | chan:1,max_power:80
2026-08-20 15:24:45.015 | chan:2,max_power:80
2026-08-20 15:24:45.015 | chan:3,max_power:80
2026-08-20 15:24:45.015 | chan:4,max_power:80
2026-08-20 15:24:45.015 | chan:5,max_power:80
2026-08-20 15:24:45.016 | chan:6,max_power:80
2026-08-20 15:24:45.016 | chan:7,max_power:80
2026-08-20 15:24:45.016 | chan:8,max_power:80
2026-08-20 15:24:45.016 | chan:9,max_power:80
2026-08-20 15:24:45.016 | chan:10,max_power:80
2026-08-20 15:24:45.016 | chan:11,max_power:80
2026-08-20 15:24:45.016 | chan:12,max_power:80
2026-08-20 15:24:45.016 | chan:13,max_power:80
2026-08-20 15:24:45.016 | chan:14,max_power:80
2026-08-20 15:24:45.016 | matter_one_core: Current Free Memory: 31916, Minimum Ever Free Size: 30380, Largest Free Block: 23040
2026-08-20 15:24:45.218 | matter_one_core: Current Free Memory: 31832, Minimum Ever Free Size: 30380, Largest Free Block: 23040
2026-08-20 15:24:45.219 | matter_one_core: Current Free Memory: 53252, Minimum Ever Free Size: 30380, Largest Free Block: 23040
2026-08-20 15:24:45.219 | After CORE TYPE START: Current Free Memory: 53164, Minimum Ever Free Size: 30380, Largest Free Block: 23040
2026-08-20 15:24:45.219 | zero_code_product: Current Free Memory: 53164, Minimum Ever Free Size: 30380, Largest Free Block: 23040
2026-08-20 15:24:47.052 | matter_one_core: Current Free Memory: 70116, Minimum Ever Free Size: 40384, Largest Free Block: 23040
2026-08-20 15:24:47.253 | chan:1,max_power:80
2026-08-20 15:24:47.253 | chan:2,max_power:80
2026-08-20 15:24:47.253 | chan:3,max_power:80
2026-08-20 15:24:47.253 | chan:4,max_power:80
2026-08-20 15:24:47.254 | chan:5,max_power:80
2026-08-20 15:24:47.254 | chan:6,max_power:80
2026-08-20 15:24:47.255 | chan:7,max_power:80
2026-08-20 15:24:47.255 | chan:8,max_power:80
2026-08-20 15:24:47.255 | chan:9,max_power:80
2026-08-20 15:24:47.255 | chan:10,max_power:80
2026-08-20 15:24:47.255 | chan:11,max_power:80
2026-08-20 15:24:47.255 | chan:12,max_power:80
2026-08-20 15:24:47.255 | chan:13,max_power:80
2026-08-20 15:24:47.256 | chan:14,max_power:80
2026-08-20 15:24:47.461 | matter_one_core: Current Free Memory: 70176, Minimum Ever Free Size: 40240, Largest Free Block: 23040
2026-08-20 15:24:47.465 | chan:1,max_power:80
2026-08-20 15:24:47.465 | chan:2,max_power:80
2026-08-20 15:24:47.465 | chan:3,max_power:80
2026-08-20 15:24:47.465 | chan:4,max_power:80
2026-08-20 15:24:47.465 | chan:5,max_power:80
2026-08-20 15:24:47.466 | chan:6,max_power:80
2026-08-20 15:24:47.467 | chan:7,max_power:80
2026-08-20 15:24:47.467 | chan:8,max_power:80
2026-08-20 15:24:47.467 | chan:9,max_power:80
2026-08-20 15:24:47.470 | chan:10,max_power:80
2026-08-20 15:24:47.493 | chan:11,max_power:80
2026-08-20 15:24:47.493 | chan:12,max_power:80
2026-08-20 15:24:47.493 | chan:13,max_power:80
2026-08-20 15:24:47.494 | chan:14,max_power:80
2026-08-20 15:24:48.719 | zero_code_utils: Resetting reboot count
2026-08-20 15:24:48.720 | zero_code_utils: Current Free Memory: 70104, Minimum Ever Free Size: 40032, Largest Free Block: 23040
2026-08-20 15:24:49.942 | chan:1,max_power:80
2026-08-20 15:24:49.942 | chan:2,max_power:80
2026-08-20 15:24:49.942 | chan:3,max_power:80
2026-08-20 15:24:49.942 | chan:4,max_power:80
2026-08-20 15:24:49.942 | chan:5,max_power:80
2026-08-20 15:24:49.943 | chan:6,max_power:80
2026-08-20 15:24:49.943 | chan:7,max_power:80
2026-08-20 15:24:49.943 | chan:8,max_power:80
2026-08-20 15:24:49.943 | chan:9,max_power:80
2026-08-20 15:24:49.943 | chan:10,max_power:80
2026-08-20 15:24:49.943 | chan:11,max_power:80
2026-08-20 15:24:49.943 | chan:12,max_power:80
2026-08-20 15:24:49.943 | chan:13,max_power:80
2026-08-20 15:24:49.943 | chan:14,max_power:80
2026-08-20 15:24:49.943 | matter_one_core: Current Free Memory: 70212, Minimum Ever Free Size: 40032, Largest Free Block: 23040
2026-08-20 15:24:49.943 | chan:1,max_power:80
2026-08-20 15:24:49.943 | chan:2,max_power:80
2026-08-20 15:24:49.943 | chan:3,max_power:80
2026-08-20 15:24:49.943 | chan:4,max_power:80
2026-08-20 15:24:49.943 | chan:5,max_power:80
2026-08-20 15:24:49.943 | chan:6,max_power:80
2026-08-20 15:24:49.943 | chan:7,max_power:80
2026-08-20 15:24:49.943 | chan:8,max_power:80
2026-08-20 15:24:49.944 | chan:9,max_power:80
2026-08-20 15:24:49.944 | chan:10,max_power:80
2026-08-20 15:24:49.944 | chan:11,max_power:80
2026-08-20 15:24:49.944 | chan:12,max_power:80
2026-08-20 15:24:49.944 | chan:13,max_power:80
2026-08-20 15:24:49.944 | chan:14,max_power:80
2026-08-20 15:24:52.393 | chan:1,max_power:80
2026-08-20 15:24:52.393 | chan:2,max_power:80
2026-08-20 15:24:52.393 | chan:3,max_power:80
2026-08-20 15:24:52.393 | chan:4,max_power:80
2026-08-20 15:24:52.393 | chan:5,max_power:80
2026-08-20 15:24:52.393 | chan:6,max_power:80
2026-08-20 15:24:52.393 | chan:7,max_power:80
2026-08-20 15:24:52.393 | chan:8,max_power:80
2026-08-20 15:24:52.393 | chan:9,max_power:80
2026-08-20 15:24:52.393 | chan:10,max_power:80
2026-08-20 15:24:52.393 | chan:11,max_power:80
2026-08-20 15:24:52.393 | chan:12,max_power:80
2026-08-20 15:24:52.393 | chan:13,max_power:80
2026-08-20 15:24:52.393 | chan:14,max_power:80
2026-08-20 15:24:52.393 | matter_one_core: Current Free Memory: 70220, Minimum Ever Free Size: 40016, Largest Free Block: 23040
2026-08-20 15:24:52.595 | chan:1,max_power:80
2026-08-20 15:24:52.595 | chan:2,max_power:80
2026-08-20 15:24:52.595 | chan:3,max_power:80
2026-08-20 15:24:52.595 | chan:4,max_power:80
2026-08-20 15:24:52.595 | chan:5,max_power:80
2026-08-20 15:24:52.595 | chan:6,max_power:80
2026-08-20 15:24:52.596 | chan:7,max_power:80
2026-08-20 15:24:52.596 | chan:8,max_power:80
2026-08-20 15:24:52.597 | chan:9,max_power:80
2026-08-20 15:24:52.597 | chan:10,max_power:80
2026-08-20 15:24:52.597 | chan:11,max_power:80
2026-08-20 15:24:52.597 | chan:12,max_power:80
2026-08-20 15:24:52.597 | chan:13,max_power:80
2026-08-20 15:24:52.597 | chan:14,max_power:80
2026-08-20 15:24:57.487 | chan:1,max_power:80
2026-08-20 15:24:57.487 | chan:2,max_power:80
2026-08-20 15:24:57.487 | chan:3,max_power:80
2026-08-20 15:24:57.487 | chan:4,max_power:80
2026-08-20 15:24:57.487 | chan:5,max_power:80
2026-08-20 15:24:57.487 | chan:6,max_power:80
2026-08-20 15:24:57.487 | chan:7,max_power:80
2026-08-20 15:24:57.487 | chan:8,max_power:80
2026-08-20 15:24:57.487 | chan:9,max_power:80
2026-08-20 15:24:57.487 | chan:10,max_power:80
2026-08-20 15:24:57.487 | chan:11,max_power:80
2026-08-20 15:24:57.487 | chan:12,max_power:80
2026-08-20 15:24:57.488 | chan:13,max_power:80
2026-08-20 15:24:57.488 | chan:14,max_power:80
2026-08-20 15:24:57.488 | matter_one_core: Current Free Memory: 70076, Minimum Ever Free Size: 37084, Largest Free Block: 23040
2026-08-20 15:24:57.489 | chan:1,max_power:80
2026-08-20 15:24:57.693 | chan:2,max_power:80
2026-08-20 15:24:57.693 | chan:3,max_power:80
2026-08-20 15:24:57.693 | chan:4,max_power:80
2026-08-20 15:24:57.693 | chan:5,max_power:80
2026-08-20 15:24:57.694 | chan:6,max_power:80
2026-08-20 15:24:57.694 | chan:7,max_power:80
2026-08-20 15:24:57.694 | chan:8,max_power:80
2026-08-20 15:24:57.694 | chan:9,max_power:80
2026-08-20 15:24:57.694 | chan:10,max_power:80
2026-08-20 15:24:57.694 | chan:11,max_power:80
2026-08-20 15:24:57.694 | chan:12,max_power:80
2026-08-20 15:24:57.694 | chan:13,max_power:80
2026-08-20 15:24:57.694 | chan:14,max_power:80
2026-08-20 15:24:59.928 | chan:1,max_power:80
2026-08-20 15:24:59.928 | chan:2,max_power:80
2026-08-20 15:24:59.928 | chan:3,max_power:80
2026-08-20 15:24:59.928 | chan:4,max_power:80
2026-08-20 15:25:00.133 | chan:5,max_power:80
2026-08-20 15:25:00.133 | chan:6,max_power:80
2026-08-20 15:25:00.133 | chan:7,max_power:80
2026-08-20 15:25:00.133 | chan:8,max_power:80
2026-08-20 15:25:00.133 | chan:9,max_power:80
2026-08-20 15:25:00.133 | chan:10,max_power:80
2026-08-20 15:25:00.133 | chan:11,max_power:80
2026-08-20 15:25:00.133 | chan:12,max_power:80
2026-08-20 15:25:00.133 | chan:13,max_power:80
2026-08-20 15:25:00.133 | chan:14,max_power:80
2026-08-20 15:25:00.133 | matter_one_core: Current Free Memory: 70100, Minimum Ever Free Size: 37084, Largest Free Block: 23040
2026-08-20 15:25:00.133 | chan:1,max_power:80
2026-08-20 15:25:00.133 | chan:2,max_power:80
2026-08-20 15:25:00.134 | chan:3,max_power:80
2026-08-20 15:25:00.134 | chan:4,max_power:80
2026-08-20 15:25:00.134 | chan:5,max_power:80
2026-08-20 15:25:00.134 | chan:6,max_power:80
2026-08-20 15:25:00.134 | chan:7,max_power:80
2026-08-20 15:25:00.134 | chan:8,max_power:80
2026-08-20 15:25:00.134 | chan:9,max_power:80
2026-08-20 15:25:00.134 | chan:10,max_power:80
2026-08-20 15:25:00.134 | chan:11,max_power:80
2026-08-20 15:25:00.134 | chan:12,max_power:80
2026-08-20 15:25:00.134 | chan:13,max_power:80
2026-08-20 15:25:00.134 | chan:14,max_power:80
2026-08-20 15:25:02.583 | chan:1,max_power:80
2026-08-20 15:25:02.583 | chan:2,max_power:80
2026-08-20 15:25:02.583 | chan:3,max_power:80
2026-08-20 15:25:02.583 | chan:4,max_power:80
2026-08-20 15:25:02.583 | chan:5,max_power:80
2026-08-20 15:25:02.583 | chan:6,max_power:80
2026-08-20 15:25:02.583 | chan:7,max_power:80
2026-08-20 15:25:02.583 | chan:8,max_power:80
2026-08-20 15:25:02.583 | chan:9,max_power:80
2026-08-20 15:25:02.583 | chan:10,max_power:80
2026-08-20 15:25:02.583 | chan:11,max_power:80
2026-08-20 15:25:02.583 | chan:12,max_power:80
2026-08-20 15:25:02.584 | chan:13,max_power:80
2026-08-20 15:25:02.584 | chan:14,max_power:80
2026-08-20 15:25:02.584 | matter_one_core: Current Free Memory: 70088, Minimum Ever Free Size: 37084, Largest Free Block: 23040
2026-08-20 15:25:02.788 | chan:1,max_power:80
2026-08-20 15:25:02.788 | chan:2,max_power:80
2026-08-20 15:25:02.788 | chan:3,max_power:80
2026-08-20 15:25:02.788 | chan:4,max_power:80
2026-08-20 15:25:02.788 | chan:5,max_power:80
2026-08-20 15:25:02.788 | chan:6,max_power:80
2026-08-20 15:25:02.788 | chan:7,max_power:80
2026-08-20 15:25:02.788 | chan:8,max_power:80
2026-08-20 15:25:02.788 | chan:9,max_power:80
2026-08-20 15:25:02.788 | chan:10,max_power:80
2026-08-20 15:25:02.789 | chan:11,max_power:80
2026-08-20 15:25:02.789 | chan:12,max_power:80
2026-08-20 15:25:02.789 | chan:13,max_power:80
2026-08-20 15:25:02.789 | chan:14,max_power:80
2026-08-20 15:25:05.028 | chan:1,max_power:80
2026-08-20 15:25:05.233 | chan:2,max_power:80
2026-08-20 15:25:05.233 | chan:3,max_power:80
2026-08-20 15:25:05.233 | chan:4,max_power:80
2026-08-20 15:25:05.233 | chan:5,max_power:80
2026-08-20 15:25:05.233 | chan:6,max_power:80
2026-08-20 15:25:05.233 | chan:7,max_power:80
2026-08-20 15:25:05.233 | chan:8,max_power:80
2026-08-20 15:25:05.233 | chan:9,max_power:80
2026-08-20 15:25:05.233 | chan:10,max_power:80
2026-08-20 15:25:05.233 | chan:11,max_power:80
2026-08-20 15:25:05.233 | chan:12,max_power:80
2026-08-20 15:25:05.233 | chan:13,max_power:80
2026-08-20 15:25:05.233 | chan:14,max_power:80
2026-08-20 15:25:05.233 | matter_one_core: Current Free Memory: 70096, Minimum Ever Free Size: 37084, Largest Free Block: 23040
2026-08-20 15:25:05.234 | chan:1,max_power:80
2026-08-20 15:25:05.234 | chan:2,max_power:80
2026-08-20 15:25:05.234 | chan:3,max_power:80
2026-08-20 15:25:05.234 | chan:4,max_power:80
2026-08-20 15:25:05.234 | chan:5,max_power:80
2026-08-20 15:25:05.234 | chan:6,max_power:80
2026-08-20 15:25:05.234 | chan:7,max_power:80
2026-08-20 15:25:05.234 | chan:8,max_power:80
2026-08-20 15:25:05.234 | chan:9,max_power:80
2026-08-20 15:25:05.234 | chan:10,max_power:80
2026-08-20 15:25:05.234 | chan:11,max_power:80
2026-08-20 15:25:05.234 | chan:12,max_power:80
2026-08-20 15:25:05.234 | chan:13,max_power:80
2026-08-20 15:25:05.234 | chan:14,max_power:80
2026-08-20 15:25:10.134 | chan:1,max_power:80
2026-08-20 15:25:10.134 | chan:2,max_power:80
2026-08-20 15:25:10.134 | chan:3,max_power:80
2026-08-20 15:25:10.134 | chan:4,max_power:80
2026-08-20 15:25:10.134 | chan:5,max_power:80
2026-08-20 15:25:10.134 | chan:6,max_power:80
2026-08-20 15:25:10.134 | chan:7,max_power:80
2026-08-20 15:25:10.134 | chan:8,max_power:80
2026-08-20 15:25:10.134 | chan:9,max_power:80
2026-08-20 15:25:10.134 | chan:10,max_power:80
2026-08-20 15:25:10.134 | chan:11,max_power:80
2026-08-20 15:25:10.135 | chan:12,max_power:80
2026-08-20 15:25:10.135 | chan:13,max_power:80
2026-08-20 15:25:10.135 | chan:14,max_power:80
2026-08-20 15:25:10.135 | matter_one_core: Current Free Memory: 70076, Minimum Ever Free Size: 37084, Largest Free Block: 23040
2026-08-20 15:25:10.340 | chan:1,max_power:80
2026-08-20 15:25:10.340 | chan:2,max_power:80
2026-08-20 15:25:10.340 | chan:3,max_power:80
2026-08-20 15:25:10.340 | chan:4,max_power:80
2026-08-20 15:25:10.340 | chan:5,max_power:80
2026-08-20 15:25:10.340 | chan:6,max_power:80
2026-08-20 15:25:10.340 | chan:7,max_power:80
2026-08-20 15:25:10.340 | chan:8,max_power:80
2026-08-20 15:25:10.340 | chan:9,max_power:80
2026-08-20 15:25:10.341 | chan:10,max_power:80
2026-08-20 15:25:10.341 | chan:11,max_power:80
2026-08-20 15:25:10.341 | chan:12,max_power:80
2026-08-20 15:25:10.341 | chan:13,max_power:80
2026-08-20 15:25:10.341 | chan:14,max_power:80
2026-08-20 15:25:12.781 | chan:1,max_power:80
2026-08-20 15:25:12.786 | chan:2,max_power:80
2026-08-20 15:25:12.786 | chan:3,max_power:80
2026-08-20 15:25:12.788 | chan:4,max_power:80
2026-08-20 15:25:12.789 | chan:5,max_power:80
2026-08-20 15:25:12.789 | chan:6,max_power:80
2026-08-20 15:25:12.789 | chan:7,max_power:80
2026-08-20 15:25:12.789 | chan:8,max_power:80
2026-08-20 15:25:12.789 | chan:9,max_power:80
2026-08-20 15:25:12.789 | chan:10,max_power:80
2026-08-20 15:25:12.789 | chan:11,max_power:80
2026-08-20 15:25:12.789 | chan:12,max_power:80
2026-08-20 15:25:12.789 | chan:13,max_power:80
2026-08-20 15:25:12.789 | chan:14,max_power:80
2026-08-20 15:25:12.789 | matter_one_core: Current Free Memory: 70092, Minimum Ever Free Size: 37084, Largest Free Block: 23040
2026-08-20 15:25:12.790 | chan:1,max_power:80
2026-08-20 15:25:12.790 | chan:2,max_power:80
2026-08-20 15:25:12.790 | chan:3,max_power:80
2026-08-20 15:25:12.790 | chan:4,max_power:80
2026-08-20 15:25:12.790 | chan:5,max_power:80
2026-08-20 15:25:12.790 | chan:6,max_power:80
2026-08-20 15:25:12.790 | chan:7,max_power:80
2026-08-20 15:25:12.790 | chan:8,max_power:80
2026-08-20 15:25:12.790 | chan:9,max_power:80
2026-08-20 15:25:12.791 | chan:10,max_power:80
2026-08-20 15:25:12.791 | chan:11,max_power:80
2026-08-20 15:25:12.791 | chan:12,max_power:80
2026-08-20 15:25:12.791 | chan:13,max_power:80
2026-08-20 15:25:12.994 | chan:14,max_power:80
2026-08-20 15:25:15.234 | chan:1,max_power:80
2026-08-20 15:25:15.234 | chan:2,max_power:80
2026-08-20 15:25:15.234 | chan:3,max_power:80
2026-08-20 15:25:15.234 | chan:4,max_power:80
2026-08-20 15:25:15.234 | chan:5,max_power:80
2026-08-20 15:25:15.234 | chan:6,max_power:80
2026-08-20 15:25:15.234 | chan:7,max_power:80
2026-08-20 15:25:15.235 | chan:8,max_power:80
2026-08-20 15:25:15.235 | chan:9,max_power:80
2026-08-20 15:25:15.235 | chan:10,max_power:80
2026-08-20 15:25:15.235 | chan:11,max_power:80
2026-08-20 15:25:15.235 | chan:12,max_power:80
2026-08-20 15:25:15.235 | chan:13,max_power:80
2026-08-20 15:25:15.235 | chan:14,max_power:80
2026-08-20 15:25:15.235 | matter_one_core: Current Free Memory: 70100, Minimum Ever Free Size: 37084, Largest Free Block: 23040
2026-08-20 15:25:15.440 | chan:1,max_power:80
2026-08-20 15:25:15.440 | chan:2,max_power:80
2026-08-20 15:25:15.440 | chan:3,max_power:80
2026-08-20 15:25:15.440 | chan:4,max_power:80
2026-08-20 15:25:15.440 | chan:5,max_power:80
2026-08-20 15:25:15.441 | chan:6,max_power:80
2026-08-20 15:25:15.441 | chan:7,max_power:80
2026-08-20 15:25:15.441 | chan:8,max_power:80
2026-08-20 15:25:15.441 | chan:9,max_power:80
2026-08-20 15:25:15.441 | chan:10,max_power:80
2026-08-20 15:25:15.441 | chan:11,max_power:80
2026-08-20 15:25:15.441 | chan:12,max_power:80
2026-08-20 15:25:15.441 | chan:13,max_power:80
2026-08-20 15:25:15.441 | chan:14,max_power:80
2026-08-20 15:25:17.884 | chan:1,max_power:80
2026-08-20 15:25:17.885 | chan:2,max_power:80
2026-08-20 15:25:17.885 | chan:3,max_power:80
2026-08-20 15:25:17.885 | chan:4,max_power:80
2026-08-20 15:25:17.885 | chan:5,max_power:80
2026-08-20 15:25:17.885 | chan:6,max_power:80
2026-08-20 15:25:17.885 | chan:7,max_power:80
2026-08-20 15:25:17.885 | chan:8,max_power:80
2026-08-20 15:25:17.885 | chan:9,max_power:80
2026-08-20 15:25:17.885 | chan:10,max_power:80
2026-08-20 15:25:17.885 | chan:11,max_power:80
2026-08-20 15:25:17.885 | chan:12,max_power:80
2026-08-20 15:25:17.885 | chan:13,max_power:80
2026-08-20 15:25:17.885 | chan:14,max_power:80
2026-08-20 15:25:17.885 | matter_one_core: Current Free Memory: 70092, Minimum Ever Free Size: 37084, Largest Free Block: 23040
2026-08-20 15:25:17.885 | chan:1,max_power:80
2026-08-20 15:25:17.885 | chan:2,max_power:80
2026-08-20 15:25:17.886 | chan:3,max_power:80
2026-08-20 15:25:17.886 | chan:4,max_power:80
2026-08-20 15:25:17.886 | chan:5,max_power:80
2026-08-20 15:25:17.886 | chan:6,max_power:80
2026-08-20 15:25:17.886 | chan:7,max_power:80
2026-08-20 15:25:17.886 | chan:8,max_power:80
2026-08-20 15:25:17.886 | chan:9,max_power:80
2026-08-20 15:25:17.886 | chan:10,max_power:80
2026-08-20 15:25:18.091 | chan:11,max_power:80
2026-08-20 15:25:18.091 | chan:12,max_power:80
2026-08-20 15:25:18.091 | chan:13,max_power:80
2026-08-20 15:25:18.091 | chan:14,max_power:80
2026-08-20 15:25:22.779 | chan:1,max_power:80
2026-08-20 15:25:22.779 | chan:2,max_power:80
2026-08-20 15:25:22.779 | chan:3,max_power:80
2026-08-20 15:25:22.779 | chan:4,max_power:80
2026-08-20 15:25:22.779 | chan:5,max_power:80
2026-08-20 15:25:22.780 | chan:6,max_power:80
2026-08-20 15:25:22.780 | chan:7,max_power:80
2026-08-20 15:25:22.780 | chan:8,max_power:80
2026-08-20 15:25:22.780 | chan:9,max_power:80
2026-08-20 15:25:22.780 | chan:10,max_power:80
2026-08-20 15:25:22.780 | chan:11,max_power:80
2026-08-20 15:25:22.780 | chan:12,max_power:80
2026-08-20 15:25:22.780 | chan:13,max_power:80
2026-08-20 15:25:22.780 | chan:14,max_power:80
2026-08-20 15:25:22.981 | matter_one_core: Current Free Memory: 70076, Minimum Ever Free Size: 37084, Largest Free Block: 23040
2026-08-20 15:25:22.981 | chan:1,max_power:80
2026-08-20 15:25:22.981 | chan:2,max_power:80
2026-08-20 15:25:22.981 | chan:3,max_power:80
2026-08-20 15:25:22.981 | chan:4,max_power:80
2026-08-20 15:25:22.982 | chan:5,max_power:80
2026-08-20 15:25:22.982 | chan:6,max_power:80
2026-08-20 15:25:22.982 | chan:7,max_power:80
2026-08-20 15:25:22.982 | chan:8,max_power:80
2026-08-20 15:25:22.982 | chan:9,max_power:80
2026-08-20 15:25:22.982 | chan:10,max_power:80
2026-08-20 15:25:22.982 | chan:11,max_power:80
2026-08-20 15:25:22.982 | chan:12,max_power:80
2026-08-20 15:25:22.982 | chan:13,max_power:80
2026-08-20 15:25:22.982 | chan:14,max_power:80
2026-08-20 15:25:25.429 | chan:1,max_power:80
2026-08-20 15:25:25.429 | chan:2,max_power:80
2026-08-20 15:25:25.429 | chan:3,max_power:80
2026-08-20 15:25:25.430 | chan:4,max_power:80
2026-08-20 15:25:25.430 | chan:5,max_power:80
2026-08-20 15:25:25.430 | chan:6,max_power:80
2026-08-20 15:25:25.430 | chan:7,max_power:80
2026-08-20 15:25:25.430 | chan:8,max_power:80
2026-08-20 15:25:25.430 | chan:9,max_power:80
2026-08-20 15:25:25.430 | chan:10,max_power:80
2026-08-20 15:25:25.430 | chan:11,max_power:80
2026-08-20 15:25:25.430 | chan:12,max_power:80
2026-08-20 15:25:25.430 | chan:13,max_power:80
2026-08-20 15:25:25.430 | chan:14,max_power:80
2026-08-20 15:25:25.430 | matter_one_core: Current Free Memory: 70096, Minimum Ever Free Size: 37084, Largest Free Block: 23040
2026-08-20 15:25:25.431 | chan:1,max_power:80
2026-08-20 15:25:25.431 | chan:2,max_power:80
2026-08-20 15:25:25.431 | chan:3,max_power:80
2026-08-20 15:25:25.431 | chan:4,max_power:80
2026-08-20 15:25:25.431 | chan:5,max_power:80
2026-08-20 15:25:25.431 | chan:6,max_power:80
2026-08-20 15:25:25.634 | chan:7,max_power:80
2026-08-20 15:25:25.634 | chan:8,max_power:80
2026-08-20 15:25:25.634 | chan:9,max_power:80
2026-08-20 15:25:25.634 | chan:10,max_power:80
2026-08-20 15:25:25.635 | chan:11,max_power:80
2026-08-20 15:25:25.635 | chan:12,max_power:80
2026-08-20 15:25:25.635 | chan:13,max_power:80
2026-08-20 15:25:25.635 | chan:14,max_power:80
2026-08-20 15:25:27.879 | chan:1,max_power:80
2026-08-20 15:25:27.879 | chan:2,max_power:80
2026-08-20 15:25:27.879 | chan:3,max_power:80
2026-08-20 15:25:27.879 | chan:4,max_power:80
2026-08-20 15:25:27.879 | chan:5,max_power:80
2026-08-20 15:25:27.879 | chan:6,max_power:80
2026-08-20 15:25:27.879 | chan:7,max_power:80
2026-08-20 15:25:27.879 | chan:8,max_power:80
2026-08-20 15:25:27.879 | chan:9,max_power:80
2026-08-20 15:25:27.879 | chan:10,max_power:80
2026-08-20 15:25:27.879 | chan:11,max_power:80
2026-08-20 15:25:27.879 | chan:12,max_power:80
2026-08-20 15:25:28.084 | chan:13,max_power:80
2026-08-20 15:25:28.084 | chan:14,max_power:80
2026-08-20 15:25:28.084 | matter_one_core: Current Free Memory: 70096, Minimum Ever Free Size: 37084, Largest Free Block: 23040
2026-08-20 15:25:28.084 | chan:1,max_power:80
2026-08-20 15:25:28.084 | chan:2,max_power:80
2026-08-20 15:25:28.084 | chan:3,max_power:80
2026-08-20 15:25:28.084 | chan:4,max_power:80
2026-08-20 15:25:28.084 | chan:5,max_power:80
2026-08-20 15:25:28.084 | chan:6,max_power:80
2026-08-20 15:25:28.084 | chan:7,max_power:80
2026-08-20 15:25:28.084 | chan:8,max_power:80
2026-08-20 15:25:28.084 | chan:9,max_power:80
2026-08-20 15:25:28.084 | chan:10,max_power:80
2026-08-20 15:25:28.085 | chan:11,max_power:80
2026-08-20 15:25:28.085 | chan:12,max_power:80
2026-08-20 15:25:28.085 | chan:13,max_power:80
2026-08-20 15:25:28.085 | chan:14,max_power:80
2026-08-20 15:25:30.524 | chan:1,max_power:80
2026-08-20 15:25:30.524 | chan:2,max_power:80
2026-08-20 15:25:30.524 | chan:3,max_power:80
2026-08-20 15:25:30.524 | chan:4,max_power:80
2026-08-20 15:25:30.524 | chan:5,max_power:80
2026-08-20 15:25:30.525 | chan:6,max_power:80
2026-08-20 15:25:30.525 | chan:7,max_power:80
2026-08-20 15:25:30.525 | chan:8,max_power:80
2026-08-20 15:25:30.525 | chan:9,max_power:80
2026-08-20 15:25:30.525 | chan:10,max_power:80
2026-08-20 15:25:30.525 | chan:11,max_power:80
2026-08-20 15:25:30.525 | chan:12,max_power:80
2026-08-20 15:25:30.525 | chan:13,max_power:80
2026-08-20 15:25:30.525 | chan:14,max_power:80
2026-08-20 15:25:30.525 | matter_one_core: Current Free Memory: 70096, Minimum Ever Free Size: 37084, Largest Free Block: 23040
2026-08-20 15:25:30.729 | chan:1,max_power:80
2026-08-20 15:25:30.729 | chan:2,max_power:80
2026-08-20 15:25:30.729 | chan:3,max_power:80
2026-08-20 15:25:30.729 | chan:4,max_power:80
2026-08-20 15:25:30.729 | chan:5,max_power:80
2026-08-20 15:25:30.729 | chan:6,max_power:80
2026-08-20 15:25:30.729 | chan:7,max_power:80
2026-08-20 15:25:30.729 | chan:8,max_power:80
2026-08-20 15:25:30.729 | chan:9,max_power:80
2026-08-20 15:25:30.729 | chan:10,max_power:80
2026-08-20 15:25:30.729 | chan:11,max_power:80
2026-08-20 15:25:30.729 | chan:12,max_power:80
2026-08-20 15:25:30.729 | chan:13,max_power:80
2026-08-20 15:25:30.729 | chan:14,max_power:80
2026-08-20 15:25:35.628 | chan:1,max_power:80
2026-08-20 15:25:35.628 | chan:2,max_power:80
2026-08-20 15:25:35.628 | chan:3,max_power:80
2026-08-20 15:25:35.628 | chan:4,max_power:80
2026-08-20 15:25:35.628 | chan:5,max_power:80
2026-08-20 15:25:35.628 | chan:6,max_power:80
2026-08-20 15:25:35.628 | chan:7,max_power:80
2026-08-20 15:25:35.628 | chan:8,max_power:80
2026-08-20 15:25:35.628 | chan:9,max_power:80
2026-08-20 15:25:35.628 | chan:10,max_power:80
2026-08-20 15:25:35.628 | chan:11,max_power:80
2026-08-20 15:25:35.628 | chan:12,max_power:80
2026-08-20 15:25:35.628 | chan:13,max_power:80
2026-08-20 15:25:35.628 | chan:14,max_power:80
2026-08-20 15:25:35.628 | matter_one_core: Current Free Memory: 70080, Minimum Ever Free Size: 37084, Largest Free Block: 23040
2026-08-20 15:25:35.628 | chan:1,max_power:80
2026-08-20 15:25:35.629 | chan:2,max_power:80
2026-08-20 15:25:35.629 | chan:3,max_power:80
2026-08-20 15:25:35.629 | chan:4,max_power:80
2026-08-20 15:25:35.629 | chan:5,max_power:80
2026-08-20 15:25:35.629 | chan:6,max_power:80
2026-08-20 15:25:35.629 | chan:7,max_power:80
2026-08-20 15:25:35.629 | chan:8,max_power:80
2026-08-20 15:25:35.629 | chan:9,max_power:80
2026-08-20 15:25:35.629 | chan:10,max_power:80
2026-08-20 15:25:35.629 | chan:11,max_power:80
2026-08-20 15:25:35.629 | chan:12,max_power:80
2026-08-20 15:25:35.629 | chan:13,max_power:80
2026-08-20 15:25:35.629 | chan:14,max_power:80
2026-08-20 15:25:38.076 | chan:1,max_power:80
2026-08-20 15:25:38.077 | chan:2,max_power:80
2026-08-20 15:25:38.078 | chan:3,max_power:80
2026-08-20 15:25:38.078 | chan:4,max_power:80
2026-08-20 15:25:38.078 | chan:5,max_power:80
2026-08-20 15:25:38.078 | chan:6,max_power:80
2026-08-20 15:25:38.078 | chan:7,max_power:80
2026-08-20 15:25:38.078 | chan:8,max_power:80
2026-08-20 15:25:38.078 | chan:9,max_power:80
2026-08-20 15:25:38.078 | chan:10,max_power:80
2026-08-20 15:25:38.081 | chan:11,max_power:80
2026-08-20 15:25:38.081 | chan:12,max_power:80
2026-08-20 15:25:38.081 | chan:13,max_power:80
2026-08-20 15:25:38.081 | chan:14,max_power:80
2026-08-20 15:25:38.081 | matter_one_core: Current Free Memory: 70088, Minimum Ever Free Size: 37084, Largest Free Block: 23040
2026-08-20 15:25:38.285 | chan:1,max_power:80
2026-08-20 15:25:38.285 | chan:2,max_power:80
2026-08-20 15:25:38.285 | chan:3,max_power:80
2026-08-20 15:25:38.285 | chan:4,max_power:80
2026-08-20 15:25:38.285 | chan:5,max_power:80
2026-08-20 15:25:38.285 | chan:6,max_power:80
2026-08-20 15:25:38.285 | chan:7,max_power:80
2026-08-20 15:25:38.285 | chan:8,max_power:80
2026-08-20 15:25:38.285 | chan:9,max_power:80
2026-08-20 15:25:38.285 | chan:10,max_power:80
2026-08-20 15:25:38.285 | chan:11,max_power:80
2026-08-20 15:25:38.285 | chan:12,max_power:80
2026-08-20 15:25:38.285 | chan:13,max_power:80
2026-08-20 15:25:38.285 | chan:14,max_power:80
2026-08-20 15:25:40.727 | chan:1,max_power:80
2026-08-20 15:25:40.728 | chan:2,max_power:80
2026-08-20 15:25:40.728 | chan:3,max_power:80
2026-08-20 15:25:40.728 | chan:4,max_power:80
2026-08-20 15:25:40.728 | chan:5,max_power:80
2026-08-20 15:25:40.728 | chan:6,max_power:80
2026-08-20 15:25:40.728 | chan:7,max_power:80
2026-08-20 15:25:40.728 | chan:8,max_power:80
2026-08-20 15:25:40.728 | chan:9,max_power:80
2026-08-20 15:25:40.728 | chan:10,max_power:80
2026-08-20 15:25:40.728 | chan:11,max_power:80
2026-08-20 15:25:40.728 | chan:12,max_power:80
2026-08-20 15:25:40.728 | chan:13,max_power:80
2026-08-20 15:25:40.728 | chan:14,max_power:80
2026-08-20 15:25:40.728 | matter_one_core: Current Free Memory: 70100, Minimum Ever Free Size: 37084, Largest Free Block: 23040
2026-08-20 15:25:40.728 | chan:1,max_power:80
2026-08-20 15:25:40.728 | chan:2,max_power:80
2026-08-20 15:25:40.728 | chan:3,max_power:80
2026-08-20 15:25:40.728 | chan:4,max_power:80
2026-08-20 15:25:40.728 | chan:5,max_power:80
2026-08-20 15:25:40.728 | chan:6,max_power:80
2026-08-20 15:25:40.728 | chan:7,max_power:80
2026-08-20 15:25:40.728 | chan:8,max_power:80
2026-08-20 15:25:40.729 | chan:9,max_power:80
2026-08-20 15:25:40.729 | chan:10,max_power:80
2026-08-20 15:25:40.729 | chan:11,max_power:80
2026-08-20 15:25:40.729 | chan:12,max_power:80
2026-08-20 15:25:40.729 | chan:13,max_power:80
2026-08-20 15:25:40.729 | chan:14,max_power:80
2026-08-20 15:25:43.170 | chan:1,max_power:80
2026-08-20 15:25:43.170 | chan:2,max_power:80
2026-08-20 15:25:43.171 | chan:3,max_power:80
2026-08-20 15:25:43.171 | chan:4,max_power:80
2026-08-20 15:25:43.171 | chan:5,max_power:80
2026-08-20 15:25:43.171 | chan:6,max_power:80
2026-08-20 15:25:43.171 | chan:7,max_power:80
2026-08-20 15:25:43.171 | chan:8,max_power:80
2026-08-20 15:25:43.171 | chan:9,max_power:80
2026-08-20 15:25:43.171 | chan:10,max_power:80
2026-08-20 15:25:43.171 | chan:11,max_power:80
2026-08-20 15:25:43.171 | chan:12,max_power:80
2026-08-20 15:25:43.172 | chan:13,max_power:80
2026-08-20 15:25:43.172 | chan:14,max_power:80
2026-08-20 15:25:43.172 | matter_one_core: Current Free Memory: 70100, Minimum Ever Free Size: 37084, Largest Free Block: 23040
2026-08-20 15:25:43.377 | chan:1,max_power:80
2026-08-20 15:25:43.378 | chan:2,max_power:80
2026-08-20 15:25:43.378 | chan:3,max_power:80
2026-08-20 15:25:43.378 | chan:4,max_power:80
2026-08-20 15:25:43.378 | chan:5,max_power:80
2026-08-20 15:25:43.379 | chan:6,max_power:80
2026-08-20 15:25:43.379 | chan:7,max_power:80
2026-08-20 15:25:43.379 | chan:8,max_power:80
2026-08-20 15:25:43.382 | chan:9,max_power:80
2026-08-20 15:25:43.382 | chan:10,max_power:80
2026-08-20 15:25:43.383 | chan:11,max_power:80
2026-08-20 15:25:43.383 | chan:12,max_power:80
2026-08-20 15:25:43.383 | chan:13,max_power:80
2026-08-20 15:25:43.383 | chan:14,max_power:80
2026-08-20 15:25:48.282 | chan:1,max_power:80
2026-08-20 15:25:48.282 | chan:2,max_power:80
2026-08-20 15:25:48.282 | chan:3,max_power:80
2026-08-20 15:25:48.282 | chan:4,max_power:80
2026-08-20 15:25:48.282 | chan:5,max_power:80
2026-08-20 15:25:48.282 | chan:6,max_power:80
2026-08-20 15:25:48.282 | chan:7,max_power:80
2026-08-20 15:25:48.282 | chan:8,max_power:80
2026-08-20 15:25:48.282 | chan:9,max_power:80
2026-08-20 15:25:48.283 | chan:10,max_power:80
2026-08-20 15:25:48.283 | chan:11,max_power:80
2026-08-20 15:25:48.283 | chan:12,max_power:80
2026-08-20 15:25:48.283 | chan:13,max_power:80
2026-08-20 15:25:48.283 | chan:14,max_power:80
2026-08-20 15:25:48.283 | matter_one_core: Current Free Memory: 70060, Minimum Ever Free Size: 37084, Largest Free Block: 23040
2026-08-20 15:25:48.488 | chan:1,max_power:80
2026-08-20 15:25:48.488 | chan:2,max_power:80
2026-08-20 15:25:48.488 | chan:3,max_power:80
2026-08-20 15:25:48.488 | chan:4,max_power:80
2026-08-20 15:25:48.488 | chan:5,max_power:80
2026-08-20 15:25:48.488 | chan:6,max_power:80
2026-08-20 15:25:48.488 | chan:7,max_power:80
2026-08-20 15:25:48.488 | chan:8,max_power:80
2026-08-20 15:25:48.488 | chan:9,max_power:80
2026-08-20 15:25:48.488 | chan:10,max_power:80
2026-08-20 15:25:48.489 | chan:11,max_power:80
2026-08-20 15:25:48.489 | chan:12,max_power:80
2026-08-20 15:25:48.489 | chan:13,max_power:80
2026-08-20 15:25:48.489 | chan:14,max_power:80
2026-08-20 15:25:50.985 | chan:1,max_power:80
2026-08-20 15:25:50.985 | chan:2,max_power:80
2026-08-20 15:25:50.985 | chan:3,max_power:80
2026-08-20 15:25:50.985 | chan:4,max_power:80
2026-08-20 15:25:50.986 | chan:5,max_power:80
2026-08-20 15:25:50.986 | chan:6,max_power:80
2026-08-20 15:25:50.986 | chan:7,max_power:80
2026-08-20 15:25:50.986 | chan:8,max_power:80
2026-08-20 15:25:50.986 | chan:9,max_power:80
2026-08-20 15:25:50.986 | chan:10,max_power:80
2026-08-20 15:25:50.986 | chan:11,max_power:80
2026-08-20 15:25:50.986 | chan:12,max_power:80
2026-08-20 15:25:50.986 | chan:13,max_power:80
2026-08-20 15:25:50.986 | chan:14,max_power:80
2026-08-20 15:25:53.424 | chan:1,max_power:80
2026-08-20 15:25:53.425 | chan:2,max_power:80
2026-08-20 15:25:53.425 | chan:3,max_power:80
2026-08-20 15:25:53.425 | chan:4,max_power:80
2026-08-20 15:25:53.425 | chan:5,max_power:80
2026-08-20 15:25:53.425 | chan:6,max_power:80
2026-08-20 15:25:53.425 | chan:7,max_power:80
2026-08-20 15:25:53.425 | chan:8,max_power:80
2026-08-20 15:25:53.425 | chan:9,max_power:80
2026-08-20 15:25:53.425 | chan:10,max_power:80
2026-08-20 15:25:53.425 | chan:11,max_power:80
2026-08-20 15:25:53.425 | chan:12,max_power:80
2026-08-20 15:25:53.425 | chan:13,max_power:80
2026-08-20 15:25:53.425 | chan:14,max_power:80
2026-08-20 15:25:53.425 | matter_one_core: Current Free Memory: 70088, Minimum Ever Free Size: 37084, Largest Free Block: 23040
2026-08-20 15:25:53.425 | chan:1,max_power:80
2026-08-20 15:25:53.426 | chan:2,max_power:80
2026-08-20 15:25:53.426 | chan:3,max_power:80
2026-08-20 15:25:53.426 | chan:4,max_power:80
2026-08-20 15:25:53.426 | chan:5,max_power:80
2026-08-20 15:25:53.426 | chan:6,max_power:80
2026-08-20 15:25:53.426 | chan:7,max_power:80
2026-08-20 15:25:53.426 | chan:8,max_power:80
2026-08-20 15:25:53.426 | chan:9,max_power:80
2026-08-20 15:25:53.426 | chan:10,max_power:80
2026-08-20 15:25:53.426 | chan:11,max_power:80
2026-08-20 15:25:53.426 | chan:12,max_power:80
2026-08-20 15:25:53.630 | chan:13,max_power:80
2026-08-20 15:25:53.630 | chan:14,max_power:80
2026-08-20 15:25:55.876 | chan:1,max_power:80
2026-08-20 15:25:55.876 | chan:2,max_power:80
2026-08-20 15:25:55.877 | chan:3,max_power:80
2026-08-20 15:25:55.877 | chan:4,max_power:80
2026-08-20 15:25:55.877 | chan:5,max_power:80
2026-08-20 15:25:55.877 | chan:6,max_power:80
2026-08-20 15:25:55.877 | chan:7,max_power:80
2026-08-20 15:25:55.877 | chan:8,max_power:80
2026-08-20 15:25:55.877 | chan:9,max_power:80
2026-08-20 15:25:55.877 | chan:10,max_power:80
2026-08-20 15:25:55.877 | chan:11,max_power:80
2026-08-20 15:25:55.877 | chan:12,max_power:80
2026-08-20 15:25:55.877 | chan:13,max_power:80
2026-08-20 15:25:55.877 | chan:14,max_power:80
2026-08-20 15:25:56.081 | matter_one_core: Current Free Memory: 70088, Minimum Ever Free Size: 37084, Largest Free Block: 23040
2026-08-20 15:25:56.082 | chan:1,max_power:80
2026-08-20 15:25:56.082 | chan:2,max_power:80
2026-08-20 15:25:56.082 | chan:3,max_power:80
2026-08-20 15:25:56.082 | chan:4,max_power:80
2026-08-20 15:25:56.082 | chan:5,max_power:80
2026-08-20 15:25:56.083 | chan:6,max_power:80
2026-08-20 15:25:56.083 | chan:7,max_power:80
2026-08-20 15:25:56.083 | chan:8,max_power:80
2026-08-20 15:25:56.083 | chan:9,max_power:80
2026-08-20 15:25:56.083 | chan:10,max_power:80
2026-08-20 15:25:56.083 | chan:11,max_power:80
2026-08-20 15:25:56.083 | chan:12,max_power:80
2026-08-20 15:25:56.083 | chan:13,max_power:80
2026-08-20 15:25:56.083 | chan:14,max_power:80
2026-08-20 15:26:00.984 | chan:1,max_power:80
2026-08-20 15:26:00.984 | chan:2,max_power:80
2026-08-20 15:26:00.984 | chan:3,max_power:80
2026-08-20 15:26:00.984 | chan:4,max_power:80
2026-08-20 15:26:00.984 | chan:5,max_power:80
2026-08-20 15:26:00.984 | chan:6,max_power:80
2026-08-20 15:26:00.984 | chan:7,max_power:80
2026-08-20 15:26:00.984 | chan:8,max_power:80
2026-08-20 15:26:00.984 | chan:9,max_power:80
2026-08-20 15:26:00.984 | chan:10,max_power:80
2026-08-20 15:26:00.984 | chan:11,max_power:80
2026-08-20 15:26:00.985 | chan:12,max_power:80
2026-08-20 15:26:00.985 | chan:13,max_power:80
2026-08-20 15:26:00.985 | chan:14,max_power:80
2026-08-20 15:26:00.985 | matter_one_core: Current Free Memory: 70060, Minimum Ever Free Size: 37084, Largest Free Block: 23040
2026-08-20 15:26:01.190 | chan:1,max_power:80
2026-08-20 15:26:01.190 | chan:2,max_power:80
2026-08-20 15:26:01.190 | chan:3,max_power:80
2026-08-20 15:26:01.190 | chan:4,max_power:80
2026-08-20 15:26:01.190 | chan:5,max_power:80
2026-08-20 15:26:01.190 | chan:6,max_power:80
2026-08-20 15:26:01.190 | chan:7,max_power:80
2026-08-20 15:26:01.190 | chan:8,max_power:80
2026-08-20 15:26:01.191 | chan:9,max_power:80
2026-08-20 15:26:01.191 | chan:10,max_power:80
2026-08-20 15:26:01.191 | chan:11,max_power:80
2026-08-20 15:26:01.191 | chan:12,max_power:80
2026-08-20 15:26:01.191 | chan:13,max_power:80
2026-08-20 15:26:01.191 | chan:14,max_power:80
2026-08-20 15:26:03.435 | chan:1,max_power:80
2026-08-20 15:26:03.435 | chan:2,max_power:80
2026-08-20 15:26:03.436 | chan:3,max_power:80
2026-08-20 15:26:03.436 | chan:4,max_power:80
2026-08-20 15:26:03.641 | chan:5,max_power:80
2026-08-20 15:26:03.641 | chan:6,max_power:80
2026-08-20 15:26:03.642 | chan:7,max_power:80
2026-08-20 15:26:03.642 | chan:8,max_power:80
2026-08-20 15:26:03.642 | chan:9,max_power:80
2026-08-20 15:26:03.642 | chan:10,max_power:80
2026-08-20 15:26:03.642 | chan:11,max_power:80
2026-08-20 15:26:03.642 | chan:12,max_power:80
2026-08-20 15:26:03.642 | chan:13,max_power:80
2026-08-20 15:26:03.642 | chan:14,max_power:80
2026-08-20 15:26:03.642 | matter_one_core: Current Free Memory: 70088, Minimum Ever Free Size: 37084, Largest Free Block: 23040
2026-08-20 15:26:03.643 | chan:1,max_power:80
2026-08-20 15:26:03.643 | chan:2,max_power:80
2026-08-20 15:26:03.643 | chan:3,max_power:80
2026-08-20 15:26:03.643 | chan:4,max_power:80
2026-08-20 15:26:03.643 | chan:5,max_power:80
2026-08-20 15:26:03.643 | chan:6,max_power:80
2026-08-20 15:26:03.643 | chan:7,max_power:80
2026-08-20 15:26:03.643 | chan:8,max_power:80
2026-08-20 15:26:03.643 | chan:9,max_power:80
2026-08-20 15:26:03.643 | chan:10,max_power:80
2026-08-20 15:26:03.643 | chan:11,max_power:80
2026-08-20 15:26:03.643 | chan:12,max_power:80
2026-08-20 15:26:03.643 | chan:13,max_power:80
2026-08-20 15:26:03.643 | chan:14,max_power:80
2026-08-20 15:26:06.090 | chan:1,max_power:80
2026-08-20 15:26:06.091 | chan:2,max_power:80
2026-08-20 15:26:06.091 | chan:3,max_power:80
2026-08-20 15:26:06.091 | chan:4,max_power:80
2026-08-20 15:26:06.091 | chan:5,max_power:80
2026-08-20 15:26:06.091 | chan:6,max_power:80
2026-08-20 15:26:06.091 | chan:7,max_power:80
2026-08-20 15:26:06.091 | chan:8,max_power:80
2026-08-20 15:26:06.091 | chan:9,max_power:80
2026-08-20 15:26:06.091 | chan:10,max_power:80
2026-08-20 15:26:06.091 | chan:11,max_power:80
2026-08-20 15:26:06.091 | chan:12,max_power:80
2026-08-20 15:26:06.092 | chan:13,max_power:80
2026-08-20 15:26:06.092 | chan:14,max_power:80
2026-08-20 15:26:06.092 | matter_one_core: Current Free Memory: 70088, Minimum Ever Free Size: 37084, Largest Free Block: 23040
2026-08-20 15:26:06.296 | chan:1,max_power:80
2026-08-20 15:26:06.297 | chan:2,max_power:80
2026-08-20 15:26:06.297 | chan:3,max_power:80
2026-08-20 15:26:06.297 | chan:4,max_power:80
2026-08-20 15:26:06.297 | chan:5,max_power:80
2026-08-20 15:26:06.297 | chan:6,max_power:80
2026-08-20 15:26:06.298 | chan:7,max_power:80
2026-08-20 15:26:06.298 | chan:8,max_power:80
2026-08-20 15:26:06.298 | chan:9,max_power:80
2026-08-20 15:26:06.298 | chan:10,max_power:80
2026-08-20 15:26:06.298 | chan:11,max_power:80
2026-08-20 15:26:06.298 | chan:12,max_power:80
2026-08-20 15:26:06.298 | chan:13,max_power:80
2026-08-20 15:26:06.298 | chan:14,max_power:80
2026-08-20 15:26:08.537 | chan:1,max_power:80
2026-08-20 15:26:08.740 | chan:2,max_power:80
2026-08-20 15:26:08.741 | chan:3,max_power:80
2026-08-20 15:26:08.741 | chan:4,max_power:80
2026-08-20 15:26:08.741 | chan:5,max_power:80
2026-08-20 15:26:08.741 | chan:6,max_power:80
2026-08-20 15:26:08.741 | chan:7,max_power:80
2026-08-20 15:26:08.741 | chan:8,max_power:80
2026-08-20 15:26:08.741 | chan:9,max_power:80
2026-08-20 15:26:08.741 | chan:10,max_power:80
2026-08-20 15:26:08.741 | chan:11,max_power:80
2026-08-20 15:26:08.741 | chan:12,max_power:80
2026-08-20 15:26:08.741 | chan:13,max_power:80
2026-08-20 15:26:08.742 | chan:14,max_power:80
2026-08-20 15:26:08.742 | matter_one_core: Current Free Memory: 70088, Minimum Ever Free Size: 37084, Largest Free Block: 23040
2026-08-20 15:26:08.742 | chan:1,max_power:80
2026-08-20 15:26:08.742 | chan:2,max_power:80
2026-08-20 15:26:08.742 | chan:3,max_power:80
2026-08-20 15:26:08.742 | chan:4,max_power:80
2026-08-20 15:26:08.742 | chan:5,max_power:80
2026-08-20 15:26:08.742 | chan:6,max_power:80
2026-08-20 15:26:08.742 | chan:7,max_power:80
2026-08-20 15:26:08.742 | chan:8,max_power:80
2026-08-20 15:26:08.742 | chan:9,max_power:80
2026-08-20 15:26:08.742 | chan:10,max_power:80
2026-08-20 15:26:08.742 | chan:11,max_power:80
2026-08-20 15:26:08.742 | chan:12,max_power:80
2026-08-20 15:26:08.742 | chan:13,max_power:80
2026-08-20 15:26:08.742 | chan:14,max_power:80
2026-08-20 15:26:13.642 | chan:1,max_power:80
2026-08-20 15:26:13.642 | chan:2,max_power:80
2026-08-20 15:26:13.642 | chan:3,max_power:80
2026-08-20 15:26:13.642 | chan:4,max_power:80
2026-08-20 15:26:13.642 | chan:5,max_power:80
2026-08-20 15:26:13.642 | chan:6,max_power:80
2026-08-20 15:26:13.642 | chan:7,max_power:80
2026-08-20 15:26:13.643 | chan:8,max_power:80
2026-08-20 15:26:13.643 | chan:9,max_power:80
2026-08-20 15:26:13.643 | chan:10,max_power:80
2026-08-20 15:26:13.643 | chan:11,max_power:80
2026-08-20 15:26:13.643 | chan:12,max_power:80
2026-08-20 15:26:13.643 | chan:13,max_power:80
2026-08-20 15:26:13.643 | chan:14,max_power:80
2026-08-20 15:26:13.643 | matter_one_core: Current Free Memory: 69928, Minimum Ever Free Size: 37084, Largest Free Block: 23040
2026-08-20 15:26:13.848 | chan:1,max_power:80
2026-08-20 15:26:13.848 | chan:2,max_power:80
2026-08-20 15:26:13.848 | chan:3,max_power:80
2026-08-20 15:26:13.848 | chan:4,max_power:80
2026-08-20 15:26:13.848 | chan:5,max_power:80
2026-08-20 15:26:13.848 | chan:6,max_power:80
2026-08-20 15:26:13.848 | chan:7,max_power:80
2026-08-20 15:26:13.848 | chan:8,max_power:80
2026-08-20 15:26:13.848 | chan:9,max_power:80
2026-08-20 15:26:13.848 | chan:10,max_power:80
2026-08-20 15:26:13.848 | chan:11,max_power:80
2026-08-20 15:26:13.848 | chan:12,max_power:80
2026-08-20 15:26:13.848 | chan:13,max_power:80
2026-08-20 15:26:13.848 | chan:14,max_power:80
2026-08-20 15:26:16.089 | chan:1,max_power:80
2026-08-20 15:26:16.090 | chan:2,max_power:80
2026-08-20 15:26:16.090 | chan:3,max_power:80
2026-08-20 15:26:16.293 | chan:4,max_power:80
2026-08-20 15:26:16.293 | chan:5,max_power:80
2026-08-20 15:26:16.293 | chan:6,max_power:80
2026-08-20 15:26:16.293 | chan:7,max_power:80
2026-08-20 15:26:16.293 | chan:8,max_power:80
2026-08-20 15:26:16.293 | chan:9,max_power:80
2026-08-20 15:26:16.293 | chan:10,max_power:80
2026-08-20 15:26:16.294 | chan:11,max_power:80
2026-08-20 15:26:16.294 | chan:12,max_power:80
2026-08-20 15:26:16.294 | chan:13,max_power:80
2026-08-20 15:26:16.294 | chan:14,max_power:80
2026-08-20 15:26:16.294 | matter_one_core: Current Free Memory: 69956, Minimum Ever Free Size: 37084, Largest Free Block: 23040
2026-08-20 15:26:16.294 | chan:1,max_power:80
2026-08-20 15:26:16.294 | chan:2,max_power:80
2026-08-20 15:26:16.294 | chan:3,max_power:80
2026-08-20 15:26:16.294 | chan:4,max_power:80
2026-08-20 15:26:16.294 | chan:5,max_power:80
2026-08-20 15:26:16.294 | chan:6,max_power:80
2026-08-20 15:26:16.294 | chan:7,max_power:80
2026-08-20 15:26:16.294 | chan:8,max_power:80
2026-08-20 15:26:16.294 | chan:9,max_power:80
2026-08-20 15:26:16.294 | chan:10,max_power:80
2026-08-20 15:26:16.294 | chan:11,max_power:80
2026-08-20 15:26:16.294 | chan:12,max_power:80
2026-08-20 15:26:16.294 | chan:13,max_power:80
2026-08-20 15:26:16.294 | chan:14,max_power:80
2026-08-20 15:26:18.745 | chan:1,max_power:80
2026-08-20 15:26:18.745 | chan:2,max_power:80
2026-08-20 15:26:18.745 | chan:3,max_power:80
2026-08-20 15:26:18.745 | chan:4,max_power:80
2026-08-20 15:26:18.745 | chan:5,max_power:80
2026-08-20 15:26:18.745 | chan:6,max_power:80
2026-08-20 15:26:18.745 | chan:7,max_power:80
2026-08-20 15:26:18.745 | chan:8,max_power:80
2026-08-20 15:26:18.746 | chan:9,max_power:80
2026-08-20 15:26:18.746 | chan:10,max_power:80
2026-08-20 15:26:18.746 | chan:11,max_power:80
2026-08-20 15:26:18.746 | chan:12,max_power:80
2026-08-20 15:26:18.746 | chan:13,max_power:80
2026-08-20 15:26:18.746 | chan:14,max_power:80
2026-08-20 15:26:18.746 | matter_one_core: Current Free Memory: 69956, Minimum Ever Free Size: 37084, Largest Free Block: 23040
2026-08-20 15:26:18.951 | chan:1,max_power:80
2026-08-20 15:26:18.951 | chan:2,max_power:80
2026-08-20 15:26:18.951 | chan:3,max_power:80
2026-08-20 15:26:18.951 | chan:4,max_power:80
2026-08-20 15:26:18.951 | chan:5,max_power:80
2026-08-20 15:26:18.952 | chan:6,max_power:80
2026-08-20 15:26:18.952 | chan:7,max_power:80
2026-08-20 15:26:18.952 | chan:8,max_power:80
2026-08-20 15:26:18.952 | chan:9,max_power:80
2026-08-20 15:26:18.952 | chan:10,max_power:80
2026-08-20 15:26:18.952 | chan:11,max_power:80
2026-08-20 15:26:18.952 | chan:12,max_power:80
2026-08-20 15:26:18.952 | chan:13,max_power:80
2026-08-20 15:26:18.952 | chan:14,max_power:80
2026-08-20 15:26:21.398 | chan:1,max_power:80
2026-08-20 15:26:21.399 | chan:2,max_power:80
2026-08-20 15:26:21.399 | chan:3,max_power:80
2026-08-20 15:26:21.399 | chan:4,max_power:80
2026-08-20 15:26:21.399 | chan:5,max_power:80
2026-08-20 15:26:21.399 | chan:6,max_power:80
2026-08-20 15:26:21.399 | chan:7,max_power:80
2026-08-20 15:26:21.399 | chan:8,max_power:80
2026-08-20 15:26:21.400 | chan:9,max_power:80
2026-08-20 15:26:21.400 | chan:10,max_power:80
2026-08-20 15:26:21.400 | chan:11,max_power:80
2026-08-20 15:26:21.400 | chan:12,max_power:80
2026-08-20 15:26:21.400 | chan:13,max_power:80
2026-08-20 15:26:21.400 | chan:14,max_power:80
2026-08-20 15:26:21.400 | matter_one_core: Current Free Memory: 69956, Minimum Ever Free Size: 37084, Largest Free Block: 23040
2026-08-20 15:26:21.400 | chan:1,max_power:80
2026-08-20 15:26:21.400 | chan:2,max_power:80
2026-08-20 15:26:21.400 | chan:3,max_power:80
2026-08-20 15:26:21.401 | chan:4,max_power:80
2026-08-20 15:26:21.401 | chan:5,max_power:80
2026-08-20 15:26:21.401 | chan:6,max_power:80
2026-08-20 15:26:21.401 | chan:7,max_power:80
2026-08-20 15:26:21.401 | chan:8,max_power:80
2026-08-20 15:26:21.401 | chan:9,max_power:80
2026-08-20 15:26:21.401 | chan:10,max_power:80
2026-08-20 15:26:21.401 | chan:11,max_power:80
2026-08-20 15:26:21.401 | chan:12,max_power:80
2026-08-20 15:26:21.401 | chan:13,max_power:80
2026-08-20 15:26:21.401 | chan:14,max_power:80
2026-08-20 15:26:26.361 | chan:1,max_power:80
2026-08-20 15:26:26.362 | chan:2,max_power:80
2026-08-20 15:26:26.362 | chan:3,max_power:80
2026-08-20 15:26:26.362 | chan:4,max_power:80
2026-08-20 15:26:26.362 | chan:5,max_power:80
2026-08-20 15:26:26.362 | chan:6,max_power:80
2026-08-20 15:26:26.362 | chan:7,max_power:80
2026-08-20 15:26:26.362 | chan:8,max_power:80
2026-08-20 15:26:26.362 | chan:9,max_power:80
2026-08-20 15:26:26.362 | chan:10,max_power:80
2026-08-20 15:26:26.362 | chan:11,max_power:80
2026-08-20 15:26:26.362 | chan:12,max_power:80
2026-08-20 15:26:26.362 | chan:13,max_power:80
2026-08-20 15:26:26.362 | chan:14,max_power:80
2026-08-20 15:26:26.362 | matter_one_core: Current Free Memory: 69928, Minimum Ever Free Size: 37048, Largest Free Block: 23040
2026-08-20 15:26:26.362 | chan:1,max_power:80
2026-08-20 15:26:26.567 | chan:2,max_power:80
2026-08-20 15:26:26.567 | chan:3,max_power:80
2026-08-20 15:26:26.567 | chan:4,max_power:80
2026-08-20 15:26:26.567 | chan:5,max_power:80
2026-08-20 15:26:26.567 | chan:6,max_power:80
2026-08-20 15:26:26.568 | chan:7,max_power:80
2026-08-20 15:26:26.568 | chan:8,max_power:80
2026-08-20 15:26:26.568 | chan:9,max_power:80
2026-08-20 15:26:26.568 | chan:10,max_power:80
2026-08-20 15:26:26.568 | chan:11,max_power:80
2026-08-20 15:26:26.568 | chan:12,max_power:80
2026-08-20 15:26:26.568 | chan:13,max_power:80
2026-08-20 15:26:26.568 | chan:14,max_power:80
2026-08-20 15:26:28.807 | chan:1,max_power:80
2026-08-20 15:26:28.807 | chan:2,max_power:80
2026-08-20 15:26:28.807 | chan:3,max_power:80
2026-08-20 15:26:28.807 | chan:4,max_power:80
2026-08-20 15:26:29.011 | chan:5,max_power:80
2026-08-20 15:26:29.011 | chan:6,max_power:80
2026-08-20 15:26:29.011 | chan:7,max_power:80
2026-08-20 15:26:29.012 | chan:8,max_power:80
2026-08-20 15:26:29.012 | chan:9,max_power:80
2026-08-20 15:26:29.012 | chan:10,max_power:80
2026-08-20 15:26:29.012 | chan:11,max_power:80
2026-08-20 15:26:29.012 | chan:12,max_power:80
2026-08-20 15:26:29.012 | chan:13,max_power:80
2026-08-20 15:26:29.012 | chan:14,max_power:80
2026-08-20 15:26:29.012 | matter_one_core: Current Free Memory: 69956, Minimum Ever Free Size: 37048, Largest Free Block: 23040
2026-08-20 15:26:29.012 | chan:1,max_power:80
2026-08-20 15:26:29.012 | chan:2,max_power:80
2026-08-20 15:26:29.012 | chan:3,max_power:80
2026-08-20 15:26:29.012 | chan:4,max_power:80
2026-08-20 15:26:29.012 | chan:5,max_power:80
2026-08-20 15:26:29.012 | chan:6,max_power:80
2026-08-20 15:26:29.012 | chan:7,max_power:80
2026-08-20 15:26:29.012 | chan:8,max_power:80
2026-08-20 15:26:29.013 | chan:9,max_power:80
2026-08-20 15:26:29.013 | chan:10,max_power:80
2026-08-20 15:26:29.013 | chan:11,max_power:80
2026-08-20 15:26:29.013 | chan:12,max_power:80
2026-08-20 15:26:29.013 | chan:13,max_power:80
2026-08-20 15:26:29.013 | chan:14,max_power:80
2026-08-20 15:26:31.464 | chan:1,max_power:80
2026-08-20 15:26:31.464 | chan:2,max_power:80
2026-08-20 15:26:31.464 | chan:3,max_power:80
2026-08-20 15:26:31.464 | chan:4,max_power:80
2026-08-20 15:26:31.464 | chan:5,max_power:80
2026-08-20 15:26:31.465 | chan:6,max_power:80
2026-08-20 15:26:31.465 | chan:7,max_power:80
2026-08-20 15:26:31.465 | chan:8,max_power:80
2026-08-20 15:26:31.465 | chan:9,max_power:80
2026-08-20 15:26:31.465 | chan:10,max_power:80
2026-08-20 15:26:31.465 | chan:11,max_power:80
2026-08-20 15:26:31.465 | chan:12,max_power:80
2026-08-20 15:26:31.465 | chan:13,max_power:80
2026-08-20 15:26:31.465 | chan:14,max_power:80
2026-08-20 15:26:31.465 | matter_one_core: Current Free Memory: 69956, Minimum Ever Free Size: 37048, Largest Free Block: 23040
2026-08-20 15:26:31.669 | chan:1,max_power:80
2026-08-20 15:26:31.669 | chan:2,max_power:80
2026-08-20 15:26:31.669 | chan:3,max_power:80
2026-08-20 15:26:31.669 | chan:4,max_power:80
2026-08-20 15:26:31.670 | chan:5,max_power:80
2026-08-20 15:26:31.670 | chan:6,max_power:80
2026-08-20 15:26:31.670 | chan:7,max_power:80
2026-08-20 15:26:31.670 | chan:8,max_power:80
2026-08-20 15:26:31.670 | chan:9,max_power:80
2026-08-20 15:26:31.670 | chan:10,max_power:80
2026-08-20 15:26:31.670 | chan:11,max_power:80
2026-08-20 15:26:31.670 | chan:12,max_power:80
2026-08-20 15:26:31.670 | chan:13,max_power:80
2026-08-20 15:26:31.670 | chan:14,max_power:80
2026-08-20 15:26:33.908 | chan:1,max_power:80
2026-08-20 15:26:34.112 | chan:2,max_power:80
2026-08-20 15:26:34.112 | chan:3,max_power:80
2026-08-20 15:26:34.112 | chan:4,max_power:80
2026-08-20 15:26:34.113 | chan:5,max_power:80
2026-08-20 15:26:34.113 | chan:6,max_power:80
2026-08-20 15:26:34.113 | chan:7,max_power:80
2026-08-20 15:26:34.113 | chan:8,max_power:80
2026-08-20 15:26:34.113 | chan:9,max_power:80
2026-08-20 15:26:34.113 | chan:10,max_power:80
2026-08-20 15:26:34.113 | chan:11,max_power:80
2026-08-20 15:26:34.113 | chan:12,max_power:80
2026-08-20 15:26:34.113 | chan:13,max_power:80
2026-08-20 15:26:34.113 | chan:14,max_power:80
2026-08-20 15:26:34.114 | matter_one_core: Current Free Memory: 69956, Minimum Ever Free Size: 37048, Largest Free Block: 23040
2026-08-20 15:26:34.114 | chan:1,max_power:80
2026-08-20 15:26:34.114 | chan:2,max_power:80
2026-08-20 15:26:34.114 | chan:3,max_power:80
2026-08-20 15:26:34.114 | chan:4,max_power:80
2026-08-20 15:26:34.115 | chan:5,max_power:80
2026-08-20 15:26:34.115 | chan:6,max_power:80
2026-08-20 15:26:34.115 | chan:7,max_power:80
2026-08-20 15:26:34.115 | chan:8,max_power:80
2026-08-20 15:26:34.115 | chan:9,max_power:80
2026-08-20 15:26:34.117 | chan:10,max_power:80
2026-08-20 15:26:34.117 | chan:11,max_power:80
2026-08-20 15:26:34.120 | chan:12,max_power:80
2026-08-20 15:26:34.120 | chan:13,max_power:80
2026-08-20 15:26:34.120 | chan:14,max_power:80
2026-08-20 15:26:39.013 | chan:1,max_power:80
2026-08-20 15:26:39.013 | chan:2,max_power:80
2026-08-20 15:26:39.013 | chan:3,max_power:80
2026-08-20 15:26:39.013 | chan:4,max_power:80
2026-08-20 15:26:39.014 | chan:5,max_power:80
2026-08-20 15:26:39.014 | chan:6,max_power:80
2026-08-20 15:26:39.014 | chan:7,max_power:80
2026-08-20 15:26:39.014 | chan:8,max_power:80
2026-08-20 15:26:39.014 | chan:9,max_power:80
2026-08-20 15:26:39.014 | chan:10,max_power:80
2026-08-20 15:26:39.014 | chan:11,max_power:80
2026-08-20 15:26:39.014 | chan:12,max_power:80
2026-08-20 15:26:39.014 | chan:13,max_power:80
2026-08-20 15:26:39.219 | chan:14,max_power:80
2026-08-20 15:26:39.219 | matter_one_core: Current Free Memory: 69928, Minimum Ever Free Size: 37048, Largest Free Block: 23040
2026-08-20 15:26:39.219 | chan:1,max_power:80
2026-08-20 15:26:39.219 | chan:2,max_power:80
2026-08-20 15:26:39.220 | chan:3,max_power:80
2026-08-20 15:26:39.220 | chan:4,max_power:80
2026-08-20 15:26:39.220 | chan:5,max_power:80
2026-08-20 15:26:39.220 | chan:6,max_power:80
2026-08-20 15:26:39.220 | chan:7,max_power:80
2026-08-20 15:26:39.220 | chan:8,max_power:80
2026-08-20 15:26:39.220 | chan:9,max_power:80
2026-08-20 15:26:39.220 | chan:10,max_power:80
2026-08-20 15:26:39.220 | chan:11,max_power:80
2026-08-20 15:26:39.220 | chan:12,max_power:80
2026-08-20 15:26:39.221 | chan:13,max_power:80
2026-08-20 15:26:39.221 | chan:14,max_power:80
2026-08-20 15:26:41.703 | chan:1,max_power:80
2026-08-20 15:26:41.703 | chan:2,max_power:80
2026-08-20 15:26:41.703 | chan:3,max_power:80
2026-08-20 15:26:41.703 | chan:4,max_power:80
2026-08-20 15:26:41.703 | chan:5,max_power:80
2026-08-20 15:26:41.703 | chan:6,max_power:80
2026-08-20 15:26:41.703 | chan:7,max_power:80
2026-08-20 15:26:41.703 | chan:8,max_power:80
2026-08-20 15:26:41.703 | chan:9,max_power:80
2026-08-20 15:26:41.703 | chan:10,max_power:80
2026-08-20 15:26:41.703 | chan:11,max_power:80
2026-08-20 15:26:41.703 | chan:12,max_power:80
2026-08-20 15:26:41.704 | chan:13,max_power:80
2026-08-20 15:26:41.704 | chan:14,max_power:80
2026-08-20 15:26:41.704 | matter_one_core: Current Free Memory: 69956, Minimum Ever Free Size: 37048, Largest Free Block: 23040
2026-08-20 15:26:41.704 | chan:1,max_power:80
2026-08-20 15:26:41.704 | chan:2,max_power:80
2026-08-20 15:26:41.704 | chan:3,max_power:80
2026-08-20 15:26:41.704 | chan:4,max_power:80
2026-08-20 15:26:41.704 | chan:5,max_power:80
2026-08-20 15:26:41.704 | chan:6,max_power:80
2026-08-20 15:26:41.704 | chan:7,max_power:80
2026-08-20 15:26:41.704 | chan:8,max_power:80
2026-08-20 15:26:41.704 | chan:9,max_power:80
2026-08-20 15:26:41.704 | chan:10,max_power:80
2026-08-20 15:26:41.704 | chan:11,max_power:80
2026-08-20 15:26:41.704 | chan:12,max_power:80
2026-08-20 15:26:41.704 | chan:13,max_power:80
2026-08-20 15:26:41.704 | chan:14,max_power:80
2026-08-20 15:26:44.153 | chan:1,max_power:80
2026-08-20 15:26:44.153 | chan:2,max_power:80
2026-08-20 15:26:44.153 | chan:3,max_power:80
2026-08-20 15:26:44.153 | chan:4,max_power:80
2026-08-20 15:26:44.153 | chan:5,max_power:80
2026-08-20 15:26:44.153 | chan:6,max_power:80
2026-08-20 15:26:44.153 | chan:7,max_power:80
2026-08-20 15:26:44.153 | chan:8,max_power:80
2026-08-20 15:26:44.153 | chan:9,max_power:80
2026-08-20 15:26:44.153 | chan:10,max_power:80
2026-08-20 15:26:44.153 | chan:11,max_power:80
2026-08-20 15:26:44.154 | chan:12,max_power:80
2026-08-20 15:26:44.154 | chan:13,max_power:80
2026-08-20 15:26:44.154 | chan:14,max_power:80
2026-08-20 15:26:44.154 | matter_one_core: Current Free Memory: 69956, Minimum Ever Free Size: 37048, Largest Free Block: 23040
2026-08-20 15:26:44.359 | chan:1,max_power:80
2026-08-20 15:26:44.359 | chan:2,max_power:80
2026-08-20 15:26:44.359 | chan:3,max_power:80
2026-08-20 15:26:44.359 | chan:4,max_power:80
2026-08-20 15:26:44.360 | chan:5,max_power:80
2026-08-20 15:26:44.360 | chan:6,max_power:80
2026-08-20 15:26:44.360 | chan:7,max_power:80
2026-08-20 15:26:44.360 | chan:8,max_power:80
2026-08-20 15:26:44.360 | chan:9,max_power:80
2026-08-20 15:26:44.360 | chan:10,max_power:80
2026-08-20 15:26:44.360 | chan:11,max_power:80
2026-08-20 15:26:44.360 | chan:12,max_power:80
2026-08-20 15:26:44.361 | chan:13,max_power:80
2026-08-20 15:26:44.361 | chan:14,max_power:80
2026-08-20 15:26:46.805 | chan:1,max_power:80
2026-08-20 15:26:46.806 | chan:2,max_power:80
2026-08-20 15:26:46.806 | chan:3,max_power:80
2026-08-20 15:26:46.806 | chan:4,max_power:80
2026-08-20 15:26:46.806 | chan:5,max_power:80
2026-08-20 15:26:46.806 | chan:6,max_power:80
2026-08-20 15:26:46.806 | chan:7,max_power:80
2026-08-20 15:26:46.806 | chan:8,max_power:80
2026-08-20 15:26:46.806 | chan:9,max_power:80
2026-08-20 15:26:46.806 | chan:10,max_power:80
2026-08-20 15:26:46.806 | chan:11,max_power:80
2026-08-20 15:26:46.806 | chan:12,max_power:80
2026-08-20 15:26:46.806 | chan:13,max_power:80
2026-08-20 15:26:46.806 | chan:14,max_power:80
2026-08-20 15:26:46.806 | matter_one_core: Current Free Memory: 69956, Minimum Ever Free Size: 37048, Largest Free Block: 23040
2026-08-20 15:26:46.806 | chan:1,max_power:80
2026-08-20 15:26:46.806 | chan:2,max_power:80
2026-08-20 15:26:46.806 | chan:3,max_power:80
2026-08-20 15:26:46.806 | chan:4,max_power:80
2026-08-20 15:26:46.807 | chan:5,max_power:80
2026-08-20 15:26:46.807 | chan:6,max_power:80
2026-08-20 15:26:46.807 | chan:7,max_power:80
2026-08-20 15:26:46.807 | chan:8,max_power:80
2026-08-20 15:26:46.807 | chan:9,max_power:80
2026-08-20 15:26:46.807 | chan:10,max_power:80
2026-08-20 15:26:46.807 | chan:11,max_power:80
2026-08-20 15:26:46.807 | chan:12,max_power:80
2026-08-20 15:26:46.807 | chan:13,max_power:80
2026-08-20 15:26:47.011 | chan:14,max_power:80
2026-08-20 15:26:47.828 | matter_one_core: Current Free Memory: 67060, Minimum Ever Free Size: 37048, Largest Free Block: 23040
2026-08-20 15:26:47.828 | matter_one_core: Current Free Memory: 67060, Minimum Ever Free Size: 37048, Largest Free Block: 23040
2026-08-20 15:26:51.699 | chan:1,max_power:80
2026-08-20 15:26:51.699 | chan:2,max_power:80
2026-08-20 15:26:51.699 | chan:3,max_power:80
2026-08-20 15:26:51.699 | chan:4,max_power:80
2026-08-20 15:26:51.700 | chan:5,max_power:80
2026-08-20 15:26:51.700 | chan:6,max_power:80
2026-08-20 15:26:51.700 | chan:7,max_power:80
2026-08-20 15:26:51.700 | chan:8,max_power:80
2026-08-20 15:26:51.700 | chan:9,max_power:80
2026-08-20 15:26:51.700 | chan:10,max_power:80
2026-08-20 15:26:51.700 | chan:11,max_power:80
2026-08-20 15:26:51.700 | chan:12,max_power:80
2026-08-20 15:26:51.700 | chan:13,max_power:80
2026-08-20 15:26:51.701 | chan:14,max_power:80
2026-08-20 15:26:51.701 | matter_one_core: Current Free Memory: 69924, Minimum Ever Free Size: 37048, Largest Free Block: 23040
2026-08-20 15:26:51.905 | chan:1,max_power:80
2026-08-20 15:26:51.905 | chan:2,max_power:80
2026-08-20 15:26:51.905 | chan:3,max_power:80
2026-08-20 15:26:51.905 | chan:4,max_power:80
2026-08-20 15:26:51.905 | chan:5,max_power:80
2026-08-20 15:26:51.905 | chan:6,max_power:80
2026-08-20 15:26:51.905 | chan:7,max_power:80
2026-08-20 15:26:51.906 | chan:8,max_power:80
2026-08-20 15:26:51.906 | chan:9,max_power:80
2026-08-20 15:26:51.906 | chan:10,max_power:80
2026-08-20 15:26:51.906 | chan:11,max_power:80
2026-08-20 15:26:51.906 | chan:12,max_power:80
2026-08-20 15:26:51.906 | chan:13,max_power:80
2026-08-20 15:26:51.906 | chan:14,max_power:80
2026-08-20 15:26:54.342 | chan:1,max_power:80
2026-08-20 15:26:54.344 | chan:2,max_power:80
2026-08-20 15:26:54.344 | chan:3,max_power:80
2026-08-20 15:26:54.344 | chan:4,max_power:80
2026-08-20 15:26:54.344 | chan:5,max_power:80
2026-08-20 15:26:54.344 | chan:6,max_power:80
2026-08-20 15:26:54.344 | chan:7,max_power:80
2026-08-20 15:26:54.344 | chan:8,max_power:80
2026-08-20 15:26:54.344 | chan:9,max_power:80
2026-08-20 15:26:54.344 | chan:10,max_power:80
2026-08-20 15:26:54.344 | chan:11,max_power:80
2026-08-20 15:26:54.344 | chan:12,max_power:80
2026-08-20 15:26:54.344 | chan:13,max_power:80
2026-08-20 15:26:54.344 | chan:14,max_power:80
2026-08-20 15:26:54.344 | matter_one_core: Current Free Memory: 69944, Minimum Ever Free Size: 37048, Largest Free Block: 23040
2026-08-20 15:26:54.345 | chan:1,max_power:80
2026-08-20 15:26:54.345 | chan:2,max_power:80
2026-08-20 15:26:54.345 | chan:3,max_power:80
2026-08-20 15:26:54.345 | chan:4,max_power:80
2026-08-20 15:26:54.345 | chan:5,max_power:80
2026-08-20 15:26:54.345 | chan:6,max_power:80
2026-08-20 15:26:54.345 | chan:7,max_power:80
2026-08-20 15:26:54.345 | chan:8,max_power:80
2026-08-20 15:26:54.345 | chan:9,max_power:80
2026-08-20 15:26:54.345 | chan:10,max_power:80
2026-08-20 15:26:54.549 | chan:11,max_power:80
2026-08-20 15:26:54.549 | chan:12,max_power:80
2026-08-20 15:26:54.549 | chan:13,max_power:80
2026-08-20 15:26:54.549 | chan:14,max_power:80
2026-08-20 15:26:56.789 | chan:1,max_power:80
2026-08-20 15:26:56.789 | chan:2,max_power:80
2026-08-20 15:26:56.789 | chan:3,max_power:80
2026-08-20 15:26:56.789 | chan:4,max_power:80
2026-08-20 15:26:56.789 | chan:5,max_power:80
2026-08-20 15:26:56.789 | chan:6,max_power:80
2026-08-20 15:26:56.789 | chan:7,max_power:80
2026-08-20 15:26:56.789 | chan:8,max_power:80
2026-08-20 15:26:56.789 | chan:9,max_power:80
2026-08-20 15:26:56.789 | chan:10,max_power:80
2026-08-20 15:26:56.789 | chan:11,max_power:80
2026-08-20 15:26:56.789 | chan:12,max_power:80
2026-08-20 15:26:56.789 | chan:13,max_power:80
2026-08-20 15:26:56.789 | chan:14,max_power:80
2026-08-20 15:26:56.994 | matter_one_core: Current Free Memory: 69944, Minimum Ever Free Size: 37048, Largest Free Block: 23040
2026-08-20 15:26:56.994 | chan:1,max_power:80
2026-08-20 15:26:56.994 | chan:2,max_power:80
2026-08-20 15:26:56.994 | chan:3,max_power:80
2026-08-20 15:26:56.994 | chan:4,max_power:80
2026-08-20 15:26:56.994 | chan:5,max_power:80
2026-08-20 15:26:56.994 | chan:6,max_power:80
2026-08-20 15:26:56.994 | chan:7,max_power:80
2026-08-20 15:26:56.994 | chan:8,max_power:80
2026-08-20 15:26:56.994 | chan:9,max_power:80
2026-08-20 15:26:56.994 | chan:10,max_power:80
2026-08-20 15:26:56.995 | chan:11,max_power:80
2026-08-20 15:26:56.995 | chan:12,max_power:80
2026-08-20 15:26:56.995 | chan:13,max_power:80
2026-08-20 15:26:56.995 | chan:14,max_power:80
2026-08-20 15:26:59.441 | chan:1,max_power:80
2026-08-20 15:26:59.442 | chan:2,max_power:80
2026-08-20 15:26:59.442 | chan:3,max_power:80
2026-08-20 15:26:59.442 | chan:4,max_power:80
2026-08-20 15:26:59.442 | chan:5,max_power:80
2026-08-20 15:26:59.442 | chan:6,max_power:80
2026-08-20 15:26:59.442 | chan:7,max_power:80
2026-08-20 15:26:59.442 | chan:8,max_power:80
2026-08-20 15:26:59.442 | chan:9,max_power:80
2026-08-20 15:26:59.442 | chan:10,max_power:80
2026-08-20 15:26:59.442 | chan:11,max_power:80
2026-08-20 15:26:59.442 | chan:12,max_power:80
2026-08-20 15:26:59.442 | chan:13,max_power:80
2026-08-20 15:26:59.442 | chan:14,max_power:80
2026-08-20 15:26:59.442 | matter_one_core: Current Free Memory: 69944, Minimum Ever Free Size: 37048, Largest Free Block: 23040
2026-08-20 15:26:59.442 | chan:1,max_power:80
2026-08-20 15:26:59.442 | chan:2,max_power:80
2026-08-20 15:26:59.443 | chan:3,max_power:80
2026-08-20 15:26:59.443 | chan:4,max_power:80
2026-08-20 15:26:59.443 | chan:5,max_power:80
2026-08-20 15:26:59.443 | chan:6,max_power:80
2026-08-20 15:26:59.646 | chan:7,max_power:80
2026-08-20 15:26:59.646 | chan:8,max_power:80
2026-08-20 15:26:59.646 | chan:9,max_power:80
2026-08-20 15:26:59.646 | chan:10,max_power:80
2026-08-20 15:26:59.646 | chan:11,max_power:80
2026-08-20 15:26:59.646 | chan:12,max_power:80
2026-08-20 15:26:59.646 | chan:13,max_power:80
2026-08-20 15:26:59.646 | chan:14,max_power:80
2026-08-20 15:27:04.335 | chan:1,max_power:80
2026-08-20 15:27:04.335 | chan:2,max_power:80
2026-08-20 15:27:04.336 | chan:3,max_power:80
2026-08-20 15:27:04.336 | chan:4,max_power:80
2026-08-20 15:27:04.336 | chan:5,max_power:80
2026-08-20 15:27:04.336 | chan:6,max_power:80
2026-08-20 15:27:04.540 | chan:7,max_power:80
2026-08-20 15:27:04.540 | chan:8,max_power:80
2026-08-20 15:27:04.540 | chan:9,max_power:80
2026-08-20 15:27:04.540 | chan:10,max_power:80
2026-08-20 15:27:04.540 | chan:11,max_power:80
2026-08-20 15:27:04.540 | chan:12,max_power:80
2026-08-20 15:27:04.540 | chan:13,max_power:80
2026-08-20 15:27:04.540 | chan:14,max_power:80
2026-08-20 15:27:04.540 | matter_one_core: Current Free Memory: 69916, Minimum Ever Free Size: 37028, Largest Free Block: 23040
2026-08-20 15:27:04.541 | chan:1,max_power:80
2026-08-20 15:27:04.541 | chan:2,max_power:80
2026-08-20 15:27:04.541 | chan:3,max_power:80
2026-08-20 15:27:04.541 | chan:4,max_power:80
2026-08-20 15:27:04.541 | chan:5,max_power:80
2026-08-20 15:27:04.541 | chan:6,max_power:80
2026-08-20 15:27:04.541 | chan:7,max_power:80
2026-08-20 15:27:04.541 | chan:8,max_power:80
2026-08-20 15:27:04.541 | chan:9,max_power:80
2026-08-20 15:27:04.541 | chan:10,max_power:80
2026-08-20 15:27:04.541 | chan:11,max_power:80
2026-08-20 15:27:04.541 | chan:12,max_power:80
2026-08-20 15:27:04.541 | chan:13,max_power:80
2026-08-20 15:27:04.541 | chan:14,max_power:80
2026-08-20 15:27:06.988 | chan:1,max_power:80
2026-08-20 15:27:06.988 | chan:2,max_power:80
2026-08-20 15:27:06.988 | chan:3,max_power:80
2026-08-20 15:27:06.988 | chan:4,max_power:80
2026-08-20 15:27:06.988 | chan:5,max_power:80
2026-08-20 15:27:06.988 | chan:6,max_power:80
2026-08-20 15:27:06.988 | chan:7,max_power:80
2026-08-20 15:27:06.988 | chan:8,max_power:80
2026-08-20 15:27:06.989 | chan:9,max_power:80
2026-08-20 15:27:06.989 | chan:10,max_power:80
2026-08-20 15:27:06.989 | chan:11,max_power:80
2026-08-20 15:27:06.989 | chan:12,max_power:80
2026-08-20 15:27:06.989 | chan:13,max_power:80
2026-08-20 15:27:06.989 | chan:14,max_power:80
2026-08-20 15:27:06.989 | matter_one_core: Current Free Memory: 69944, Minimum Ever Free Size: 37028, Largest Free Block: 23040
2026-08-20 15:27:07.191 | chan:1,max_power:80
2026-08-20 15:27:07.192 | chan:2,max_power:80
2026-08-20 15:27:07.192 | chan:3,max_power:80
2026-08-20 15:27:07.192 | chan:4,max_power:80
2026-08-20 15:27:07.192 | chan:5,max_power:80
2026-08-20 15:27:07.192 | chan:6,max_power:80
2026-08-20 15:27:07.192 | chan:7,max_power:80
2026-08-20 15:27:07.192 | chan:8,max_power:80
2026-08-20 15:27:07.192 | chan:9,max_power:80
2026-08-20 15:27:07.192 | chan:10,max_power:80
2026-08-20 15:27:07.192 | chan:11,max_power:80
2026-08-20 15:27:07.192 | chan:12,max_power:80
2026-08-20 15:27:07.192 | chan:13,max_power:80
2026-08-20 15:27:07.192 | chan:14,max_power:80
2026-08-20 15:27:09.629 | chan:1,max_power:80
2026-08-20 15:27:09.629 | chan:2,max_power:80
2026-08-20 15:27:09.630 | chan:3,max_power:80
2026-08-20 15:27:09.630 | chan:4,max_power:80
2026-08-20 15:27:09.630 | chan:5,max_power:80
2026-08-20 15:27:09.630 | chan:6,max_power:80
2026-08-20 15:27:09.630 | chan:7,max_power:80
2026-08-20 15:27:09.630 | chan:8,max_power:80
2026-08-20 15:27:09.630 | chan:9,max_power:80
2026-08-20 15:27:09.630 | chan:10,max_power:80
2026-08-20 15:27:09.630 | chan:11,max_power:80
2026-08-20 15:27:09.630 | chan:12,max_power:80
2026-08-20 15:27:09.630 | chan:13,max_power:80
2026-08-20 15:27:09.630 | chan:14,max_power:80
2026-08-20 15:27:09.630 | matter_one_core: Current Free Memory: 69944, Minimum Ever Free Size: 37028, Largest Free Block: 23040
2026-08-20 15:27:09.630 | chan:1,max_power:80
2026-08-20 15:27:09.630 | chan:2,max_power:80
2026-08-20 15:27:09.630 | chan:3,max_power:80
2026-08-20 15:27:09.630 | chan:4,max_power:80
2026-08-20 15:27:09.630 | chan:5,max_power:80
2026-08-20 15:27:09.630 | chan:6,max_power:80
2026-08-20 15:27:09.630 | chan:7,max_power:80
2026-08-20 15:27:09.630 | chan:8,max_power:80
2026-08-20 15:27:09.630 | chan:9,max_power:80
2026-08-20 15:27:09.630 | chan:10,max_power:80
2026-08-20 15:27:09.631 | chan:11,max_power:80
2026-08-20 15:27:09.631 | chan:12,max_power:80
2026-08-20 15:27:09.631 | chan:13,max_power:80
2026-08-20 15:27:09.631 | chan:14,max_power:80
2026-08-20 15:27:12.081 | chan:1,max_power:80
2026-08-20 15:27:12.081 | chan:2,max_power:80
2026-08-20 15:27:12.081 | chan:3,max_power:80
2026-08-20 15:27:12.081 | chan:4,max_power:80
2026-08-20 15:27:12.081 | chan:5,max_power:80
2026-08-20 15:27:12.081 | chan:6,max_power:80
2026-08-20 15:27:12.082 | chan:7,max_power:80
2026-08-20 15:27:12.082 | chan:8,max_power:80
2026-08-20 15:27:12.082 | chan:9,max_power:80
2026-08-20 15:27:12.082 | chan:10,max_power:80
2026-08-20 15:27:12.082 | chan:11,max_power:80
2026-08-20 15:27:12.082 | chan:12,max_power:80
2026-08-20 15:27:12.082 | chan:13,max_power:80
2026-08-20 15:27:12.082 | chan:14,max_power:80
2026-08-20 15:27:12.082 | matter_one_core: Current Free Memory: 69944, Minimum Ever Free Size: 37028, Largest Free Block: 23040
2026-08-20 15:27:12.287 | chan:1,max_power:80
2026-08-20 15:27:12.287 | chan:2,max_power:80
2026-08-20 15:27:12.287 | chan:3,max_power:80
2026-08-20 15:27:12.287 | chan:4,max_power:80
2026-08-20 15:27:12.287 | chan:5,max_power:80
2026-08-20 15:27:12.287 | chan:6,max_power:80
2026-08-20 15:27:12.287 | chan:7,max_power:80
2026-08-20 15:27:12.287 | chan:8,max_power:80
2026-08-20 15:27:12.288 | chan:9,max_power:80
2026-08-20 15:27:12.288 | chan:10,max_power:80
2026-08-20 15:27:12.288 | chan:11,max_power:80
2026-08-20 15:27:12.288 | chan:12,max_power:80
2026-08-20 15:27:12.288 | chan:13,max_power:80
2026-08-20 15:27:12.288 | chan:14,max_power:80
2026-08-20 15:27:17.180 | chan:1,max_power:80
2026-08-20 15:27:17.180 | chan:2,max_power:80
2026-08-20 15:27:17.181 | chan:3,max_power:80
2026-08-20 15:27:17.181 | chan:4,max_power:80
2026-08-20 15:27:17.181 | chan:5,max_power:80
2026-08-20 15:27:17.181 | chan:6,max_power:80
2026-08-20 15:27:17.181 | chan:7,max_power:80
2026-08-20 15:27:17.181 | chan:8,max_power:80
2026-08-20 15:27:17.181 | chan:9,max_power:80
2026-08-20 15:27:17.182 | chan:10,max_power:80
2026-08-20 15:27:17.182 | chan:11,max_power:80
2026-08-20 15:27:17.182 | chan:12,max_power:80
2026-08-20 15:27:17.182 | chan:13,max_power:80
2026-08-20 15:27:17.182 | chan:14,max_power:80
2026-08-20 15:27:17.182 | matter_one_core: Current Free Memory: 69916, Minimum Ever Free Size: 37028, Largest Free Block: 23040
2026-08-20 15:27:17.182 | chan:1,max_power:80
2026-08-20 15:27:17.182 | chan:2,max_power:80
2026-08-20 15:27:17.182 | chan:3,max_power:80
2026-08-20 15:27:17.182 | chan:4,max_power:80
2026-08-20 15:27:17.182 | chan:5,max_power:80
2026-08-20 15:27:17.182 | chan:6,max_power:80
2026-08-20 15:27:17.182 | chan:7,max_power:80
2026-08-20 15:27:17.182 | chan:8,max_power:80
2026-08-20 15:27:17.182 | chan:9,max_power:80
2026-08-20 15:27:17.386 | chan:10,max_power:80
2026-08-20 15:27:17.386 | chan:11,max_power:80
2026-08-20 15:27:17.387 | chan:12,max_power:80
2026-08-20 15:27:17.387 | chan:13,max_power:80
2026-08-20 15:27:17.387 | chan:14,max_power:80
2026-08-20 15:27:19.630 | chan:1,max_power:80
2026-08-20 15:27:19.630 | chan:2,max_power:80
2026-08-20 15:27:19.630 | chan:3,max_power:80
2026-08-20 15:27:19.630 | chan:4,max_power:80
2026-08-20 15:27:19.630 | chan:5,max_power:80
2026-08-20 15:27:19.630 | chan:6,max_power:80
2026-08-20 15:27:19.630 | chan:7,max_power:80
2026-08-20 15:27:19.630 | chan:8,max_power:80
2026-08-20 15:27:19.630 | chan:9,max_power:80
2026-08-20 15:27:19.630 | chan:10,max_power:80
2026-08-20 15:27:19.630 | chan:11,max_power:80
2026-08-20 15:27:19.631 | chan:12,max_power:80
2026-08-20 15:27:19.631 | chan:13,max_power:80
2026-08-20 15:27:19.631 | chan:14,max_power:80
2026-08-20 15:27:19.832 | matter_one_core: Current Free Memory: 69944, Minimum Ever Free Size: 37028, Largest Free Block: 23040
2026-08-20 15:27:19.833 | chan:1,max_power:80
2026-08-20 15:27:19.833 | chan:2,max_power:80
2026-08-20 15:27:19.833 | chan:3,max_power:80
2026-08-20 15:27:19.833 | chan:4,max_power:80
2026-08-20 15:27:19.833 | chan:5,max_power:80
2026-08-20 15:27:19.833 | chan:6,max_power:80
2026-08-20 15:27:19.833 | chan:7,max_power:80
2026-08-20 15:27:19.833 | chan:8,max_power:80
2026-08-20 15:27:19.833 | chan:9,max_power:80
2026-08-20 15:27:19.833 | chan:10,max_power:80
2026-08-20 15:27:19.833 | chan:11,max_power:80
2026-08-20 15:27:19.833 | chan:12,max_power:80
2026-08-20 15:27:19.833 | chan:13,max_power:80
2026-08-20 15:27:19.833 | chan:14,max_power:80
2026-08-20 15:27:22.273 | chan:1,max_power:80
2026-08-20 15:27:22.274 | chan:2,max_power:80
2026-08-20 15:27:22.274 | chan:3,max_power:80
2026-08-20 15:27:22.274 | chan:4,max_power:80
2026-08-20 15:27:22.274 | chan:5,max_power:80
2026-08-20 15:27:22.274 | chan:6,max_power:80
2026-08-20 15:27:22.274 | chan:7,max_power:80
2026-08-20 15:27:22.274 | chan:8,max_power:80
2026-08-20 15:27:22.274 | chan:9,max_power:80
2026-08-20 15:27:22.274 | chan:10,max_power:80
2026-08-20 15:27:22.274 | chan:11,max_power:80
2026-08-20 15:27:22.274 | chan:12,max_power:80
2026-08-20 15:27:22.274 | chan:13,max_power:80
2026-08-20 15:27:22.274 | chan:14,max_power:80
2026-08-20 15:27:22.274 | matter_one_core: Current Free Memory: 69944, Minimum Ever Free Size: 37028, Largest Free Block: 23040
2026-08-20 15:27:22.275 | chan:1,max_power:80
2026-08-20 15:27:22.479 | chan:2,max_power:80
2026-08-20 15:27:22.479 | chan:3,max_power:80
2026-08-20 15:27:22.479 | chan:4,max_power:80
2026-08-20 15:27:22.479 | chan:5,max_power:80
2026-08-20 15:27:22.479 | chan:6,max_power:80
2026-08-20 15:27:22.480 | chan:7,max_power:80
2026-08-20 15:27:22.480 | chan:8,max_power:80
2026-08-20 15:27:22.480 | chan:9,max_power:80
2026-08-20 15:27:22.480 | chan:10,max_power:80
2026-08-20 15:27:22.480 | chan:11,max_power:80
2026-08-20 15:27:22.480 | chan:12,max_power:80
2026-08-20 15:27:22.480 | chan:13,max_power:80
2026-08-20 15:27:22.480 | chan:14,max_power:80
2026-08-20 15:27:24.724 | chan:1,max_power:80
2026-08-20 15:27:24.724 | chan:2,max_power:80
2026-08-20 15:27:24.724 | chan:3,max_power:80
2026-08-20 15:27:24.724 | chan:4,max_power:80
2026-08-20 15:27:24.724 | chan:5,max_power:80
2026-08-20 15:27:24.724 | chan:6,max_power:80
2026-08-20 15:27:24.724 | chan:7,max_power:80
2026-08-20 15:27:24.725 | chan:8,max_power:80
2026-08-20 15:27:24.725 | chan:9,max_power:80
2026-08-20 15:27:24.929 | chan:10,max_power:80
2026-08-20 15:27:24.929 | chan:11,max_power:80
2026-08-20 15:27:24.929 | chan:12,max_power:80
2026-08-20 15:27:24.929 | chan:13,max_power:80
2026-08-20 15:27:24.929 | chan:14,max_power:80
2026-08-20 15:27:24.929 | matter_one_core: Current Free Memory: 69944, Minimum Ever Free Size: 37028, Largest Free Block: 23040
2026-08-20 15:27:24.929 | chan:1,max_power:80
2026-08-20 15:27:24.929 | chan:2,max_power:80
2026-08-20 15:27:24.930 | chan:3,max_power:80
2026-08-20 15:27:24.930 | chan:4,max_power:80
2026-08-20 15:27:24.930 | chan:5,max_power:80
2026-08-20 15:27:24.930 | chan:6,max_power:80
2026-08-20 15:27:24.930 | chan:7,max_power:80
2026-08-20 15:27:24.930 | chan:8,max_power:80
2026-08-20 15:27:24.930 | chan:9,max_power:80
2026-08-20 15:27:24.930 | chan:10,max_power:80
2026-08-20 15:27:24.930 | chan:11,max_power:80
2026-08-20 15:27:24.930 | chan:12,max_power:80
2026-08-20 15:27:24.930 | chan:13,max_power:80
2026-08-20 15:27:24.930 | chan:14,max_power:80
2026-08-20 15:27:29.820 | chan:1,max_power:80
2026-08-20 15:27:29.820 | chan:2,max_power:80
2026-08-20 15:27:29.820 | chan:3,max_power:80
2026-08-20 15:27:29.821 | chan:4,max_power:80
2026-08-20 15:27:29.821 | chan:5,max_power:80
2026-08-20 15:27:29.821 | chan:6,max_power:80
2026-08-20 15:27:29.821 | chan:7,max_power:80
2026-08-20 15:27:29.821 | chan:8,max_power:80
2026-08-20 15:27:29.821 | chan:9,max_power:80
2026-08-20 15:27:29.821 | chan:10,max_power:80
2026-08-20 15:27:29.821 | chan:11,max_power:80
2026-08-20 15:27:29.821 | chan:12,max_power:80
2026-08-20 15:27:29.821 | chan:13,max_power:80
2026-08-20 15:27:29.821 | chan:14,max_power:80
2026-08-20 15:27:29.821 | matter_one_core: Current Free Memory: 69916, Minimum Ever Free Size: 36980, Largest Free Block: 23040
2026-08-20 15:27:30.026 | chan:1,max_power:80
2026-08-20 15:27:30.026 | chan:2,max_power:80
2026-08-20 15:27:30.026 | chan:3,max_power:80
2026-08-20 15:27:30.026 | chan:4,max_power:80
2026-08-20 15:27:30.026 | chan:5,max_power:80
2026-08-20 15:27:30.026 | chan:6,max_power:80
2026-08-20 15:27:30.026 | chan:7,max_power:80
2026-08-20 15:27:30.026 | chan:8,max_power:80
2026-08-20 15:27:30.026 | chan:9,max_power:80
2026-08-20 15:27:30.026 | chan:10,max_power:80
2026-08-20 15:27:30.026 | chan:11,max_power:80
2026-08-20 15:27:30.026 | chan:12,max_power:80
2026-08-20 15:27:30.026 | chan:13,max_power:80
2026-08-20 15:27:30.026 | chan:14,max_power:80
2026-08-20 15:27:32.466 | chan:1,max_power:80
2026-08-20 15:27:32.466 | chan:2,max_power:80
2026-08-20 15:27:32.466 | chan:3,max_power:80
2026-08-20 15:27:32.467 | chan:4,max_power:80
2026-08-20 15:27:32.467 | chan:5,max_power:80
2026-08-20 15:27:32.467 | chan:6,max_power:80
2026-08-20 15:27:32.467 | chan:7,max_power:80
2026-08-20 15:27:32.467 | chan:8,max_power:80
2026-08-20 15:27:32.467 | chan:9,max_power:80
2026-08-20 15:27:32.467 | chan:10,max_power:80
2026-08-20 15:27:32.467 | chan:11,max_power:80
2026-08-20 15:27:32.467 | chan:12,max_power:80
2026-08-20 15:27:32.467 | chan:13,max_power:80
2026-08-20 15:27:32.467 | chan:14,max_power:80
2026-08-20 15:27:32.467 | matter_one_core: Current Free Memory: 69944, Minimum Ever Free Size: 36980, Largest Free Block: 23040
2026-08-20 15:27:32.467 | chan:1,max_power:80
2026-08-20 15:27:32.467 | chan:2,max_power:80
2026-08-20 15:27:32.467 | chan:3,max_power:80
2026-08-20 15:27:32.467 | chan:4,max_power:80
2026-08-20 15:27:32.468 | chan:5,max_power:80
2026-08-20 15:27:32.468 | chan:6,max_power:80
2026-08-20 15:27:32.468 | chan:7,max_power:80
2026-08-20 15:27:32.468 | chan:8,max_power:80
2026-08-20 15:27:32.468 | chan:9,max_power:80
2026-08-20 15:27:32.468 | chan:10,max_power:80
2026-08-20 15:27:32.468 | chan:11,max_power:80
2026-08-20 15:27:32.468 | chan:12,max_power:80
2026-08-20 15:27:32.468 | chan:13,max_power:80
2026-08-20 15:27:32.468 | chan:14,max_power:80
2026-08-20 15:27:34.916 | chan:1,max_power:80
2026-08-20 15:27:34.916 | chan:2,max_power:80
2026-08-20 15:27:34.916 | chan:3,max_power:80
2026-08-20 15:27:34.916 | chan:4,max_power:80
2026-08-20 15:27:34.916 | chan:5,max_power:80
2026-08-20 15:27:34.916 | chan:6,max_power:80
2026-08-20 15:27:34.916 | chan:7,max_power:80
2026-08-20 15:27:34.916 | chan:8,max_power:80
2026-08-20 15:27:34.917 | chan:9,max_power:80
2026-08-20 15:27:34.917 | chan:10,max_power:80
2026-08-20 15:27:34.917 | chan:11,max_power:80
2026-08-20 15:27:34.917 | chan:12,max_power:80
2026-08-20 15:27:34.917 | chan:13,max_power:80
2026-08-20 15:27:34.917 | chan:14,max_power:80
2026-08-20 15:27:34.917 | matter_one_core: Current Free Memory: 69944, Minimum Ever Free Size: 36980, Largest Free Block: 23040
2026-08-20 15:27:35.122 | chan:1,max_power:80
2026-08-20 15:27:35.122 | chan:2,max_power:80
2026-08-20 15:27:35.122 | chan:3,max_power:80
2026-08-20 15:27:35.123 | chan:4,max_power:80
2026-08-20 15:27:35.123 | chan:5,max_power:80
2026-08-20 15:27:35.123 | chan:6,max_power:80
2026-08-20 15:27:35.123 | chan:7,max_power:80
2026-08-20 15:27:35.123 | chan:8,max_power:80
2026-08-20 15:27:35.123 | chan:9,max_power:80
2026-08-20 15:27:35.123 | chan:10,max_power:80
2026-08-20 15:27:35.123 | chan:11,max_power:80
2026-08-20 15:27:35.123 | chan:12,max_power:80
2026-08-20 15:27:35.123 | chan:13,max_power:80
2026-08-20 15:27:35.123 | chan:14,max_power:80
2026-08-20 15:27:37.571 | chan:1,max_power:80
2026-08-20 15:27:37.572 | chan:2,max_power:80
2026-08-20 15:27:37.572 | chan:3,max_power:80
2026-08-20 15:27:37.572 | chan:4,max_power:80
2026-08-20 15:27:37.572 | chan:5,max_power:80
2026-08-20 15:27:37.572 | chan:6,max_power:80
2026-08-20 15:27:37.572 | chan:7,max_power:80
2026-08-20 15:27:37.572 | chan:8,max_power:80
2026-08-20 15:27:37.572 | chan:9,max_power:80
2026-08-20 15:27:37.572 | chan:10,max_power:80
2026-08-20 15:27:37.572 | chan:11,max_power:80
2026-08-20 15:27:37.572 | chan:12,max_power:80
2026-08-20 15:27:37.572 | chan:13,max_power:80
2026-08-20 15:27:37.572 | chan:14,max_power:80
2026-08-20 15:27:37.572 | matter_one_core: Current Free Memory: 69944, Minimum Ever Free Size: 36980, Largest Free Block: 23040
2026-08-20 15:27:37.572 | chan:1,max_power:80
2026-08-20 15:27:37.573 | chan:2,max_power:80
2026-08-20 15:27:37.573 | chan:3,max_power:80
2026-08-20 15:27:37.573 | chan:4,max_power:80
2026-08-20 15:27:37.573 | chan:5,max_power:80
2026-08-20 15:27:37.573 | chan:6,max_power:80
2026-08-20 15:27:37.573 | chan:7,max_power:80
2026-08-20 15:27:37.573 | chan:8,max_power:80
2026-08-20 15:27:37.573 | chan:9,max_power:80
2026-08-20 15:27:37.573 | chan:10,max_power:80
2026-08-20 15:27:37.573 | chan:11,max_power:80
2026-08-20 15:27:37.573 | chan:12,max_power:80
2026-08-20 15:27:37.573 | chan:13,max_power:80
2026-08-20 15:27:37.573 | chan:14,max_power:80
2026-08-20 15:27:42.464 | chan:1,max_power:80
2026-08-20 15:27:42.464 | chan:2,max_power:80
2026-08-20 15:27:42.464 | chan:3,max_power:80
2026-08-20 15:27:42.464 | chan:4,max_power:80
2026-08-20 15:27:42.464 | chan:5,max_power:80
2026-08-20 15:27:42.464 | chan:6,max_power:80
2026-08-20 15:27:42.464 | chan:7,max_power:80
2026-08-20 15:27:42.465 | chan:8,max_power:80
2026-08-20 15:27:42.465 | chan:9,max_power:80
2026-08-20 15:27:42.465 | chan:10,max_power:80
2026-08-20 15:27:42.465 | chan:11,max_power:80
2026-08-20 15:27:42.465 | chan:12,max_power:80
2026-08-20 15:27:42.465 | chan:13,max_power:80
2026-08-20 15:27:42.465 | chan:14,max_power:80
2026-08-20 15:27:42.670 | matter_one_core: Current Free Memory: 69916, Minimum Ever Free Size: 36980, Largest Free Block: 23040
2026-08-20 15:27:42.671 | chan:1,max_power:80
2026-08-20 15:27:42.671 | chan:2,max_power:80
2026-08-20 15:27:42.671 | chan:3,max_power:80
2026-08-20 15:27:42.671 | chan:4,max_power:80
2026-08-20 15:27:42.671 | chan:5,max_power:80
2026-08-20 15:27:42.671 | chan:6,max_power:80
2026-08-20 15:27:42.671 | chan:7,max_power:80
2026-08-20 15:27:42.671 | chan:8,max_power:80
2026-08-20 15:27:42.671 | chan:9,max_power:80
2026-08-20 15:27:42.671 | chan:10,max_power:80
2026-08-20 15:27:42.671 | chan:11,max_power:80
2026-08-20 15:27:42.671 | chan:12,max_power:80
2026-08-20 15:27:42.671 | chan:13,max_power:80
2026-08-20 15:27:42.671 | chan:14,max_power:80
2026-08-20 15:27:45.117 | chan:1,max_power:80
2026-08-20 15:27:45.118 | chan:2,max_power:80
2026-08-20 15:27:45.118 | chan:3,max_power:80
2026-08-20 15:27:45.118 | chan:4,max_power:80
2026-08-20 15:27:45.118 | chan:5,max_power:80
2026-08-20 15:27:45.118 | chan:6,max_power:80
2026-08-20 15:27:45.118 | chan:7,max_power:80
2026-08-20 15:27:45.118 | chan:8,max_power:80
2026-08-20 15:27:45.118 | chan:9,max_power:80
2026-08-20 15:27:45.118 | chan:10,max_power:80
2026-08-20 15:27:45.118 | chan:11,max_power:80
2026-08-20 15:27:45.118 | chan:12,max_power:80
2026-08-20 15:27:45.118 | chan:13,max_power:80
2026-08-20 15:27:45.118 | chan:14,max_power:80
2026-08-20 15:27:45.118 | matter_one_core: Current Free Memory: 69944, Minimum Ever Free Size: 36980, Largest Free Block: 23040
2026-08-20 15:27:45.118 | chan:1,max_power:80
2026-08-20 15:27:45.118 | chan:2,max_power:80
2026-08-20 15:27:45.119 | chan:3,max_power:80
2026-08-20 15:27:45.119 | chan:4,max_power:80
2026-08-20 15:27:45.323 | chan:5,max_power:80
2026-08-20 15:27:45.323 | chan:6,max_power:80
2026-08-20 15:27:45.323 | chan:7,max_power:80
2026-08-20 15:27:45.323 | chan:8,max_power:80
2026-08-20 15:27:45.323 | chan:9,max_power:80
2026-08-20 15:27:45.323 | chan:10,max_power:80
2026-08-20 15:27:45.323 | chan:11,max_power:80
2026-08-20 15:27:45.324 | chan:12,max_power:80
2026-08-20 15:27:45.324 | chan:13,max_power:80
2026-08-20 15:27:45.324 | chan:14,max_power:80
2026-08-20 15:27:47.568 | chan:1,max_power:80
2026-08-20 15:27:47.568 | chan:2,max_power:80
2026-08-20 15:27:47.568 | chan:3,max_power:80
2026-08-20 15:27:47.568 | chan:4,max_power:80
2026-08-20 15:27:47.568 | chan:5,max_power:80
2026-08-20 15:27:47.568 | chan:6,max_power:80
2026-08-20 15:27:47.568 | chan:7,max_power:80
2026-08-20 15:27:47.568 | chan:8,max_power:80
2026-08-20 15:27:47.568 | chan:9,max_power:80
2026-08-20 15:27:47.568 | chan:10,max_power:80
2026-08-20 15:27:47.568 | chan:11,max_power:80
2026-08-20 15:27:47.568 | chan:12,max_power:80
2026-08-20 15:27:47.773 | chan:13,max_power:80
2026-08-20 15:27:47.773 | chan:14,max_power:80
2026-08-20 15:27:47.773 | matter_one_core: Current Free Memory: 69944, Minimum Ever Free Size: 36980, Largest Free Block: 23040
2026-08-20 15:27:47.773 | chan:1,max_power:80
2026-08-20 15:27:47.773 | chan:2,max_power:80
2026-08-20 15:27:47.773 | chan:3,max_power:80
2026-08-20 15:27:47.773 | chan:4,max_power:80
2026-08-20 15:27:47.773 | chan:5,max_power:80
2026-08-20 15:27:47.773 | chan:6,max_power:80
2026-08-20 15:27:47.773 | chan:7,max_power:80
2026-08-20 15:27:47.774 | chan:8,max_power:80
2026-08-20 15:27:47.774 | chan:9,max_power:80
2026-08-20 15:27:47.774 | chan:10,max_power:80
2026-08-20 15:27:47.774 | chan:11,max_power:80
2026-08-20 15:27:47.774 | chan:12,max_power:80
2026-08-20 15:27:47.774 | chan:13,max_power:80
2026-08-20 15:27:47.774 | chan:14,max_power:80
2026-08-20 15:27:50.215 | chan:1,max_power:80
2026-08-20 15:27:50.215 | chan:2,max_power:80
2026-08-20 15:27:50.215 | chan:3,max_power:80
2026-08-20 15:27:50.216 | chan:4,max_power:80
2026-08-20 15:27:50.216 | chan:5,max_power:80
2026-08-20 15:27:50.216 | chan:6,max_power:80
2026-08-20 15:27:50.216 | chan:7,max_power:80
2026-08-20 15:27:50.216 | chan:8,max_power:80
2026-08-20 15:27:50.216 | chan:9,max_power:80
2026-08-20 15:27:50.216 | chan:10,max_power:80
2026-08-20 15:27:50.216 | chan:11,max_power:80
2026-08-20 15:27:50.216 | chan:12,max_power:80
2026-08-20 15:27:50.216 | chan:13,max_power:80
2026-08-20 15:27:50.216 | chan:14,max_power:80
2026-08-20 15:27:50.216 | matter_one_core: Current Free Memory: 69944, Minimum Ever Free Size: 36980, Largest Free Block: 23040
2026-08-20 15:27:50.421 | chan:1,max_power:80
2026-08-20 15:27:50.421 | chan:2,max_power:80
2026-08-20 15:27:50.421 | chan:3,max_power:80
2026-08-20 15:27:50.422 | chan:4,max_power:80
2026-08-20 15:27:50.422 | chan:5,max_power:80
2026-08-20 15:27:50.422 | chan:6,max_power:80
2026-08-20 15:27:50.422 | chan:7,max_power:80
2026-08-20 15:27:50.422 | chan:8,max_power:80
2026-08-20 15:27:50.422 | chan:9,max_power:80
2026-08-20 15:27:50.422 | chan:10,max_power:80
2026-08-20 15:27:50.422 | chan:11,max_power:80
2026-08-20 15:27:50.422 | chan:12,max_power:80
2026-08-20 15:27:50.422 | chan:13,max_power:80
2026-08-20 15:27:50.422 | chan:14,max_power:80
2026-08-20 15:27:55.199 | chan:1,max_power:80
2026-08-20 15:27:55.199 | chan:2,max_power:80
2026-08-20 15:27:55.199 | chan:3,max_power:80
2026-08-20 15:27:55.199 | chan:4,max_power:80
2026-08-20 15:27:55.199 | chan:5,max_power:80
2026-08-20 15:27:55.199 | chan:6,max_power:80
2026-08-20 15:27:55.199 | chan:7,max_power:80
2026-08-20 15:27:55.199 | chan:8,max_power:80
2026-08-20 15:27:55.199 | chan:9,max_power:80
2026-08-20 15:27:55.199 | chan:10,max_power:80
2026-08-20 15:27:55.199 | chan:11,max_power:80
2026-08-20 15:27:55.199 | chan:12,max_power:80
2026-08-20 15:27:55.199 | chan:13,max_power:80
2026-08-20 15:27:55.199 | chan:14,max_power:80
2026-08-20 15:27:55.404 | matter_one_core: Current Free Memory: 69916, Minimum Ever Free Size: 36980, Largest Free Block: 23040
2026-08-20 15:27:55.405 | chan:1,max_power:80
2026-08-20 15:27:55.405 | chan:2,max_power:80
2026-08-20 15:27:55.405 | chan:3,max_power:80
2026-08-20 15:27:55.405 | chan:4,max_power:80
2026-08-20 15:27:55.405 | chan:5,max_power:80
2026-08-20 15:27:55.405 | chan:6,max_power:80
2026-08-20 15:27:55.405 | chan:7,max_power:80
2026-08-20 15:27:55.405 | chan:8,max_power:80
2026-08-20 15:27:55.405 | chan:9,max_power:80
2026-08-20 15:27:55.405 | chan:10,max_power:80
2026-08-20 15:27:55.405 | chan:11,max_power:80
2026-08-20 15:27:55.405 | chan:12,max_power:80
2026-08-20 15:27:55.405 | chan:13,max_power:80
2026-08-20 15:27:55.405 | chan:14,max_power:80
2026-08-20 15:27:57.847 | chan:1,max_power:80
2026-08-20 15:27:57.852 | chan:2,max_power:80
2026-08-20 15:27:57.852 | chan:3,max_power:80
2026-08-20 15:27:57.852 | chan:4,max_power:80
2026-08-20 15:27:57.852 | chan:5,max_power:80
2026-08-20 15:27:57.852 | chan:6,max_power:80
2026-08-20 15:27:57.852 | chan:7,max_power:80
2026-08-20 15:27:57.853 | chan:8,max_power:80
2026-08-20 15:27:57.853 | chan:9,max_power:80
2026-08-20 15:27:57.853 | chan:10,max_power:80
2026-08-20 15:27:57.853 | chan:11,max_power:80
2026-08-20 15:27:57.853 | chan:12,max_power:80
2026-08-20 15:27:57.853 | chan:13,max_power:80
2026-08-20 15:27:57.853 | chan:14,max_power:80
2026-08-20 15:27:57.853 | matter_one_core: Current Free Memory: 69944, Minimum Ever Free Size: 36980, Largest Free Block: 23040
2026-08-20 15:27:57.853 | chan:1,max_power:80
2026-08-20 15:27:57.853 | chan:2,max_power:80
2026-08-20 15:27:57.853 | chan:3,max_power:80
2026-08-20 15:27:57.853 | chan:4,max_power:80
2026-08-20 15:27:57.853 | chan:5,max_power:80
2026-08-20 15:27:57.854 | chan:6,max_power:80
2026-08-20 15:27:57.854 | chan:7,max_power:80
2026-08-20 15:27:58.058 | chan:8,max_power:80
2026-08-20 15:27:58.058 | chan:9,max_power:80
2026-08-20 15:27:58.058 | chan:10,max_power:80
2026-08-20 15:27:58.058 | chan:11,max_power:80
2026-08-20 15:27:58.058 | chan:12,max_power:80
2026-08-20 15:27:58.058 | chan:13,max_power:80
2026-08-20 15:27:58.058 | chan:14,max_power:80
2026-08-20 15:28:00.296 | chan:1,max_power:80
2026-08-20 15:28:00.297 | chan:2,max_power:80
2026-08-20 15:28:00.297 | chan:3,max_power:80
2026-08-20 15:28:00.297 | chan:4,max_power:80
2026-08-20 15:28:00.297 | chan:5,max_power:80
2026-08-20 15:28:00.297 | chan:6,max_power:80
2026-08-20 15:28:00.297 | chan:7,max_power:80
2026-08-20 15:28:00.297 | chan:8,max_power:80
2026-08-20 15:28:00.297 | chan:9,max_power:80
2026-08-20 15:28:00.297 | chan:10,max_power:80
2026-08-20 15:28:00.297 | chan:11,max_power:80
2026-08-20 15:28:00.298 | chan:12,max_power:80
2026-08-20 15:28:00.502 | chan:13,max_power:80
2026-08-20 15:28:00.502 | chan:14,max_power:80
2026-08-20 15:28:00.503 | matter_one_core: Current Free Memory: 69944, Minimum Ever Free Size: 36980, Largest Free Block: 23040
2026-08-20 15:28:00.503 | chan:1,max_power:80
2026-08-20 15:28:00.503 | chan:2,max_power:80
2026-08-20 15:28:00.503 | chan:3,max_power:80
2026-08-20 15:28:00.503 | chan:4,max_power:80
2026-08-20 15:28:00.503 | chan:5,max_power:80
2026-08-20 15:28:00.503 | chan:6,max_power:80
2026-08-20 15:28:00.503 | chan:7,max_power:80
2026-08-20 15:28:00.503 | chan:8,max_power:80
2026-08-20 15:28:00.503 | chan:9,max_power:80
2026-08-20 15:28:00.503 | chan:10,max_power:80
2026-08-20 15:28:00.503 | chan:11,max_power:80
2026-08-20 15:28:00.503 | chan:12,max_power:80
2026-08-20 15:28:00.503 | chan:13,max_power:80
2026-08-20 15:28:00.503 | chan:14,max_power:80
2026-08-20 15:28:02.951 | chan:1,max_power:80
2026-08-20 15:28:02.951 | chan:2,max_power:80
2026-08-20 15:28:02.951 | chan:3,max_power:80
2026-08-20 15:28:02.951 | chan:4,max_power:80
2026-08-20 15:28:02.951 | chan:5,max_power:80
2026-08-20 15:28:02.951 | chan:6,max_power:80
2026-08-20 15:28:02.951 | chan:7,max_power:80
2026-08-20 15:28:02.951 | chan:8,max_power:80
2026-08-20 15:28:02.951 | chan:9,max_power:80
2026-08-20 15:28:02.951 | chan:10,max_power:80
2026-08-20 15:28:02.951 | chan:11,max_power:80
2026-08-20 15:28:02.952 | chan:12,max_power:80
2026-08-20 15:28:02.952 | chan:13,max_power:80
2026-08-20 15:28:02.952 | chan:14,max_power:80
2026-08-20 15:28:02.952 | matter_one_core: Current Free Memory: 69944, Minimum Ever Free Size: 36980, Largest Free Block: 23040
2026-08-20 15:28:02.952 | chan:1,max_power:80
2026-08-20 15:28:02.952 | chan:2,max_power:80
2026-08-20 15:28:02.952 | chan:3,max_power:80
2026-08-20 15:28:02.952 | chan:4,max_power:80
2026-08-20 15:28:03.157 | chan:5,max_power:80
2026-08-20 15:28:03.157 | chan:6,max_power:80
2026-08-20 15:28:03.157 | chan:7,max_power:80
2026-08-20 15:28:03.157 | chan:8,max_power:80
2026-08-20 15:28:03.158 | chan:9,max_power:80
2026-08-20 15:28:03.158 | chan:10,max_power:80
2026-08-20 15:28:03.158 | chan:11,max_power:80
2026-08-20 15:28:03.158 | chan:12,max_power:80
2026-08-20 15:28:03.158 | chan:13,max_power:80
2026-08-20 15:28:03.158 | chan:14,max_power:80
2026-08-20 15:28:07.842 | chan:1,max_power:80
2026-08-20 15:28:07.842 | chan:2,max_power:80
2026-08-20 15:28:07.842 | chan:3,max_power:80
2026-08-20 15:28:07.842 | chan:4,max_power:80
2026-08-20 15:28:07.842 | chan:5,max_power:80
2026-08-20 15:28:07.842 | chan:6,max_power:80
2026-08-20 15:28:07.842 | chan:7,max_power:80
2026-08-20 15:28:07.842 | chan:8,max_power:80
2026-08-20 15:28:07.842 | chan:9,max_power:80
2026-08-20 15:28:07.842 | chan:10,max_power:80
2026-08-20 15:28:07.842 | chan:11,max_power:80
2026-08-20 15:28:07.842 | chan:12,max_power:80
2026-08-20 15:28:08.047 | chan:13,max_power:80
2026-08-20 15:28:08.048 | chan:14,max_power:80
2026-08-20 15:28:08.048 | matter_one_core: Current Free Memory: 69916, Minimum Ever Free Size: 36980, Largest Free Block: 23040
2026-08-20 15:28:08.048 | chan:1,max_power:80
2026-08-20 15:28:08.048 | chan:2,max_power:80
2026-08-20 15:28:08.048 | chan:3,max_power:80
2026-08-20 15:28:08.048 | chan:4,max_power:80
2026-08-20 15:28:08.048 | chan:5,max_power:80
2026-08-20 15:28:08.048 | chan:6,max_power:80
2026-08-20 15:28:08.048 | chan:7,max_power:80
2026-08-20 15:28:08.048 | chan:8,max_power:80
2026-08-20 15:28:08.048 | chan:9,max_power:80
2026-08-20 15:28:08.048 | chan:10,max_power:80
2026-08-20 15:28:08.048 | chan:11,max_power:80
2026-08-20 15:28:08.048 | chan:12,max_power:80
2026-08-20 15:28:08.049 | chan:13,max_power:80
2026-08-20 15:28:08.049 | chan:14,max_power:80
2026-08-20 15:28:10.491 | chan:1,max_power:80
2026-08-20 15:28:10.491 | chan:2,max_power:80
2026-08-20 15:28:10.491 | chan:3,max_power:80
2026-08-20 15:28:10.491 | chan:4,max_power:80
2026-08-20 15:28:10.491 | chan:5,max_power:80
2026-08-20 15:28:10.491 | chan:6,max_power:80
2026-08-20 15:28:10.492 | chan:7,max_power:80
2026-08-20 15:28:10.492 | chan:8,max_power:80
2026-08-20 15:28:10.492 | chan:9,max_power:80
2026-08-20 15:28:10.492 | chan:10,max_power:80
2026-08-20 15:28:10.492 | chan:11,max_power:80
2026-08-20 15:28:10.492 | chan:12,max_power:80
2026-08-20 15:28:10.492 | chan:13,max_power:80
2026-08-20 15:28:10.492 | chan:14,max_power:80
2026-08-20 15:28:10.492 | matter_one_core: Current Free Memory: 69944, Minimum Ever Free Size: 36980, Largest Free Block: 23040
2026-08-20 15:28:10.492 | chan:1,max_power:80
2026-08-20 15:28:10.695 | chan:2,max_power:80
2026-08-20 15:28:10.695 | chan:3,max_power:80
2026-08-20 15:28:10.695 | chan:4,max_power:80
2026-08-20 15:28:10.695 | chan:5,max_power:80
2026-08-20 15:28:10.696 | chan:6,max_power:80
2026-08-20 15:28:10.696 | chan:7,max_power:80
2026-08-20 15:28:10.696 | chan:8,max_power:80
2026-08-20 15:28:10.696 | chan:9,max_power:80
2026-08-20 15:28:10.696 | chan:10,max_power:80
2026-08-20 15:28:10.696 | chan:11,max_power:80
2026-08-20 15:28:10.696 | chan:12,max_power:80
2026-08-20 15:28:10.696 | chan:13,max_power:80
2026-08-20 15:28:10.696 | chan:14,max_power:80
2026-08-20 15:28:12.938 | chan:1,max_power:80
2026-08-20 15:28:12.938 | chan:2,max_power:80
2026-08-20 15:28:12.938 | chan:3,max_power:80
2026-08-20 15:28:12.938 | chan:4,max_power:80
2026-08-20 15:28:12.938 | chan:5,max_power:80
2026-08-20 15:28:12.938 | chan:6,max_power:80
2026-08-20 15:28:12.938 | chan:7,max_power:80
2026-08-20 15:28:13.140 | chan:8,max_power:80
2026-08-20 15:28:13.141 | chan:9,max_power:80
2026-08-20 15:28:13.141 | chan:10,max_power:80
2026-08-20 15:28:13.141 | chan:11,max_power:80
2026-08-20 15:28:13.141 | chan:12,max_power:80
2026-08-20 15:28:13.141 | chan:13,max_power:80
2026-08-20 15:28:13.141 | chan:14,max_power:80
2026-08-20 15:28:13.141 | matter_one_core: Current Free Memory: 69944, Minimum Ever Free Size: 36980, Largest Free Block: 23040
2026-08-20 15:28:13.141 | chan:1,max_power:80
2026-08-20 15:28:13.141 | chan:2,max_power:80
2026-08-20 15:28:13.141 | chan:3,max_power:80
2026-08-20 15:28:13.141 | chan:4,max_power:80
2026-08-20 15:28:13.141 | chan:5,max_power:80
2026-08-20 15:28:13.141 | chan:6,max_power:80
2026-08-20 15:28:13.141 | chan:7,max_power:80
2026-08-20 15:28:13.141 | chan:8,max_power:80
2026-08-20 15:28:13.141 | chan:9,max_power:80
2026-08-20 15:28:13.142 | chan:10,max_power:80
2026-08-20 15:28:13.142 | chan:11,max_power:80
2026-08-20 15:28:13.142 | chan:12,max_power:80
2026-08-20 15:28:13.142 | chan:13,max_power:80
2026-08-20 15:28:13.142 | chan:14,max_power:80
2026-08-20 15:28:15.590 | chan:1,max_power:80
2026-08-20 15:28:15.590 | chan:2,max_power:80
2026-08-20 15:28:15.590 | chan:3,max_power:80
2026-08-20 15:28:15.590 | chan:4,max_power:80
2026-08-20 15:28:15.590 | chan:5,max_power:80
2026-08-20 15:28:15.590 | chan:6,max_power:80
2026-08-20 15:28:15.590 | chan:7,max_power:80
2026-08-20 15:28:15.590 | chan:8,max_power:80
2026-08-20 15:28:15.590 | chan:9,max_power:80
2026-08-20 15:28:15.591 | chan:10,max_power:80
2026-08-20 15:28:15.591 | chan:11,max_power:80
2026-08-20 15:28:15.591 | chan:12,max_power:80
2026-08-20 15:28:15.591 | chan:13,max_power:80
2026-08-20 15:28:15.591 | chan:14,max_power:80
2026-08-20 15:28:15.591 | matter_one_core: Current Free Memory: 69944, Minimum Ever Free Size: 36980, Largest Free Block: 23040
2026-08-20 15:28:15.794 | chan:1,max_power:80
2026-08-20 15:28:15.795 | chan:2,max_power:80
2026-08-20 15:28:15.795 | chan:3,max_power:80
2026-08-20 15:28:15.795 | chan:4,max_power:80
2026-08-20 15:28:15.795 | chan:5,max_power:80
2026-08-20 15:28:15.795 | chan:6,max_power:80
2026-08-20 15:28:15.795 | chan:7,max_power:80
2026-08-20 15:28:15.795 | chan:8,max_power:80
2026-08-20 15:28:15.795 | chan:9,max_power:80
2026-08-20 15:28:15.795 | chan:10,max_power:80
2026-08-20 15:28:15.795 | chan:11,max_power:80
2026-08-20 15:28:15.795 | chan:12,max_power:80
2026-08-20 15:28:15.795 | chan:13,max_power:80
2026-08-20 15:28:15.795 | chan:14,max_power:80
2026-08-20 15:28:20.687 | chan:1,max_power:80
2026-08-20 15:28:20.687 | chan:2,max_power:80
2026-08-20 15:28:20.687 | chan:3,max_power:80
2026-08-20 15:28:20.687 | chan:4,max_power:80
2026-08-20 15:28:20.688 | chan:5,max_power:80
2026-08-20 15:28:20.688 | chan:6,max_power:80
2026-08-20 15:28:20.688 | chan:7,max_power:80
2026-08-20 15:28:20.688 | chan:8,max_power:80
2026-08-20 15:28:20.688 | chan:9,max_power:80
2026-08-20 15:28:20.688 | chan:10,max_power:80
2026-08-20 15:28:20.688 | chan:11,max_power:80
2026-08-20 15:28:20.688 | chan:12,max_power:80
2026-08-20 15:28:20.688 | chan:13,max_power:80
2026-08-20 15:28:20.688 | chan:14,max_power:80
2026-08-20 15:28:20.688 | matter_one_core: Current Free Memory: 69916, Minimum Ever Free Size: 36980, Largest Free Block: 23040
2026-08-20 15:28:20.688 | chan:1,max_power:80
2026-08-20 15:28:20.688 | chan:2,max_power:80
2026-08-20 15:28:20.688 | chan:3,max_power:80
2026-08-20 15:28:20.688 | chan:4,max_power:80
2026-08-20 15:28:20.688 | chan:5,max_power:80
2026-08-20 15:28:20.688 | chan:6,max_power:80
2026-08-20 15:28:20.688 | chan:7,max_power:80
2026-08-20 15:28:20.689 | chan:8,max_power:80
2026-08-20 15:28:20.689 | chan:9,max_power:80
2026-08-20 15:28:20.689 | chan:10,max_power:80
2026-08-20 15:28:20.894 | chan:11,max_power:80
2026-08-20 15:28:20.894 | chan:12,max_power:80
2026-08-20 15:28:20.895 | chan:13,max_power:80
2026-08-20 15:28:20.895 | chan:14,max_power:80
2026-08-20 15:28:23.137 | chan:1,max_power:80
2026-08-20 15:28:23.137 | chan:2,max_power:80
2026-08-20 15:28:23.138 | chan:3,max_power:80
2026-08-20 15:28:23.138 | chan:4,max_power:80
2026-08-20 15:28:23.138 | chan:5,max_power:80
2026-08-20 15:28:23.138 | chan:6,max_power:80
2026-08-20 15:28:23.138 | chan:7,max_power:80
2026-08-20 15:28:23.138 | chan:8,max_power:80
2026-08-20 15:28:23.138 | chan:9,max_power:80
2026-08-20 15:28:23.138 | chan:10,max_power:80
2026-08-20 15:28:23.138 | chan:11,max_power:80
2026-08-20 15:28:23.138 | chan:12,max_power:80
2026-08-20 15:28:23.138 | chan:13,max_power:80
2026-08-20 15:28:23.138 | chan:14,max_power:80
2026-08-20 15:28:23.341 | matter_one_core: Current Free Memory: 69944, Minimum Ever Free Size: 36980, Largest Free Block: 23040
2026-08-20 15:28:23.342 | chan:1,max_power:80
2026-08-20 15:28:23.342 | chan:2,max_power:80
2026-08-20 15:28:23.342 | chan:3,max_power:80
2026-08-20 15:28:23.342 | chan:4,max_power:80
2026-08-20 15:28:23.342 | chan:5,max_power:80
2026-08-20 15:28:23.342 | chan:6,max_power:80
2026-08-20 15:28:23.342 | chan:7,max_power:80
2026-08-20 15:28:23.342 | chan:8,max_power:80
2026-08-20 15:28:23.342 | chan:9,max_power:80
2026-08-20 15:28:23.342 | chan:10,max_power:80
2026-08-20 15:28:23.342 | chan:11,max_power:80
2026-08-20 15:28:23.342 | chan:12,max_power:80
2026-08-20 15:28:23.342 | chan:13,max_power:80
2026-08-20 15:28:23.342 | chan:14,max_power:80
2026-08-20 15:28:25.787 | chan:1,max_power:80
2026-08-20 15:28:25.787 | chan:2,max_power:80
2026-08-20 15:28:25.787 | chan:3,max_power:80
2026-08-20 15:28:25.787 | chan:4,max_power:80
2026-08-20 15:28:25.787 | chan:5,max_power:80
2026-08-20 15:28:25.787 | chan:6,max_power:80
2026-08-20 15:28:25.787 | chan:7,max_power:80
2026-08-20 15:28:25.787 | chan:8,max_power:80
2026-08-20 15:28:25.787 | chan:9,max_power:80
2026-08-20 15:28:25.788 | chan:10,max_power:80
2026-08-20 15:28:25.788 | chan:11,max_power:80
2026-08-20 15:28:25.788 | chan:12,max_power:80
2026-08-20 15:28:25.788 | chan:13,max_power:80
2026-08-20 15:28:25.788 | chan:14,max_power:80
2026-08-20 15:28:25.788 | matter_one_core: Current Free Memory: 69944, Minimum Ever Free Size: 36980, Largest Free Block: 23040
2026-08-20 15:28:25.788 | chan:1,max_power:80
2026-08-20 15:28:25.788 | chan:2,max_power:80
2026-08-20 15:28:25.788 | chan:3,max_power:80
2026-08-20 15:28:25.788 | chan:4,max_power:80
2026-08-20 15:28:25.788 | chan:5,max_power:80
2026-08-20 15:28:25.788 | chan:6,max_power:80
2026-08-20 15:28:25.996 | chan:7,max_power:80
2026-08-20 15:28:25.996 | chan:8,max_power:80
2026-08-20 15:28:25.996 | chan:9,max_power:80
2026-08-20 15:28:25.996 | chan:10,max_power:80
2026-08-20 15:28:25.996 | chan:11,max_power:80
2026-08-20 15:28:25.996 | chan:12,max_power:80
2026-08-20 15:28:25.996 | chan:13,max_power:80
2026-08-20 15:28:25.996 | chan:14,max_power:80
2026-08-20 15:28:27.827 | chan:1,max_power:80
2026-08-20 15:28:27.827 | chan:2,max_power:80
2026-08-20 15:28:27.827 | chan:3,max_power:80
2026-08-20 15:28:27.827 | chan:4,max_power:80
2026-08-20 15:28:27.827 | chan:5,max_power:80
2026-08-20 15:28:27.827 | chan:6,max_power:80
2026-08-20 15:28:27.827 | chan:7,max_power:80
2026-08-20 15:28:27.827 | chan:8,max_power:80
2026-08-20 15:28:27.827 | chan:9,max_power:80
2026-08-20 15:28:27.827 | chan:10,max_power:80
2026-08-20 15:28:27.827 | chan:11,max_power:80
2026-08-20 15:28:27.827 | chan:12,max_power:80
2026-08-20 15:28:27.827 | chan:13,max_power:80
2026-08-20 15:28:27.827 | chan:14,max_power:80
2026-08-20 15:28:27.827 | matter_one_core: Current Free Memory: 69740, Minimum Ever Free Size: 35048, Largest Free Block: 23040
2026-08-20 15:28:28.032 | chan:1,max_power:80
2026-08-20 15:28:28.032 | chan:2,max_power:80
2026-08-20 15:28:28.033 | chan:3,max_power:80
2026-08-20 15:28:28.033 | chan:4,max_power:80
2026-08-20 15:28:28.033 | chan:5,max_power:80
2026-08-20 15:28:28.033 | chan:6,max_power:80
2026-08-20 15:28:28.033 | chan:7,max_power:80
2026-08-20 15:28:28.033 | chan:8,max_power:80
2026-08-20 15:28:28.033 | chan:9,max_power:80
2026-08-20 15:28:28.033 | chan:10,max_power:80
2026-08-20 15:28:28.033 | chan:11,max_power:80
2026-08-20 15:28:28.033 | chan:12,max_power:80
2026-08-20 15:28:28.033 | chan:13,max_power:80
2026-08-20 15:28:28.033 | chan:14,max_power:80
2026-08-20 15:28:30.475 | chan:1,max_power:80
2026-08-20 15:28:30.475 | chan:2,max_power:80
2026-08-20 15:28:30.476 | chan:3,max_power:80
2026-08-20 15:28:30.476 | chan:4,max_power:80
2026-08-20 15:28:30.476 | chan:5,max_power:80
2026-08-20 15:28:30.476 | chan:6,max_power:80
2026-08-20 15:28:30.476 | chan:7,max_power:80
2026-08-20 15:28:30.476 | chan:8,max_power:80
2026-08-20 15:28:30.476 | chan:9,max_power:80
2026-08-20 15:28:30.476 | chan:10,max_power:80
2026-08-20 15:28:30.476 | chan:11,max_power:80
2026-08-20 15:28:30.476 | chan:12,max_power:80
2026-08-20 15:28:30.476 | chan:13,max_power:80
2026-08-20 15:28:30.476 | chan:14,max_power:80
2026-08-20 15:28:30.476 | matter_one_core: Current Free Memory: 69900, Minimum Ever Free Size: 35048, Largest Free Block: 23040
2026-08-20 15:28:30.476 | chan:1,max_power:80
2026-08-20 15:28:30.476 | chan:2,max_power:80
2026-08-20 15:28:30.476 | chan:3,max_power:80
2026-08-20 15:28:30.476 | chan:4,max_power:80
2026-08-20 15:28:30.477 | chan:5,max_power:80
2026-08-20 15:28:30.477 | chan:6,max_power:80
2026-08-20 15:28:30.477 | chan:7,max_power:80
2026-08-20 15:28:30.477 | chan:8,max_power:80
2026-08-20 15:28:30.477 | chan:9,max_power:80
2026-08-20 15:28:30.477 | chan:10,max_power:80
2026-08-20 15:28:30.477 | chan:11,max_power:80
2026-08-20 15:28:30.477 | chan:12,max_power:80
2026-08-20 15:28:30.477 | chan:13,max_power:80
2026-08-20 15:28:30.477 | chan:14,max_power:80
2026-08-20 15:28:31.704 | chan:1,max_power:80
2026-08-20 15:28:31.704 | chan:2,max_power:80
2026-08-20 15:28:31.705 | chan:3,max_power:80
2026-08-20 15:28:31.705 | chan:4,max_power:80
2026-08-20 15:28:31.705 | chan:5,max_power:80
2026-08-20 15:28:31.705 | chan:6,max_power:80
2026-08-20 15:28:31.705 | chan:7,max_power:80
2026-08-20 15:28:31.705 | chan:8,max_power:80
2026-08-20 15:28:31.706 | chan:9,max_power:80
2026-08-20 15:28:31.706 | chan:10,max_power:80
2026-08-20 15:28:31.706 | chan:11,max_power:80
2026-08-20 15:28:31.706 | chan:12,max_power:80
2026-08-20 15:28:31.706 | chan:13,max_power:80
2026-08-20 15:28:31.706 | chan:14,max_power:80
2026-08-20 15:28:31.707 | matter_one_core: Current Free Memory: 69004, Minimum Ever Free Size: 35004, Largest Free Block: 23040
2026-08-20 15:28:31.707 | matter_one_core: Current Free Memory: 69004, Minimum Ever Free Size: 35004, Largest Free Block: 23040
2026-08-20 15:28:33.337 | matter_one_core: Current Free Memory: 68564, Minimum Ever Free Size: 35004, Largest Free Block: 23040
2026-08-20 15:28:33.337 | matter_one_core: Current Free Memory: 68564, Minimum Ever Free Size: 35004, Largest Free Block: 23040
2026-08-20 15:28:33.337 | matter_one_core: Current Free Memory: 63540, Minimum Ever Free Size: 31344, Largest Free Block: 23040
2026-08-20 15:28:33.337 | matter_one_core: Current Free Memory: 64424, Minimum Ever Free Size: 31344, Largest Free Block: 23040
2026-08-20 15:28:38.629 | matter_one_core: Current Free Memory: 61412, Minimum Ever Free Size: 30972, Largest Free Block: 23040
2026-08-20 15:28:38.629 | matter_one_core: Current Free Memory: 61412, Minimum Ever Free Size: 30972, Largest Free Block: 23040
2026-08-20 15:28:38.629 | matter_one_core: Current Free Memory: 61464, Minimum Ever Free Size: 30972, Largest Free Block: 23040
2026-08-20 15:32:30.619 | ESP-ROM:esp32c2-eco4-20240515
2026-08-20 15:32:30.621 | Build:May 15 2024
2026-08-20 15:32:30.621 | rst:0x1 (POWERON),boot:0xc (SPI_FAST_FLASH_BOOT)
2026-08-20 15:32:30.621 | SPIWP:0xee
2026-08-20 15:32:30.621 | mode:DIO, clock div:1
2026-08-20 15:32:30.621 | load:0x3fcd5d00,len:0x1428
2026-08-20 15:32:30.621 | load:0x403acb70,len:0x8ec
2026-08-20 15:32:30.621 | load:0x403aeb70,len:0x31d8
2026-08-20 15:32:30.622 | entry 0x403acb70
2026-08-20 15:32:31.031 | zero_code_product: enter main: 376 ms
2026-08-20 15:32:31.031 | zero_code_product: Current Free Memory: 129680, Minimum Ever Free Size: 129680, Largest Free Block: 120832
2026-08-20 15:32:31.031 | zero_code_utils: Reboot count: 1, reset reason: 1
2026-08-20 15:32:31.173 | light_matter: restore done: 527 ms
2026-08-20 15:32:31.174 | zero_code_core: Current Free Memory: 94380, Minimum Ever Free Size: 94380, Largest Free Block: 83968
2026-08-20 15:32:31.174 | zero_code_utils: Chip: esp32c2
2026-08-20 15:32:31.174 | zero_code_utils: Software Version: 1.4.0
2026-08-20 15:32:31.174 | zero_code_utils: Software Version Number: 10040000
2026-08-20 15:32:31.174 | zero_code_utils: Software Version Suffix: 875
2026-08-20 15:32:31.174 | zero_code_utils: Firmware Type: Evaluation
2026-08-20 15:32:31.174 | zero_code_utils: MAC: 58:2a:bd:38:1f:f4
2026-08-20 15:32:31.174 | zero_code_utils: RainMaker Node ID: b1ed4290-1dc3-4ca8-93fa-c6b15346486f
2026-08-20 15:32:31.174 | zero_code_utils: Matter Serial Number: b1ed42901dc34ca893fac6b15346486f
2026-08-20 15:32:31.174 | zero_code_utils: Firmware partition offset: 0x10000
2026-08-20 15:32:31.651 | zero_code_utils: Product Config: {"config_version":3,"pre_driver":[{"type":"ezc.pre_driver.power_management","enable_light_sleep":true,"max_freq_mhz":160,"min_freq_mhz":10}],"driver":[{"id":1000,"type":"ezc.driver.led","name":"pwm","lighting_config":{"enable_gradient":true,"enable_memory":false,"enable_lowpower":false,"sync_change_brightness":true,"disable_auto_on":true,"beads_comb":3,"fades_ms":800},"pwm_config":{"pwm_hz":4000,"temperature_mode":1,"gpio_red":-1,"gpio_green":-1,"gpio_blue":-1,"gpio_cold_or_cct":5,"gpio_warm_or_brightness":4},"hardware_config":{"white_min":10,"white_max":100,"white_power_max":100,"rgb_min":10,"rgb_max":100,"rgb_power_max":300},"gamma_config":{"enable_gamma_adjust":true,"gamma_red":100,"gamma_green":100,"gamma_blue":100,"gamma_cold":100,"gamma_warm":100,"curve_coe":1}}],"product_common":[{"type":"ezc.product_common.indicator","subtype":0,"driver":{"output":1000},"events":[{"name":"setup_mode_start","mode":"breathe","speed":2000,"color_select":2,"cct":50,"min_brightness":20,"max_brightness":100,"total_ms":0,"interrupt_forbidden":true},{"name":"setup_started","mode":"breathe","speed":1000,"color_select":2,"cct":50,"min_brightness":20,"max_brightness":100,"total_ms":0},{"name":"setup_successful","mode":"restore"},{"name":"setup_failed","mode":"solid","color_select":2,"cct":10,"max_brightness":100},{"name":"identification_start","mode":"blink","speed":1000,"color_select":2,"cct":50,"min_brightness":20,"max_brightness":100,"total_ms":0},{"name":"identification_stop","mode":"restore"},{"name":"identification_blink","mode":"blink","speed":1000,"color_select":2,"cct":50,"min_brightness":20,"max_brightness":100,"total_ms":1000},{"name":"identification_breathe","mode":"breathe","speed":1000,"color_select":2,"cct":50,"min_brightness":20,"max_brightness":100,"total_ms":15000},{"name":"identification_okay","mode":"blink","speed":2000,"color_select":2,"cct":50,"min_brightness":20,"max_brightness":100,"total_ms":1000},{"name":"identification_channel_change","mode":"blink","speed":16000,"color_select":2,"cct":50,"min_brightness":20,"max_brightness":100,"total_ms":8000},{"name":"identification_finish_effect","mode":"restore"},{"name":"identification_stop_effect","mode":"restore"}]},{"type":"ezc.product_common.factory_reset","subtype":1,"count":3,"auto_trigger":true}],"product":[{"type":"ezc.product.light","subtype":3,"driver":{"output":1000},"data_model":{"power_default":1,"power_bootup":-1,"level_default":50,"level_bootup":-1,"color_mode_default":1,"color_mode_bootup":-1,"temperature_default":4000,"temperature_bootup":-1,"temperature_minimum_default":2200,"temperature_maximum_default":7000}}],"test_mode":[{"type":"ezc.test_mode.common","subtype":1},{"type":"ezc.test_mode.ble","subtype":1},{"type":"ezc.test_mode.light","subtype":1},{"type":"ezc.test_mode.light","subtype":2},{"type":"ezc.test_mode.light","subtype":3}]}
2026-08-20 15:32:31.651 | After freeing product config: Current Free Memory: 103620, Minimum Ever Free Size: 94296, Largest Free Block: 83968
2026-08-20 15:32:32.468 | matter_one_core: Current Free Memory: 30640, Minimum Ever Free Size: 29104, Largest Free Block: 21504
2026-08-20 15:32:32.468 | chan:1,max_power:80
2026-08-20 15:32:32.468 | chan:2,max_power:80
2026-08-20 15:32:32.468 | chan:3,max_power:80
2026-08-20 15:32:32.468 | chan:4,max_power:80
2026-08-20 15:32:32.468 | chan:5,max_power:80
2026-08-20 15:32:32.468 | chan:6,max_power:80
2026-08-20 15:32:32.468 | chan:7,max_power:80
2026-08-20 15:32:32.468 | chan:8,max_power:80
2026-08-20 15:32:32.468 | chan:9,max_power:80
2026-08-20 15:32:32.468 | chan:10,max_power:80
2026-08-20 15:32:32.468 | chan:11,max_power:80
2026-08-20 15:32:32.469 | chan:12,max_power:80
2026-08-20 15:32:32.469 | chan:13,max_power:80
2026-08-20 15:32:32.469 | chan:14,max_power:80
2026-08-20 15:32:33.284 | matter_one_core: Current Free Memory: 28996, Minimum Ever Free Size: 28924, Largest Free Block: 19968
2026-08-20 15:32:33.284 | matter_one_core: Current Free Memory: 29100, Minimum Ever Free Size: 28856, Largest Free Block: 19968
2026-08-20 15:32:33.284 | matter_one_core: Current Free Memory: 33712, Minimum Ever Free Size: 28856, Largest Free Block: 19968
2026-08-20 15:32:33.284 | After CORE TYPE START: Current Free Memory: 50484, Minimum Ever Free Size: 28856, Largest Free Block: 19968
2026-08-20 15:32:33.284 | zero_code_product: Current Free Memory: 50484, Minimum Ever Free Size: 28856, Largest Free Block: 19968
2026-08-20 15:32:36.551 | ESP-ROM:esp32c2-eco4-20240515
2026-08-20 15:32:36.551 | Build:May 15 2024
2026-08-20 15:32:36.551 | rst:0x1 (POWERON),boot:0xc (SPI_FAST_FLASH_BOOT)
2026-08-20 15:32:36.551 | SPIWP:0xee
2026-08-20 15:32:36.551 | mode:DIO, clock div:1
2026-08-20 15:32:36.551 | load:0x3fcd5d00,len:0x1428
2026-08-20 15:32:36.552 | load:0x403acb70,len:0x8ec
2026-08-20 15:32:36.552 | load:0x403aeb70,len:0x31d8
2026-08-20 15:32:36.552 | entry 0x403acb70
2026-08-20 15:32:36.953 | zero_code_product: enter main: 376 ms
2026-08-20 15:32:36.953 | zero_code_product: Current Free Memory: 129680, Minimum Ever Free Size: 129680, Largest Free Block: 120832
2026-08-20 15:32:36.953 | zero_code_utils: Reboot count: 2, reset reason: 1
2026-08-20 15:32:36.953 | light_matter: restore done: 527 ms
2026-08-20 15:32:36.953 | zero_code_core: Current Free Memory: 94380, Minimum Ever Free Size: 94380, Largest Free Block: 83968
2026-08-20 15:32:36.953 | zero_code_utils: Chip: esp32c2
2026-08-20 15:32:36.953 | zero_code_utils: Software Version: 1.4.0
2026-08-20 15:32:36.954 | zero_code_utils: Software Version Number: 10040000
2026-08-20 15:32:36.954 | zero_code_utils: Software Version Suffix: 875
2026-08-20 15:32:36.954 | zero_code_utils: Firmware Type: Evaluation
2026-08-20 15:32:36.954 | zero_code_utils: MAC: 58:2a:bd:38:1f:f4
2026-08-20 15:32:37.087 | zero_code_utils: RainMaker Node ID: b1ed4290-1dc3-4ca8-93fa-c6b15346486f
2026-08-20 15:32:37.087 | zero_code_utils: Matter Serial Number: b1ed42901dc34ca893fac6b15346486f
2026-08-20 15:32:37.087 | zero_code_utils: Firmware partition offset: 0x10000
2026-08-20 15:32:37.360 | zero_code_utils: Product Config: {"config_version":3,"pre_driver":[{"type":"ezc.pre_driver.power_management","enable_light_sleep":true,"max_freq_mhz":160,"min_freq_mhz":10}],"driver":[{"id":1000,"type":"ezc.driver.led","name":"pwm","lighting_config":{"enable_gradient":true,"enable_memory":false,"enable_lowpower":false,"sync_change_brightness":true,"disable_auto_on":true,"beads_comb":3,"fades_ms":800},"pwm_config":{"pwm_hz":4000,"temperature_mode":1,"gpio_red":-1,"gpio_green":-1,"gpio_blue":-1,"gpio_cold_or_cct":5,"gpio_warm_or_brightness":4},"hardware_config":{"white_min":10,"white_max":100,"white_power_max":100,"rgb_min":10,"rgb_max":100,"rgb_power_max":300},"gamma_config":{"enable_gamma_adjust":true,"gamma_red":100,"gamma_green":100,"gamma_blue":100,"gamma_cold":100,"gamma_warm":100,"curve_coe":1}}],"product_common":[{"type":"ezc.product_common.indicator","subtype":0,"driver":{"output":1000},"events":[{"name":"setup_mode_start","mode":"breathe","speed":2000,"color_select":2,"cct":50,"min_brightness":20,"max_brightness":100,"total_ms":0,"interrupt_forbidden":true},{"name":"setup_started","mode":"breathe","speed":1000,"color_select":2,"cct":50,"min_brightness":20,"max_brightness":100,"total_ms":0},{"name":"setup_successful","mode":"restore"},{"name":"setup_failed","mode":"solid","color_select":2,"cct":10,"max_brightness":100},{"name":"identification_start","mode":"blink","speed":1000,"color_select":2,"cct":50,"min_brightness":20,"max_brightness":100,"total_ms":0},{"name":"identification_stop","mode":"restore"},{"name":"identification_blink","mode":"blink","speed":1000,"color_select":2,"cct":50,"min_brightness":20,"max_brightness":100,"total_ms":1000},{"name":"identification_breathe","mode":"breathe","speed":1000,"color_select":2,"cct":50,"min_brightness":20,"max_brightness":100,"total_ms":15000},{"name":"identification_okay","mode":"blink","speed":2000,"color_select":2,"cct":50,"min_brightness":20,"max_brightness":100,"total_ms":1000},{"name":"identification_channel_change","mode":"blink","speed":16000,"color_select":2,"cct":50,"min_brightness":20,"max_brightness":100,"total_ms":8000},{"name":"identification_finish_effect","mode":"restore"},{"name":"identification_stop_effect","mode":"restore"}]},{"type":"ezc.product_common.factory_reset","subtype":1,"count":3,"auto_trigger":true}],"product":[{"type":"ezc.product.light","subtype":3,"driver":{"output":1000},"data_model":{"power_default":1,"power_bootup":-1,"level_default":50,"level_bootup":-1,"color_mode_default":1,"color_mode_bootup":-1,"temperature_default":4000,"temperature_bootup":-1,"temperature_minimum_default":2200,"temperature_maximum_default":7000}}],"test_mode":[{"type":"ezc.test_mode.common","subtype":1},{"type":"ezc.test_mode.ble","subtype":1},{"type":"ezc.test_mode.light","subtype":1},{"type":"ezc.test_mode.light","subtype":2},{"type":"ezc.test_mode.light","subtype":3}]}
2026-08-20 15:32:37.563 | After freeing product config: Current Free Memory: 103620, Minimum Ever Free Size: 94296, Largest Free Block: 83968
2026-08-20 15:32:38.379 | matter_one_core: Current Free Memory: 30664, Minimum Ever Free Size: 29128, Largest Free Block: 21504
2026-08-20 15:32:38.379 | chan:1,max_power:80
2026-08-20 15:32:38.379 | chan:2,max_power:80
2026-08-20 15:32:38.379 | chan:3,max_power:80
2026-08-20 15:32:38.379 | chan:4,max_power:80
2026-08-20 15:32:38.379 | chan:5,max_power:80
2026-08-20 15:32:38.379 | chan:6,max_power:80
2026-08-20 15:32:38.379 | chan:7,max_power:80
2026-08-20 15:32:38.379 | chan:8,max_power:80
2026-08-20 15:32:38.379 | chan:9,max_power:80
2026-08-20 15:32:38.379 | chan:10,max_power:80
2026-08-20 15:32:38.379 | chan:11,max_power:80
2026-08-20 15:32:38.380 | chan:12,max_power:80
2026-08-20 15:32:38.380 | chan:13,max_power:80
2026-08-20 15:32:38.380 | chan:14,max_power:80
2026-08-20 15:32:38.988 | matter_one_core: Current Free Memory: 29044, Minimum Ever Free Size: 28972, Largest Free Block: 19968
2026-08-20 15:32:38.989 | matter_one_core: Current Free Memory: 29220, Minimum Ever Free Size: 28972, Largest Free Block: 19968
2026-08-20 15:32:39.193 | matter_one_core: Current Free Memory: 33780, Minimum Ever Free Size: 28972, Largest Free Block: 19968
2026-08-20 15:32:39.193 | After CORE TYPE START: Current Free Memory: 50552, Minimum Ever Free Size: 28972, Largest Free Block: 19968
2026-08-20 15:32:39.193 | zero_code_product: Current Free Memory: 50552, Minimum Ever Free Size: 28972, Largest Free Block: 19968
2026-08-20 15:32:39.395 | chan:1,max_power:80
2026-08-20 15:32:39.395 | chan:2,max_power:80
2026-08-20 15:32:39.395 | chan:3,max_power:80
2026-08-20 15:32:39.395 | chan:4,max_power:80
2026-08-20 15:32:39.395 | chan:5,max_power:80
2026-08-20 15:32:39.395 | chan:6,max_power:80
2026-08-20 15:32:39.395 | chan:7,max_power:80
2026-08-20 15:32:39.395 | chan:8,max_power:80
2026-08-20 15:32:39.395 | chan:9,max_power:80
2026-08-20 15:32:39.395 | chan:10,max_power:80
2026-08-20 15:32:39.396 | chan:11,max_power:80
2026-08-20 15:32:39.396 | chan:12,max_power:80
2026-08-20 15:32:39.396 | chan:13,max_power:80
2026-08-20 15:32:39.396 | chan:14,max_power:80
2026-08-20 15:32:39.396 | matter_one_core: Current Free Memory: 59272, Minimum Ever Free Size: 28972, Largest Free Block: 21504
2026-08-20 15:32:39.396 | matter_one_core: Current Free Memory: 59272, Minimum Ever Free Size: 28972, Largest Free Block: 21504
2026-08-20 15:32:42.239 | ESP-ROM:esp32c2-eco4-20240515
2026-08-20 15:32:42.239 | Build:May 15 2024
2026-08-20 15:32:42.239 | rst:0x1 (POWERON),boot:0xc (SPI_FAST_FLASH_BOOT)
2026-08-20 15:32:42.239 | SPIWP:0xee
2026-08-20 15:32:42.443 | mode:DIO, clock div:1
2026-08-20 15:32:42.444 | load:0x3fcd5d00,len:0x1428
2026-08-20 15:32:42.444 | load:0x403acb70,len:0x8ec
2026-08-20 15:32:42.444 | load:0x403aeb70,len:0x31d8
2026-08-20 15:32:42.444 | entry 0x403acb70
2026-08-20 15:32:42.648 | zero_code_product: enter main: 376 ms
2026-08-20 15:32:42.649 | zero_code_product: Current Free Memory: 129680, Minimum Ever Free Size: 129680, Largest Free Block: 120832
2026-08-20 15:32:42.849 | zero_code_utils: Reboot count: 3, reset reason: 1
2026-08-20 15:32:42.849 | light_matter: restore done: 527 ms
2026-08-20 15:32:42.849 | zero_code_core: Current Free Memory: 94336, Minimum Ever Free Size: 94336, Largest Free Block: 83968
2026-08-20 15:32:42.849 | zero_code_utils: Chip: esp32c2
2026-08-20 15:32:42.849 | zero_code_utils: Software Version: 1.4.0
2026-08-20 15:32:42.850 | zero_code_utils: Software Version Number: 10040000
2026-08-20 15:32:42.850 | zero_code_utils: Software Version Suffix: 875
2026-08-20 15:32:42.850 | zero_code_utils: Firmware Type: Evaluation
2026-08-20 15:32:42.850 | zero_code_utils: MAC: 58:2a:bd:38:1f:f4
2026-08-20 15:32:42.850 | zero_code_utils: RainMaker Node ID: b1ed4290-1dc3-4ca8-93fa-c6b15346486f
2026-08-20 15:32:42.850 | zero_code_utils: Matter Serial Number: b1ed42901dc34ca893fac6b15346486f
2026-08-20 15:32:42.850 | zero_code_utils: Firmware partition offset: 0x10000
2026-08-20 15:32:43.322 | zero_code_utils: Product Config: {"config_version":3,"pre_driver":[{"type":"ezc.pre_driver.power_management","enable_light_sleep":true,"max_freq_mhz":160,"min_freq_mhz":10}],"driver":[{"id":1000,"type":"ezc.driver.led","name":"pwm","lighting_config":{"enable_gradient":true,"enable_memory":false,"enable_lowpower":false,"sync_change_brightness":true,"disable_auto_on":true,"beads_comb":3,"fades_ms":800},"pwm_config":{"pwm_hz":4000,"temperature_mode":1,"gpio_red":-1,"gpio_green":-1,"gpio_blue":-1,"gpio_cold_or_cct":5,"gpio_warm_or_brightness":4},"hardware_config":{"white_min":10,"white_max":100,"white_power_max":100,"rgb_min":10,"rgb_max":100,"rgb_power_max":300},"gamma_config":{"enable_gamma_adjust":true,"gamma_red":100,"gamma_green":100,"gamma_blue":100,"gamma_cold":100,"gamma_warm":100,"curve_coe":1}}],"product_common":[{"type":"ezc.product_common.indicator","subtype":0,"driver":{"output":1000},"events":[{"name":"setup_mode_start","mode":"breathe","speed":2000,"color_select":2,"cct":50,"min_brightness":20,"max_brightness":100,"total_ms":0,"interrupt_forbidden":true},{"name":"setup_started","mode":"breathe","speed":1000,"color_select":2,"cct":50,"min_brightness":20,"max_brightness":100,"total_ms":0},{"name":"setup_successful","mode":"restore"},{"name":"setup_failed","mode":"solid","color_select":2,"cct":10,"max_brightness":100},{"name":"identification_start","mode":"blink","speed":1000,"color_select":2,"cct":50,"min_brightness":20,"max_brightness":100,"total_ms":0},{"name":"identification_stop","mode":"restore"},{"name":"identification_blink","mode":"blink","speed":1000,"color_select":2,"cct":50,"min_brightness":20,"max_brightness":100,"total_ms":1000},{"name":"identification_breathe","mode":"breathe","speed":1000,"color_select":2,"cct":50,"min_brightness":20,"max_brightness":100,"total_ms":15000},{"name":"identification_okay","mode":"blink","speed":2000,"color_select":2,"cct":50,"min_brightness":20,"max_brightness":100,"total_ms":1000},{"name":"identification_channel_change","mode":"blink","speed":16000,"color_select":2,"cct":50,"min_brightness":20,"max_brightness":100,"total_ms":8000},{"name":"identification_finish_effect","mode":"restore"},{"name":"identification_stop_effect","mode":"restore"}]},{"type":"ezc.product_common.factory_reset","subtype":1,"count":3,"auto_trigger":true}],"product":[{"type":"ezc.product.light","subtype":3,"driver":{"output":1000},"data_model":{"power_default":1,"power_bootup":-1,"level_default":50,"level_bootup":-1,"color_mode_default":1,"color_mode_bootup":-1,"temperature_default":4000,"temperature_bootup":-1,"temperature_minimum_default":2200,"temperature_maximum_default":7000}}],"test_mode":[{"type":"ezc.test_mode.common","subtype":1},{"type":"ezc.test_mode.ble","subtype":1},{"type":"ezc.test_mode.light","subtype":1},{"type":"ezc.test_mode.light","subtype":2},{"type":"ezc.test_mode.light","subtype":3}]}
2026-08-20 15:32:43.323 | After freeing product config: Current Free Memory: 103576, Minimum Ever Free Size: 94252, Largest Free Block: 83968
2026-08-20 15:32:44.134 | matter_one_core: Current Free Memory: 30776, Minimum Ever Free Size: 29256, Largest Free Block: 21504
2026-08-20 15:32:44.134 | chan:1,max_power:80
2026-08-20 15:32:44.134 | chan:2,max_power:80
2026-08-20 15:32:44.134 | chan:3,max_power:80
2026-08-20 15:32:44.134 | chan:4,max_power:80
2026-08-20 15:32:44.134 | chan:5,max_power:80
2026-08-20 15:32:44.134 | chan:6,max_power:80
2026-08-20 15:32:44.134 | chan:7,max_power:80
2026-08-20 15:32:44.134 | chan:8,max_power:80
2026-08-20 15:32:44.134 | chan:9,max_power:80
2026-08-20 15:32:44.134 | chan:10,max_power:80
2026-08-20 15:32:44.134 | chan:11,max_power:80
2026-08-20 15:32:44.134 | chan:12,max_power:80
2026-08-20 15:32:44.134 | chan:13,max_power:80
2026-08-20 15:32:44.339 | chan:14,max_power:80
2026-08-20 15:32:44.951 | matter_one_core: Current Free Memory: 28972, Minimum Ever Free Size: 28900, Largest Free Block: 19968
2026-08-20 15:32:44.951 | matter_one_core: Current Free Memory: 29148, Minimum Ever Free Size: 28900, Largest Free Block: 19968
2026-08-20 15:32:44.951 | matter_one_core: Current Free Memory: 33708, Minimum Ever Free Size: 28900, Largest Free Block: 19968
2026-08-20 15:32:44.952 | After CORE TYPE START: Current Free Memory: 50480, Minimum Ever Free Size: 28900, Largest Free Block: 19968
2026-08-20 15:32:44.952 | zero_code_product: Current Free Memory: 50480, Minimum Ever Free Size: 28900, Largest Free Block: 19968
2026-08-20 15:32:47.398 | ESP-ROM:esp32c2-eco4-20240515
2026-08-20 15:32:47.399 | Build:May 15 2024
2026-08-20 15:32:47.399 | rst:0x1 (POWERON),boot:0xc (SPI_FAST_FLASH_BOOT)
2026-08-20 15:32:47.399 | SPIWP:0xee
2026-08-20 15:32:47.399 | mode:DIO, clock div:1
2026-08-20 15:32:47.399 | load:0x3fcd5d00,len:0x1428
2026-08-20 15:32:47.399 | load:0x403acb70,len:0x8ec
2026-08-20 15:32:47.399 | load:0x403aeb70,len:0x31d8
2026-08-20 15:32:47.399 | entry 0x403acb70
2026-08-20 15:32:47.804 | zero_code_product: enter main: 376 ms
2026-08-20 15:32:47.804 | zero_code_product: Current Free Memory: 129680, Minimum Ever Free Size: 129680, Largest Free Block: 120832
2026-08-20 15:32:47.804 | zero_code_utils: Reboot count: 4, reset reason: 1
2026-08-20 15:32:47.979 | light_matter: restore done: 527 ms
2026-08-20 15:32:47.979 | zero_code_core: Current Free Memory: 94380, Minimum Ever Free Size: 94380, Largest Free Block: 83968
2026-08-20 15:32:47.979 | zero_code_utils: Chip: esp32c2
2026-08-20 15:32:47.979 | zero_code_utils: Software Version: 1.4.0
2026-08-20 15:32:47.979 | zero_code_utils: Software Version Number: 10040000
2026-08-20 15:32:47.979 | zero_code_utils: Software Version Suffix: 875
2026-08-20 15:32:47.979 | zero_code_utils: Firmware Type: Evaluation
2026-08-20 15:32:47.979 | zero_code_utils: MAC: 58:2a:bd:38:1f:f4
2026-08-20 15:32:47.979 | zero_code_utils: RainMaker Node ID: b1ed4290-1dc3-4ca8-93fa-c6b15346486f
2026-08-20 15:32:47.979 | zero_code_utils: Matter Serial Number: b1ed42901dc34ca893fac6b15346486f
2026-08-20 15:32:47.980 | zero_code_utils: Firmware partition offset: 0x10000
2026-08-20 15:32:48.458 | zero_code_utils: Product Config: {"config_version":3,"pre_driver":[{"type":"ezc.pre_driver.power_management","enable_light_sleep":true,"max_freq_mhz":160,"min_freq_mhz":10}],"driver":[{"id":1000,"type":"ezc.driver.led","name":"pwm","lighting_config":{"enable_gradient":true,"enable_memory":false,"enable_lowpower":false,"sync_change_brightness":true,"disable_auto_on":true,"beads_comb":3,"fades_ms":800},"pwm_config":{"pwm_hz":4000,"temperature_mode":1,"gpio_red":-1,"gpio_green":-1,"gpio_blue":-1,"gpio_cold_or_cct":5,"gpio_warm_or_brightness":4},"hardware_config":{"white_min":10,"white_max":100,"white_power_max":100,"rgb_min":10,"rgb_max":100,"rgb_power_max":300},"gamma_config":{"enable_gamma_adjust":true,"gamma_red":100,"gamma_green":100,"gamma_blue":100,"gamma_cold":100,"gamma_warm":100,"curve_coe":1}}],"product_common":[{"type":"ezc.product_common.indicator","subtype":0,"driver":{"output":1000},"events":[{"name":"setup_mode_start","mode":"breathe","speed":2000,"color_select":2,"cct":50,"min_brightness":20,"max_brightness":100,"total_ms":0,"interrupt_forbidden":true},{"name":"setup_started","mode":"breathe","speed":1000,"color_select":2,"cct":50,"min_brightness":20,"max_brightness":100,"total_ms":0},{"name":"setup_successful","mode":"restore"},{"name":"setup_failed","mode":"solid","color_select":2,"cct":10,"max_brightness":100},{"name":"identification_start","mode":"blink","speed":1000,"color_select":2,"cct":50,"min_brightness":20,"max_brightness":100,"total_ms":0},{"name":"identification_stop","mode":"restore"},{"name":"identification_blink","mode":"blink","speed":1000,"color_select":2,"cct":50,"min_brightness":20,"max_brightness":100,"total_ms":1000},{"name":"identification_breathe","mode":"breathe","speed":1000,"color_select":2,"cct":50,"min_brightness":20,"max_brightness":100,"total_ms":15000},{"name":"identification_okay","mode":"blink","speed":2000,"color_select":2,"cct":50,"min_brightness":20,"max_brightness":100,"total_ms":1000},{"name":"identification_channel_change","mode":"blink","speed":16000,"color_select":2,"cct":50,"min_brightness":20,"max_brightness":100,"total_ms":8000},{"name":"identification_finish_effect","mode":"restore"},{"name":"identification_stop_effect","mode":"restore"}]},{"type":"ezc.product_common.factory_reset","subtype":1,"count":3,"auto_trigger":true}],"product":[{"type":"ezc.product.light","subtype":3,"driver":{"output":1000},"data_model":{"power_default":1,"power_bootup":-1,"level_default":50,"level_bootup":-1,"color_mode_default":1,"color_mode_bootup":-1,"temperature_default":4000,"temperature_bootup":-1,"temperature_minimum_default":2200,"temperature_maximum_default":7000}}],"test_mode":[{"type":"ezc.test_mode.common","subtype":1},{"type":"ezc.test_mode.ble","subtype":1},{"type":"ezc.test_mode.light","subtype":1},{"type":"ezc.test_mode.light","subtype":2},{"type":"ezc.test_mode.light","subtype":3}]}
2026-08-20 15:32:48.458 | After freeing product config: Current Free Memory: 103620, Minimum Ever Free Size: 94296, Largest Free Block: 83968
2026-08-20 15:32:49.271 | matter_one_core: Current Free Memory: 30516, Minimum Ever Free Size: 28980, Largest Free Block: 21504
2026-08-20 15:32:49.272 | chan:1,max_power:80
2026-08-20 15:32:49.272 | chan:2,max_power:80
2026-08-20 15:32:49.272 | chan:3,max_power:80
2026-08-20 15:32:49.273 | chan:4,max_power:80
2026-08-20 15:32:49.273 | chan:5,max_power:80
2026-08-20 15:32:49.273 | chan:6,max_power:80
2026-08-20 15:32:49.273 | chan:7,max_power:80
2026-08-20 15:32:49.273 | chan:8,max_power:80
2026-08-20 15:32:49.273 | chan:9,max_power:80
2026-08-20 15:32:49.273 | chan:10,max_power:80
2026-08-20 15:32:49.273 | chan:11,max_power:80
2026-08-20 15:32:49.273 | chan:12,max_power:80
2026-08-20 15:32:49.273 | chan:13,max_power:80
2026-08-20 15:32:49.273 | chan:14,max_power:80
2026-08-20 15:32:50.091 | matter_one_core: Current Free Memory: 28856, Minimum Ever Free Size: 28780, Largest Free Block: 19456
2026-08-20 15:32:50.091 | matter_one_core: Current Free Memory: 29020, Minimum Ever Free Size: 28780, Largest Free Block: 19968
2026-08-20 15:32:50.092 | matter_one_core: Current Free Memory: 33580, Minimum Ever Free Size: 28780, Largest Free Block: 19968
2026-08-20 15:32:50.092 | After CORE TYPE START: Current Free Memory: 50352, Minimum Ever Free Size: 28780, Largest Free Block: 19968
2026-08-20 15:32:50.092 | zero_code_product: Current Free Memory: 50352, Minimum Ever Free Size: 28780, Largest Free Block: 19968
2026-08-20 15:32:50.293 | chan:1,max_power:80
2026-08-20 15:32:50.293 | chan:2,max_power:80
2026-08-20 15:32:50.293 | chan:3,max_power:80
2026-08-20 15:32:50.293 | chan:4,max_power:80
2026-08-20 15:32:50.293 | chan:5,max_power:80
2026-08-20 15:32:50.293 | chan:6,max_power:80
2026-08-20 15:32:50.293 | chan:7,max_power:80
2026-08-20 15:32:50.293 | chan:8,max_power:80
2026-08-20 15:32:50.293 | chan:9,max_power:80
2026-08-20 15:32:50.293 | chan:10,max_power:80
2026-08-20 15:32:50.293 | chan:11,max_power:80
2026-08-20 15:32:50.293 | chan:12,max_power:80
2026-08-20 15:32:50.293 | chan:13,max_power:80
2026-08-20 15:32:50.293 | chan:14,max_power:80
2026-08-20 15:32:50.293 | matter_one_core: Current Free Memory: 59096, Minimum Ever Free Size: 28780, Largest Free Block: 21504
2026-08-20 15:32:50.294 | matter_one_core: Current Free Memory: 59096, Minimum Ever Free Size: 28780, Largest Free Block: 21504
2026-08-20 15:32:51.513 | matter_one_core: Current Free Memory: 58672, Minimum Ever Free Size: 28780, Largest Free Block: 21504
2026-08-20 15:32:51.513 | matter_one_core: Current Free Memory: 58636, Minimum Ever Free Size: 28780, Largest Free Block: 21504
2026-08-20 15:32:51.513 | matter_one_core: Current Free Memory: 51788, Minimum Ever Free Size: 28780, Largest Free Block: 21504
2026-08-20 15:32:51.514 | matter_one_core: Current Free Memory: 51788, Minimum Ever Free Size: 28780, Largest Free Block: 21504
2026-08-20 15:32:51.919 | matter_one_core: Current Free Memory: 66112, Minimum Ever Free Size: 38784, Largest Free Block: 21504
2026-08-20 15:32:52.941 | zero_code_utils: Resetting reboot count
2026-08-20 15:32:52.941 | zero_code_utils: Current Free Memory: 66048, Minimum Ever Free Size: 35344, Largest Free Block: 21504
2026-08-20 15:32:53.349 | matter_one_core: Current Free Memory: 61460, Minimum Ever Free Size: 34000, Largest Free Block: 21504
2026-08-20 15:32:53.349 | matter_one_core: Current Free Memory: 61460, Minimum Ever Free Size: 34000, Largest Free Block: 21504
2026-08-20 15:32:53.349 | matter_one_core: Current Free Memory: 61636, Minimum Ever Free Size: 32424, Largest Free Block: 21504
